Person,Item,Ratings
6,whole milk,7.0
6,butter,7.0
6,yogurt,7.0
6,rice,9.0
6,abrasive cleaner,7.0
8,other vegetables,9.0
8,UHT-milk,6.0
8,rolls/buns,7.0
8,bottled beer,5.0
8,liquor (appetizer),8.0
11,tropical fruit,9.0
11,other vegetables,9.0
11,white bread,6.0
11,bottled water,4.0
11,chocolate,7.0
12,citrus fruit,9.0
12,tropical fruit,9.0
12,whole milk,6.0
12,butter,5.0
12,curd,8.0
12,yogurt,7.0
12,flour,6.0
12,bottled water,7.0
12,dishes,8.0
24,tropical fruit,9.0
24,cream cheese ,7.0
24,processed cheese,5.0
24,detergent,5.0
24,newspapers,7.0
25,tropical fruit,9.0
25,root vegetables,9.0
25,other vegetables,9.0
25,frozen dessert,8.0
25,rolls/buns,5.0
25,flour,6.0
25,sweet spreads,7.0
25,salty snack,8.0
25,waffles,6.0
25,candy,6.0
25,bathroom cleaner,7.0
30,brown bread,6.0
30,soda,4.0
30,fruit/vegetable juice,8.0
30,canned beer,8.0
30,newspapers,7.0
30,shopping bags,8.0
32,hamburger meat,7.0
32,other vegetables,9.0
32,rolls/buns,6.0
32,spices,9.0
32,bottled water,4.0
32,hygiene articles,7.0
32,napkins,7.0
33,root vegetables,9.0
33,other vegetables,9.0
33,whole milk,8.0
33,beverages,4.0
33,sugar,6.0
34,pork,8.0
34,berries,9.0
34,other vegetables,9.0
34,whole milk,8.0
34,whipped/sour cream,6.0
34,artif. sweetener,4.0
34,soda,4.0
34,abrasive cleaner,7.0
41,sausage,8.0
41,rolls/buns,8.0
41,soda,4.0
41,canned beer,8.0
41,specialty bar,8.0
41,shopping bags,8.0
42,tropical fruit,9.0
42,root vegetables,9.0
42,whole milk,8.0
42,yogurt,8.0
42,domestic eggs,8.0
42,brown bread,6.0
42,pastry,6.0
42,sugar,6.0
42,cereals,8.0
42,coffee,8.0
42,soda,4.0
42,waffles,6.0
42,candy,8.0
45,butter milk,8.0
45,yogurt,8.0
45,cream cheese ,8.0
45,spread cheese,8.0
45,rolls/buns,8.0
45,bottled water,8.0
45,soda,4.0
45,newspapers,7.0
50,root vegetables,9.0
50,other vegetables,9.0
50,butter,8.0
50,curd,8.0
50,whipped/sour cream,8.0
50,UHT-milk,8.0
50,hard cheese,8.0
50,rolls/buns,8.0
50,bottled water,8.0
50,long life bakery product,4.0
54,turkey,5.0
54,tropical fruit,9.0
54,other vegetables,9.0
54,curd,8.0
54,domestic eggs,8.0
54,brown bread,6.0
54,semi-finished bread,8.0
54,margarine,8.0
54,baking powder,6.0
54,fruit/vegetable juice,8.0
55,whole milk,8.0
55,yogurt,8.0
55,processed cheese,8.0
55,pickled vegetables,8.0
55,soda,4.0
58,rolls/buns,8.0
58,oil,8.0
58,bottled water,8.0
58,chewing gum,8.0
58,chocolate marshmallow,8.0
58,hygiene articles,7.0
58,napkins,7.0
59,ham,7.0
59,beef,8.0
59,whipped/sour cream,8.0
59,ice cream,8.0
59,rolls/buns,8.0
59,cat food,8.0
61,other vegetables,9.0
61,whole milk,8.0
61,frozen vegetables,8.0
61,canned fish,8.0
61,salty snack,8.0
61,seasonal products,7.0
61,detergent,5.0
64,frankfurter,8.0
64,tropical fruit,9.0
64,rolls/buns,8.0
64,brown bread,6.0
64,sugar,6.0
70,tropical fruit,9.0
70,pip fruit,9.0
70,berries,9.0
70,whole milk,8.0
70,frozen potato products,8.0
70,rolls/buns,8.0
70,pickled vegetables,8.0
70,chocolate,8.0
72,whole milk,8.0
72,butter,8.0
72,margarine,8.0
72,specialty fat,8.0
72,specialty chocolate,7.0
72,candles,8.0
72,flower (seeds),8.0
73,frankfurter,8.0
73,citrus fruit,9.0
73,whole milk,8.0
73,domestic eggs,8.0
73,oil,8.0
73,sparkling wine,8.0
73,specialty chocolate,7.0
73,newspapers,7.0
77,citrus fruit,9.0
77,whole milk,8.0
77,curd,7.0
77,butter milk,8.0
77,pastry,6.0
78,flour,6.0
78,salt,8.0
78,bottled water,8.0
78,fruit/vegetable juice,8.0
78,bottled beer,8.0
82,root vegetables,9.0
82,whole milk,8.0
82,frozen vegetables,8.0
82,domestic eggs,8.0
82,rolls/buns,8.0
82,oil,8.0
82,margarine,8.0
82,canned vegetables,7.0
82,fruit/vegetable juice,8.0
82,bathroom cleaner,7.0
84,herbs,9.0
84,condensed milk,8.0
84,frozen vegetables,8.0
84,salt,8.0
84,oil,8.0
84,white wine,7.0
84,candles,8.0
86,sausage,8.0
86,root vegetables,9.0
86,onions,9.0
86,yogurt,8.0
86,rolls/buns,8.0
86,brandy,8.0
86,detergent,5.0
94,pork,8.0
94,hamburger meat,7.0
94,citrus fruit,9.0
94,berries,9.0
94,onions,9.0
94,whipped/sour cream,8.0
94,rice,9.0
94,coffee,8.0
94,chocolate,8.0
97,sausage,8.0
97,sliced cheese,6.0
97,rolls/buns,8.0
97,brown bread,6.0
97,fruit/vegetable juice,8.0
97,canned beer,8.0
97,red/blush wine,6.0
97,waffles,6.0
97,shopping bags,8.0
98,chicken,8.0
98,hamburger meat,6.0
98,citrus fruit,9.0
98,tropical fruit,9.0
98,root vegetables,9.0
98,other vegetables,9.0
98,butter,8.0
98,pasta,8.0
98,oil,8.0
98,detergent,5.0
102,sausage,8.0
102,pork,8.0
102,grapes,9.0
102,whole milk,8.0
102,rolls/buns,8.0
102,pastry,6.0
102,soda,4.0
102,specialty bar,7.0
102,bathroom cleaner,7.0
104,sausage,8.0
104,whole milk,8.0
104,yogurt,8.0
104,coffee,8.0
104,fruit/vegetable juice,8.0
104,bottled beer,8.0
104,softener,7.0
104,napkins,7.0
104,photo/film,7.0
104,shopping bags,8.0
107,beef,8.0
107,citrus fruit,9.0
107,berries,9.0
107,root vegetables,9.0
107,brown bread,6.0
107,detergent,5.0
108,whole milk,8.0
108,whipped/sour cream,8.0
108,rolls/buns,8.0
108,soda,4.0
108,waffles,6.0
108,candy,8.0
108,cling film/bags,8.0
111,frankfurter,8.0
111,sausage,8.0
111,root vegetables,9.0
111,other vegetables,9.0
111,rolls/buns,8.0
111,oil,8.0
111,pickled vegetables,8.0
111,bottled beer,8.0
111,chewing gum,8.0
111,dishes,8.0
113,whole milk,8.0
113,dessert,8.0
113,frozen vegetables,8.0
113,rolls/buns,8.0
113,margarine,8.0
113,bottled water,8.0
113,red/blush wine,7.0
113,newspapers,7.0
117,hamburger meat,7.0
117,whole milk,8.0
117,frozen vegetables,8.0
117,rolls/buns,8.0
117,bottled beer,8.0
117,sparkling wine,8.0
118,hamburger meat,7.0
118,other vegetables,9.0
118,whole milk,8.0
118,frozen vegetables,8.0
118,domestic eggs,8.0
118,soda,4.0
118,dishes,8.0
120,fish,8.0
120,other vegetables,9.0
120,pastry,6.0
120,margarine,8.0
120,coffee,8.0
120,long life bakery product,4.0
120,male cosmetics,7.0
120,shopping bags,8.0
126,frankfurter,8.0
126,sausage,8.0
126,citrus fruit,9.0
126,tropical fruit,9.0
126,pip fruit,9.0
126,whole milk,8.0
126,hard cheese,8.0
126,cream cheese ,7.0
126,domestic eggs,8.0
126,rice,9.0
126,sugar,6.0
126,misc. beverages,8.0
126,fruit/vegetable juice,8.0
126,hygiene articles,7.0
132,whole milk,8.0
132,yogurt,8.0
132,beverages,8.0
132,brown bread,6.0
132,shopping bags,8.0
141,frankfurter,8.0
141,sausage,8.0
141,whole milk,8.0
141,rolls/buns,8.0
141,margarine,8.0
145,citrus fruit,9.0
145,butter,8.0
145,cream cheese ,7.0
145,white bread,8.0
145,oil,8.0
145,margarine,8.0
145,newspapers,7.0
147,frankfurter,8.0
147,ham,7.0
147,pip fruit,9.0
147,other vegetables,9.0
147,whole milk,8.0
147,soft cheese,8.0
147,frozen vegetables,8.0
147,rolls/buns,8.0
147,sugar,6.0
147,baking powder,6.0
148,butter milk,8.0
148,yogurt,8.0
148,honey,9.0
148,soda,4.0
148,detergent,5.0
149,hamburger meat,7.0
149,citrus fruit,9.0
149,onions,9.0
149,rolls/buns,8.0
149,bottled water,8.0
149,dental care,8.0
151,other vegetables,9.0
151,whole milk,8.0
151,meat spreads,8.0
151,cake bar,8.0
151,chocolate,8.0
151,shopping bags,8.0
152,sausage,8.0
152,pork,8.0
152,citrus fruit,9.0
152,dessert,8.0
152,white bread,8.0
152,dishes,8.0
152,candles,8.0
154,grapes,7.0
154,other vegetables,9.0
154,curd,7.0
154,dessert,8.0
154,yogurt,8.0
154,napkins,7.0
155,root vegetables,9.0
155,other vegetables,9.0
155,whole milk,8.0
155,yogurt,8.0
155,beverages,8.0
155,soft cheese,8.0
155,frozen vegetables,8.0
155,fruit/vegetable juice,8.0
155,bottled beer,8.0
158,whole milk,8.0
158,rolls/buns,8.0
158,sugar,6.0
158,bottled water,8.0
158,soda,4.0
159,tropical fruit,9.0
159,other vegetables,9.0
159,packaged fruit/vegetables,9.0
159,whole milk,8.0
159,snack products,8.0
160,beef,8.0
160,herbs,9.0
160,flour,6.0
160,cling film/bags,8.0
160,flower soil/fertilizer,8.0
171,ham,7.0
171,tropical fruit,9.0
171,other vegetables,9.0
171,whole milk,8.0
171,white bread,8.0
171,brown bread,6.0
171,fruit/vegetable juice,8.0
171,bottled beer,8.0
173,curd,7.0
173,butter milk,8.0
173,cocoa drinks,8.0
173,salty snack,8.0
173,popcorn,8.0
175,curd,7.0
175,dessert,6.0
175,soda,4.0
175,salty snack,8.0
175,waffles,6.0
175,cake bar,6.0
175,chocolate,8.0
175,shopping bags,8.0
180,other vegetables,9.0
180,bottled water,8.0
180,waffles,6.0
180,dishes,8.0
180,shopping bags,8.0
186,frankfurter,8.0
186,ham,7.0
186,tropical fruit,9.0
186,pip fruit,9.0
186,root vegetables,9.0
186,other vegetables,9.0
186,whole milk,8.0
186,butter,8.0
186,curd,7.0
186,yogurt,8.0
186,whipped/sour cream,8.0
186,soft cheese,8.0
186,sliced cheese,7.0
186,cream cheese ,7.0
186,frozen meals,8.0
186,frozen fish,8.0
186,domestic eggs,8.0
186,white bread,8.0
186,sugar,6.0
186,cereals,8.0
186,fruit/vegetable juice,8.0
186,bottled beer,8.0
186,waffles,6.0
188,curd,7.0
188,cream cheese ,7.0
188,semi-finished bread,7.0
188,zwieback,8.0
188,cake bar,6.0
188,specialty bar,7.0
188,shopping bags,8.0
189,frankfurter,8.0
189,tropical fruit,9.0
189,whole milk,8.0
189,spread cheese,8.0
189,margarine,8.0
189,shopping bags,8.0
193,curd,7.0
193,salt,8.0
193,liquor (appetizer),8.0
193,detergent,5.0
193,shopping bags,8.0
196,beef,8.0
196,berries,9.0
196,root vegetables,9.0
196,whole milk,8.0
196,dessert,6.0
196,spread cheese,8.0
196,brown bread,6.0
198,pork,8.0
198,beef,8.0
198,pip fruit,9.0
198,herbs,9.0
198,spices,9.0
199,frankfurter,8.0
199,citrus fruit,9.0
199,UHT-milk,8.0
199,margarine,8.0
199,sugar,6.0
207,pork,8.0
207,root vegetables,9.0
207,other vegetables,9.0
207,whole milk,8.0
207,dishes,8.0
211,butter,8.0
211,yogurt,8.0
211,bottled water,8.0
211,soda,4.0
211,make up remover,7.0
211,hygiene articles,7.0
213,sausage,8.0
213,other vegetables,9.0
213,yogurt,8.0
213,soda,4.0
213,shopping bags,8.0
215,sausage,8.0
215,pork,8.0
215,beef,8.0
215,whole milk,8.0
215,rolls/buns,8.0
215,margarine,8.0
223,sausage,8.0
223,beef,8.0
223,citrus fruit,9.0
223,other vegetables,9.0
223,whole milk,8.0
223,butter milk,8.0
223,whipped/sour cream,8.0
223,beverages,8.0
223,hard cheese,8.0
223,rolls/buns,8.0
223,dish cleaner,8.0
223,cookware,8.0
226,sausage,8.0
226,sliced cheese,7.0
226,rolls/buns,8.0
226,soda,4.0
226,canned beer,8.0
226,shopping bags,8.0
228,frankfurter,8.0
228,meat,8.0
228,tropical fruit,9.0
228,onions,9.0
228,oil,8.0
228,baking powder,6.0
228,tea,8.0
228,cling film/bags,8.0
231,tropical fruit,9.0
231,berries,9.0
231,root vegetables,9.0
231,other vegetables,9.0
231,bottled water,8.0
231,shopping bags,8.0
232,meat,8.0
232,citrus fruit,9.0
232,other vegetables,9.0
232,curd,7.0
232,dessert,6.0
232,butter milk,8.0
232,beverages,8.0
232,cream cheese ,7.0
232,rolls/buns,8.0
232,brown bread,6.0
232,tea,8.0
232,bottled water,8.0
234,sausage,8.0
234,beef,8.0
234,beverages,8.0
234,sliced cheese,7.0
234,rolls/buns,8.0
234,spices,9.0
234,house keeping products,8.0
234,flower (seeds),8.0
235,frankfurter,8.0
235,sausage,8.0
235,root vegetables,9.0
235,butter,8.0
235,curd,7.0
235,sliced cheese,7.0
235,rolls/buns,8.0
235,salty snack,8.0
235,long life bakery product,4.0
237,root vegetables,9.0
237,beverages,8.0
237,Instant food products,8.0
237,pickled vegetables,8.0
237,detergent,5.0
238,root vegetables,9.0
238,herbs,9.0
238,other vegetables,9.0
238,whole milk,8.0
238,sliced cheese,7.0
238,rolls/buns,8.0
240,citrus fruit,9.0
240,whole milk,8.0
240,curd,7.0
240,dessert,6.0
240,yogurt,8.0
240,whipped/sour cream,8.0
240,frozen dessert,8.0
240,rolls/buns,8.0
240,salt,8.0
240,sugar,6.0
240,cereals,8.0
240,canned vegetables,7.0
240,canned fish,8.0
240,skin care,7.0
240,hygiene articles,7.0
240,napkins,7.0
241,citrus fruit,9.0
241,curd,7.0
241,pastry,6.0
241,margarine,8.0
241,sugar,6.0
241,candy,8.0
241,newspapers,7.0
242,other vegetables,9.0
242,whole milk,8.0
242,bottled water,8.0
242,soda,4.0
242,misc. beverages,8.0
242,bottled beer,8.0
242,red/blush wine,7.0
242,napkins,7.0
245,frankfurter,8.0
245,beef,8.0
245,hamburger meat,7.0
245,grapes,7.0
245,root vegetables,9.0
245,whole milk,8.0
245,butter,8.0
245,frozen dessert,8.0
245,potato products,9.0
245,bottled water,8.0
245,bottled beer,8.0
248,turkey,5.0
248,beef,8.0
248,frozen vegetables,8.0
248,dishes,8.0
248,photo/film,7.0
249,pork,8.0
249,other vegetables,9.0
249,whipped/sour cream,8.0
249,rolls/buns,8.0
249,soda,4.0
249,shopping bags,8.0
252,sausage,8.0
252,pip fruit,9.0
252,whole milk,8.0
252,curd,7.0
252,yogurt,8.0
252,sliced cheese,7.0
252,rolls/buns,8.0
252,bottled water,8.0
252,hygiene articles,7.0
259,sausage,8.0
259,citrus fruit,9.0
259,tropical fruit,9.0
259,other vegetables,9.0
259,whole milk,8.0
259,yogurt,8.0
259,rolls/buns,8.0
259,bottled water,8.0
259,soda,4.0
259,chocolate,8.0
259,newspapers,7.0
261,pork,8.0
261,berries,9.0
261,root vegetables,9.0
261,other vegetables,9.0
261,pastry,6.0
261,specialty bar,7.0
267,frankfurter,8.0
267,sausage,8.0
267,butter,8.0
267,whipped/sour cream,8.0
267,rolls/buns,8.0
267,margarine,8.0
267,spices,9.0
268,tropical fruit,9.0
268,pip fruit,9.0
268,onions,9.0
268,other vegetables,9.0
268,whole milk,8.0
268,domestic eggs,8.0
268,sugar,6.0
268,soups,4.0
268,tea,8.0
268,soda,4.0
268,hygiene articles,7.0
268,napkins,7.0
271,meat,8.0
271,citrus fruit,9.0
271,berries,9.0
271,root vegetables,9.0
271,whole milk,8.0
271,soda,4.0
272,frankfurter,8.0
272,rolls/buns,8.0
272,bottled water,8.0
272,fruit/vegetable juice,8.0
272,hygiene articles,7.0
274,tropical fruit,9.0
274,root vegetables,9.0
274,herbs,9.0
274,whole milk,8.0
274,butter milk,8.0
274,whipped/sour cream,8.0
274,flour,6.0
274,hygiene articles,7.0
275,citrus fruit,9.0
275,pip fruit,9.0
275,root vegetables,9.0
275,other vegetables,9.0
275,whole milk,8.0
275,cream cheese ,7.0
275,domestic eggs,8.0
275,brown bread,6.0
275,margarine,8.0
275,baking powder,6.0
275,waffles,6.0
276,hamburger meat,7.0
276,other vegetables,9.0
276,whole milk,8.0
276,curd,7.0
276,yogurt,8.0
276,rolls/buns,8.0
276,pastry,6.0
276,semi-finished bread,7.0
276,margarine,8.0
276,bottled water,8.0
276,fruit/vegetable juice,8.0
277,chicken,8.0
277,pip fruit,9.0
277,other vegetables,9.0
277,whole milk,8.0
277,dessert,6.0
277,yogurt,8.0
277,whipped/sour cream,8.0
277,rolls/buns,8.0
277,pasta,8.0
277,soda,4.0
277,waffles,6.0
278,chicken,8.0
278,citrus fruit,9.0
278,tropical fruit,9.0
278,root vegetables,9.0
278,whole milk,8.0
278,frozen fish,8.0
278,rolls/buns,8.0
279,frankfurter,8.0
279,citrus fruit,9.0
279,onions,9.0
279,other vegetables,9.0
279,whole milk,8.0
279,rolls/buns,8.0
279,sugar,6.0
279,soda,4.0
282,packaged fruit/vegetables,9.0
282,whole milk,8.0
282,curd,7.0
282,yogurt,8.0
282,domestic eggs,8.0
282,brown bread,6.0
282,mustard,8.0
282,pickled vegetables,8.0
282,bottled water,8.0
282,misc. beverages,8.0
285,sausage,8.0
285,whole milk,8.0
285,yogurt,8.0
285,rolls/buns,8.0
285,brown bread,6.0
285,pot plants,8.0
286,whole milk,8.0
286,frozen meals,8.0
286,pastry,6.0
286,fruit/vegetable juice,8.0
286,waffles,6.0
290,citrus fruit,9.0
290,other vegetables,9.0
290,rolls/buns,8.0
290,salty snack,8.0
290,shopping bags,8.0
292,chicken,8.0
292,other vegetables,9.0
292,whole milk,8.0
292,vinegar,8.0
292,oil,8.0
292,bottled water,8.0
292,canned beer,8.0
292,napkins,7.0
292,newspapers,7.0
293,hamburger meat,7.0
293,root vegetables,9.0
293,other vegetables,9.0
293,whole milk,8.0
293,yogurt,8.0
293,whipped/sour cream,8.0
293,specialty cheese,7.0
293,flour,6.0
293,margarine,8.0
294,sausage,8.0
294,pork,8.0
294,other vegetables,9.0
294,dessert,6.0
294,yogurt,8.0
294,oil,8.0
294,soda,4.0
295,beef,8.0
295,berries,9.0
295,root vegetables,9.0
295,whole milk,8.0
295,whipped/sour cream,8.0
295,abrasive cleaner,7.0
302,frankfurter,8.0
302,beef,8.0
302,root vegetables,9.0
302,curd,7.0
302,dessert,6.0
302,yogurt,8.0
302,soft cheese,8.0
302,rolls/buns,8.0
302,mustard,8.0
302,pickled vegetables,8.0
302,canned beer,8.0
302,hygiene articles,7.0
302,napkins,7.0
305,onions,9.0
305,soda,4.0
305,chewing gum,8.0
305,chocolate,8.0
305,newspapers,7.0
306,tropical fruit,9.0
306,packaged fruit/vegetables,9.0
306,cream cheese ,7.0
306,white bread,8.0
306,candy,8.0
308,beef,8.0
308,white bread,8.0
308,pastry,6.0
308,pasta,8.0
308,soap,5.0
309,sausage,8.0
309,chicken,8.0
309,tropical fruit,9.0
309,root vegetables,9.0
309,whole milk,8.0
309,yogurt,8.0
309,candy,8.0
309,abrasive cleaner,7.0
309,cleaner,5.0
311,chicken,8.0
311,whole milk,8.0
311,spices,9.0
311,long life bakery product,4.0
311,shopping bags,8.0
312,pork,8.0
312,citrus fruit,9.0
312,brown bread,6.0
312,pastry,6.0
312,sugar,6.0
312,cat food,8.0
319,sausage,8.0
319,citrus fruit,9.0
319,yogurt,8.0
319,coffee,8.0
319,soda,4.0
319,canned beer,8.0
319,dishes,8.0
325,frankfurter,8.0
325,other vegetables,9.0
325,yogurt,8.0
325,brown bread,6.0
325,bottled water,8.0
326,berries,9.0
326,root vegetables,9.0
326,other vegetables,9.0
326,curd,7.0
326,butter milk,8.0
326,cream cheese ,7.0
326,roll products ,8.0
326,margarine,8.0
326,misc. beverages,8.0
326,specialty chocolate,7.0
326,detergent,5.0
328,tropical fruit,9.0
328,yogurt,8.0
328,rolls/buns,8.0
328,soda,4.0
328,shopping bags,8.0
329,ham,7.0
329,other vegetables,9.0
329,whipped/sour cream,8.0
329,hard cheese,8.0
329,rolls/buns,8.0
329,soda,4.0
329,misc. beverages,8.0
329,chocolate,8.0
329,candy,8.0
331,yogurt,8.0
331,mayonnaise,8.0
331,rolls/buns,8.0
331,soda,4.0
331,napkins,7.0
337,citrus fruit,9.0
337,pip fruit,9.0
337,beverages,8.0
337,hard cheese,8.0
337,pet care,8.0
337,soda,4.0
337,fruit/vegetable juice,8.0
337,waffles,6.0
340,frankfurter,8.0
340,other vegetables,9.0
340,whole milk,8.0
340,curd,7.0
340,frozen potato products,8.0
340,zwieback,8.0
340,specialty bar,7.0
340,dish cleaner,8.0
345,curd,7.0
345,beverages,8.0
345,cream cheese ,7.0
345,rolls/buns,8.0
345,pastry,6.0
345,soda,4.0
345,cake bar,6.0
345,chewing gum,8.0
349,root vegetables,9.0
349,whole milk,8.0
349,butter,8.0
349,processed cheese,7.0
349,mayonnaise,8.0
349,salty snack,8.0
352,berries,9.0
352,whipped/sour cream,8.0
352,cereals,8.0
352,waffles,6.0
352,shopping bags,8.0
355,root vegetables,9.0
355,domestic eggs,8.0
355,margarine,8.0
355,chocolate marshmallow,8.0
355,candy,8.0
364,frankfurter,8.0
364,sausage,8.0
364,pork,8.0
364,pip fruit,9.0
364,butter,8.0
364,processed cheese,7.0
364,white bread,8.0
364,brown bread,6.0
365,tropical fruit,9.0
365,root vegetables,9.0
365,whole milk,8.0
365,whipped/sour cream,8.0
365,domestic eggs,8.0
366,frankfurter,8.0
366,sausage,8.0
366,root vegetables,9.0
366,yogurt,8.0
366,whipped/sour cream,8.0
366,pastry,6.0
366,napkins,7.0
367,berries,9.0
367,root vegetables,9.0
367,other vegetables,9.0
367,packaged fruit/vegetables,9.0
367,whole milk,8.0
367,curd,7.0
367,curd cheese,5.0
367,cat food,8.0
367,specialty bar,7.0
367,detergent,5.0
368,rolls/buns,8.0
368,brown bread,6.0
368,pastry,6.0
368,coffee,8.0
368,bottled beer,8.0
369,root vegetables,9.0
369,packaged fruit/vegetables,9.0
369,curd,7.0
369,dessert,6.0
369,frozen vegetables,8.0
369,specialty fat,8.0
369,coffee,8.0
376,ham,7.0
376,citrus fruit,9.0
376,whole milk,8.0
376,whipped/sour cream,8.0
376,rolls/buns,8.0
376,pastry,6.0
376,waffles,6.0
376,hygiene articles,7.0
384,onions,9.0
384,butter,8.0
384,whipped/sour cream,8.0
384,hard cheese,8.0
384,frozen vegetables,8.0
384,pasta,8.0
384,specialty fat,8.0
384,syrup,6.0
384,candy,8.0
384,napkins,7.0
384,cling film/bags,8.0
385,hamburger meat,7.0
385,hard cheese,8.0
385,frozen meals,8.0
385,pasta,8.0
385,dog food,8.0
385,salty snack,8.0
385,shopping bags,8.0
386,sausage,8.0
386,liver loaf,8.0
386,other vegetables,9.0
386,cream cheese ,7.0
386,pastry,6.0
386,soap,5.0
386,shopping bags,8.0
393,yogurt,8.0
393,rolls/buns,8.0
393,pastry,6.0
393,bottled water,8.0
393,soda,4.0
393,shopping bags,8.0
403,whole milk,8.0
403,butter milk,8.0
403,yogurt,8.0
403,sliced cheese,7.0
403,rolls/buns,8.0
403,sweet spreads,8.0
403,coffee,8.0
403,fruit/vegetable juice,8.0
403,long life bakery product,4.0
403,shopping bags,8.0
412,other vegetables,9.0
412,whole milk,8.0
412,rolls/buns,8.0
412,margarine,8.0
412,bottled water,8.0
412,bottled beer,8.0
413,citrus fruit,9.0
413,tropical fruit,9.0
413,onions,9.0
413,other vegetables,9.0
413,shopping bags,8.0
414,sausage,8.0
414,ham,7.0
414,hamburger meat,7.0
414,whole milk,8.0
414,soda,4.0
414,softener,7.0
414,newspapers,7.0
416,pork,8.0
416,citrus fruit,9.0
416,tropical fruit,9.0
416,root vegetables,9.0
416,other vegetables,9.0
416,curd,7.0
416,hygiene articles,7.0
417,specialty cheese,7.0
417,frozen vegetables,8.0
417,coffee,8.0
417,soda,4.0
417,fruit/vegetable juice,8.0
417,salty snack,8.0
418,pork,8.0
418,citrus fruit,9.0
418,pip fruit,9.0
418,yogurt,8.0
418,fruit/vegetable juice,8.0
418,sparkling wine,8.0
419,beef,8.0
419,berries,9.0
419,whipped/sour cream,8.0
419,domestic eggs,8.0
419,rolls/buns,8.0
421,chicken,8.0
421,yogurt,8.0
421,sliced cheese,7.0
421,rolls/buns,8.0
421,chewing gum,8.0
421,dishes,8.0
429,citrus fruit,9.0
429,tropical fruit,9.0
429,root vegetables,9.0
429,yogurt,8.0
429,canned vegetables,7.0
429,bottled water,8.0
429,soda,4.0
429,softener,7.0
439,onions,9.0
439,other vegetables,9.0
439,pastry,6.0
439,bottled water,8.0
439,soda,4.0
439,napkins,7.0
441,beef,8.0
441,other vegetables,9.0
441,whole milk,8.0
441,frozen potato products,8.0
441,rolls/buns,8.0
441,oil,8.0
441,margarine,8.0
441,coffee,8.0
441,dental care,8.0
441,hygiene articles,7.0
441,newspapers,7.0
442,rolls/buns,8.0
442,zwieback,8.0
442,bottled water,8.0
442,misc. beverages,8.0
442,bottled beer,8.0
442,canned beer,8.0
442,brandy,8.0
443,beef,8.0
443,tropical fruit,9.0
443,root vegetables,9.0
443,onions,9.0
443,other vegetables,9.0
443,instant coffee,8.0
443,soda,4.0
447,pork,8.0
447,beef,8.0
447,hamburger meat,7.0
447,other vegetables,9.0
447,whole milk,8.0
447,frozen vegetables,8.0
447,rolls/buns,8.0
447,margarine,8.0
447,shopping bags,8.0
448,soda,4.0
448,canned beer,8.0
448,liquor (appetizer),8.0
448,hygiene articles,7.0
448,napkins,7.0
448,newspapers,7.0
449,sausage,8.0
449,ham,7.0
449,other vegetables,9.0
449,ice cream,8.0
449,white bread,8.0
450,beef,8.0
450,root vegetables,9.0
450,other vegetables,9.0
450,rolls/buns,8.0
450,sugar,6.0
453,berries,9.0
453,packaged fruit/vegetables,9.0
453,whole milk,8.0
453,ice cream,8.0
453,fruit/vegetable juice,8.0
453,salty snack,8.0
453,specialty bar,7.0
454,sausage,8.0
454,other vegetables,9.0
454,curd,7.0
454,yogurt,8.0
454,whipped/sour cream,8.0
454,frozen vegetables,8.0
454,rolls/buns,8.0
454,roll products ,8.0
456,tropical fruit,9.0
456,other vegetables,9.0
456,packaged fruit/vegetables,9.0
456,whole milk,8.0
456,hard cheese,8.0
456,frozen dessert,8.0
456,rice,9.0
456,bottled water,8.0
465,frankfurter,8.0
465,rolls/buns,8.0
465,pastry,6.0
465,snack products,8.0
465,specialty bar,7.0
466,frankfurter,8.0
466,sausage,8.0
466,liver loaf,8.0
466,root vegetables,9.0
466,curd,7.0
466,frozen vegetables,8.0
466,rolls/buns,8.0
466,semi-finished bread,7.0
466,hygiene articles,7.0
466,photo/film,7.0
468,frankfurter,8.0
468,root vegetables,9.0
468,pickled vegetables,8.0
468,soda,4.0
468,seasonal products,7.0
473,pork,8.0
473,onions,9.0
473,whole milk,8.0
473,butter,8.0
473,rolls/buns,8.0
473,pastry,6.0
473,rum,8.0
473,hygiene articles,7.0
476,hamburger meat,7.0
476,whole milk,8.0
476,curd,7.0
476,pasta,8.0
476,canned beer,8.0
482,ham,7.0
482,pip fruit,9.0
482,whole milk,8.0
482,curd,7.0
482,dessert,6.0
482,butter milk,8.0
482,whipped/sour cream,8.0
482,sliced cheese,7.0
482,cream cheese ,7.0
482,white bread,8.0
482,coffee,8.0
482,long life bakery product,4.0
482,chocolate,8.0
482,baby cosmetics,8.0
484,sausage,8.0
484,turkey,5.0
484,beef,8.0
484,root vegetables,9.0
484,domestic eggs,8.0
484,rolls/buns,8.0
484,flour,6.0
484,rice,9.0
484,organic products,9.0
484,misc. beverages,8.0
484,napkins,7.0
487,meat,8.0
487,other vegetables,9.0
487,hard cheese,8.0
487,frozen meals,8.0
487,bottled water,8.0
487,soda,4.0
505,tropical fruit,9.0
505,pip fruit,9.0
505,rolls/buns,8.0
505,coffee,8.0
505,fruit/vegetable juice,8.0
505,candy,8.0
506,root vegetables,9.0
506,cream cheese ,7.0
506,spread cheese,8.0
506,frozen dessert,8.0
506,white bread,8.0
506,bottled water,8.0
506,soda,4.0
506,misc. beverages,8.0
506,fruit/vegetable juice,8.0
506,bottled beer,8.0
509,tropical fruit,9.0
509,other vegetables,9.0
509,yogurt,8.0
509,bottled water,8.0
509,male cosmetics,7.0
512,tropical fruit,9.0
512,root vegetables,9.0
512,coffee,8.0
512,bottled water,8.0
512,red/blush wine,7.0
512,candy,8.0
512,house keeping products,8.0
512,shopping bags,8.0
518,pork,8.0
518,beef,8.0
518,berries,9.0
518,packaged fruit/vegetables,9.0
518,whole milk,8.0
518,mayonnaise,8.0
518,frozen fish,8.0
518,frozen potato products,8.0
518,oil,8.0
518,mustard,8.0
518,cat food,8.0
518,coffee,8.0
518,soda,4.0
518,chocolate,8.0
518,dish cleaner,8.0
518,napkins,7.0
518,newspapers,7.0
523,citrus fruit,9.0
523,berries,9.0
523,other vegetables,9.0
523,butter milk,8.0
523,sugar,6.0
523,fruit/vegetable juice,8.0
523,hygiene articles,7.0
524,hamburger meat,7.0
524,root vegetables,9.0
524,other vegetables,9.0
524,whole milk,8.0
524,rolls/buns,8.0
528,whole milk,8.0
528,yogurt,8.0
528,frozen potato products,8.0
528,margarine,8.0
528,bottled water,8.0
528,fruit/vegetable juice,8.0
528,salty snack,8.0
534,tropical fruit,9.0
534,whole milk,8.0
534,beverages,8.0
534,white bread,8.0
534,pasta,8.0
534,shopping bags,8.0
538,tropical fruit,9.0
538,root vegetables,9.0
538,whole milk,8.0
538,frozen vegetables,8.0
538,honey,9.0
538,baking powder,6.0
538,coffee,8.0
538,red/blush wine,7.0
538,chocolate marshmallow,8.0
543,frankfurter,8.0
543,tropical fruit,9.0
543,pip fruit,9.0
543,curd,7.0
543,UHT-milk,8.0
543,hard cheese,8.0
543,domestic eggs,8.0
543,rolls/buns,8.0
543,hygiene articles,7.0
543,napkins,7.0
543,shopping bags,8.0
546,sausage,8.0
546,whole milk,8.0
546,yogurt,8.0
546,brown bread,6.0
546,cereals,8.0
546,bottled water,8.0
546,soda,4.0
548,pip fruit,9.0
548,whole milk,8.0
548,curd,7.0
548,pastry,6.0
548,bottled water,8.0
558,other vegetables,9.0
558,curd,7.0
558,frozen meals,8.0
558,frozen potato products,8.0
558,soda,4.0
558,bottled beer,8.0
558,kitchen towels,8.0
558,candles,8.0
560,curd,7.0
560,whipped/sour cream,8.0
560,rolls/buns,8.0
560,zwieback,8.0
560,spices,9.0
562,other vegetables,9.0
562,whole milk,8.0
562,yogurt,8.0
562,domestic eggs,8.0
562,bottled water,8.0
562,soda,4.0
564,beef,8.0
564,tropical fruit,9.0
564,herbs,9.0
564,whole milk,8.0
564,curd,7.0
564,yogurt,8.0
564,whipped/sour cream,8.0
564,sliced cheese,7.0
568,rolls/buns,8.0
568,coffee,8.0
568,long life bakery product,4.0
568,detergent,5.0
568,shopping bags,8.0
570,frozen vegetables,8.0
570,bottled beer,8.0
570,liquor (appetizer),8.0
570,chewing gum,8.0
570,napkins,7.0
570,newspapers,7.0
572,hamburger meat,7.0
572,root vegetables,9.0
572,other vegetables,9.0
572,domestic eggs,8.0
572,roll products ,8.0
572,oil,8.0
572,margarine,8.0
572,hygiene articles,7.0
573,root vegetables,9.0
573,other vegetables,9.0
573,whole milk,8.0
573,yogurt,8.0
573,fruit/vegetable juice,8.0
573,white wine,7.0
582,grapes,7.0
582,root vegetables,9.0
582,frozen vegetables,8.0
582,domestic eggs,8.0
582,white wine,7.0
583,root vegetables,9.0
583,packaged fruit/vegetables,9.0
583,butter,8.0
583,whipped/sour cream,8.0
583,rolls/buns,8.0
584,citrus fruit,9.0
584,frozen vegetables,8.0
584,rolls/buns,8.0
584,canned beer,8.0
584,salty snack,8.0
586,frankfurter,8.0
586,whole milk,8.0
586,rolls/buns,8.0
586,margarine,8.0
586,baking powder,6.0
586,bottled beer,8.0
588,pork,8.0
588,tropical fruit,9.0
588,whole milk,8.0
588,curd,7.0
588,yogurt,8.0
588,hard cheese,8.0
588,frozen meals,8.0
588,frozen dessert,8.0
588,domestic eggs,8.0
588,cereals,8.0
588,baking powder,6.0
588,fruit/vegetable juice,8.0
588,soap,5.0
596,citrus fruit,9.0
596,tropical fruit,9.0
596,berries,9.0
596,root vegetables,9.0
596,other vegetables,9.0
596,whole milk,8.0
596,butter,8.0
596,bottled water,8.0
596,rubbing alcohol,5.0
596,hygiene articles,7.0
596,napkins,7.0
597,whole milk,8.0
597,processed cheese,7.0
597,brown bread,6.0
597,pastry,6.0
597,soda,4.0
598,frankfurter,8.0
598,sausage,8.0
598,tropical fruit,9.0
598,root vegetables,9.0
598,whole milk,8.0
598,yogurt,8.0
598,rolls/buns,8.0
598,pastry,6.0
598,candy,8.0
605,pork,8.0
605,pip fruit,9.0
605,other vegetables,9.0
605,whole milk,8.0
605,curd,7.0
605,white bread,8.0
605,sugar,6.0
605,bottled water,8.0
605,soda,4.0
607,pip fruit,9.0
607,butter,8.0
607,frozen meals,8.0
607,pasta,8.0
607,bottled water,8.0
608,beef,8.0
608,hamburger meat,7.0
608,citrus fruit,9.0
608,whole milk,8.0
608,mustard,8.0
608,soap,5.0
609,sausage,8.0
609,meat,8.0
609,other vegetables,9.0
609,whole milk,8.0
609,yogurt,8.0
609,rolls/buns,8.0
609,soda,4.0
609,bottled beer,8.0
609,chocolate,8.0
609,newspapers,7.0
612,tropical fruit,9.0
612,curd,7.0
612,yogurt,8.0
612,rolls/buns,8.0
612,brown bread,6.0
612,bottled water,8.0
612,bottled beer,8.0
612,seasonal products,7.0
614,beef,8.0
614,citrus fruit,9.0
614,curd,7.0
614,rolls/buns,8.0
614,oil,8.0
614,margarine,8.0
614,specialty bar,7.0
614,detergent,5.0
614,newspapers,7.0
615,meat,8.0
615,pork,8.0
615,beef,8.0
615,citrus fruit,9.0
615,root vegetables,9.0
615,other vegetables,9.0
615,whole milk,8.0
615,pickled vegetables,8.0
616,meat,8.0
616,hamburger meat,7.0
616,root vegetables,9.0
616,packaged fruit/vegetables,9.0
616,whole milk,8.0
616,butter,8.0
616,newspapers,7.0
617,bottled water,8.0
617,soda,4.0
617,red/blush wine,7.0
617,long life bakery product,4.0
617,newspapers,7.0
621,pip fruit,9.0
621,sliced cheese,7.0
621,pastry,6.0
621,white wine,7.0
621,light bulbs,8.0
621,newspapers,7.0
622,beef,8.0
622,citrus fruit,9.0
622,tropical fruit,9.0
622,yogurt,8.0
622,UHT-milk,8.0
622,frozen vegetables,8.0
622,rolls/buns,8.0
622,bottled water,8.0
622,skin care,7.0
623,beef,8.0
623,citrus fruit,9.0
623,berries,9.0
623,brown bread,6.0
623,sugar,6.0
623,coffee,8.0
623,kitchen towels,8.0
625,citrus fruit,9.0
625,tropical fruit,9.0
625,herbs,9.0
625,whole milk,8.0
625,butter,8.0
625,curd,7.0
625,whipped/sour cream,8.0
625,frozen vegetables,8.0
625,canned vegetables,7.0
625,misc. beverages,8.0
626,meat,8.0
626,beef,8.0
626,herbs,9.0
626,whole milk,8.0
626,frozen dessert,8.0
626,rolls/buns,8.0
626,semi-finished bread,7.0
626,flour,6.0
626,oil,8.0
626,coffee,8.0
626,pot plants,8.0
629,ham,7.0
629,whole milk,8.0
629,white bread,8.0
629,margarine,8.0
629,hair spray,7.0
630,hamburger meat,7.0
630,whole milk,8.0
630,oil,8.0
630,ketchup,8.0
630,soups,4.0
630,Instant food products,8.0
630,canned fish,8.0
630,coffee,8.0
630,bottled beer,8.0
630,hygiene articles,7.0
630,newspapers,7.0
631,beef,8.0
631,citrus fruit,9.0
631,other vegetables,9.0
631,butter milk,8.0
631,sliced cheese,7.0
631,processed cheese,8.0
631,rolls/buns,8.0
631,margarine,8.0
631,bottled water,8.0
631,fruit/vegetable juice,8.0
632,beef,8.0
632,citrus fruit,9.0
632,whole milk,8.0
632,domestic eggs,8.0
632,rolls/buns,8.0
632,pastry,6.0
632,roll products ,8.0
632,tea,8.0
632,fruit/vegetable juice,8.0
634,citrus fruit,9.0
634,tropical fruit,9.0
634,grapes,9.0
634,other vegetables,9.0
634,frozen vegetables,8.0
634,pickled vegetables,8.0
634,fruit/vegetable juice,8.0
634,liquor,8.0
634,rum,8.0
634,liquor (appetizer),8.0
634,candy,8.0
634,cling film/bags,8.0
636,tropical fruit,9.0
636,root vegetables,9.0
636,other vegetables,9.0
636,whipped/sour cream,8.0
636,brown bread,6.0
636,canned fish,8.0
636,long life bakery product,4.0
638,beef,8.0
638,other vegetables,9.0
638,whole milk,8.0
638,brown bread,6.0
638,pastry,6.0
638,salty snack,8.0
638,abrasive cleaner,7.0
638,shopping bags,8.0
642,other vegetables,9.0
642,rolls/buns,8.0
642,meat spreads,8.0
642,bottled water,8.0
642,soda,4.0
642,misc. beverages,8.0
642,waffles,6.0
642,chocolate,8.0
642,candy,8.0
643,hamburger meat,8.0
643,other vegetables,9.0
643,yogurt,8.0
643,rolls/buns,8.0
643,bottled water,8.0
644,hamburger meat,8.0
644,citrus fruit,9.0
644,root vegetables,9.0
644,rolls/buns,8.0
644,Instant food products,8.0
644,canned fish,8.0
644,bottled water,8.0
644,soda,4.0
644,fruit/vegetable juice,8.0
644,napkins,7.0
645,frankfurter,8.0
645,sausage,8.0
645,domestic eggs,8.0
645,soda,4.0
645,chewing gum,8.0
645,shopping bags,8.0
649,frankfurter,8.0
649,root vegetables,9.0
649,onions,9.0
649,other vegetables,9.0
649,white bread,8.0
649,canned beer,8.0
650,chicken,8.0
650,hamburger meat,8.0
650,herbs,9.0
650,whipped/sour cream,8.0
650,soups,4.0
650,soda,4.0
650,canned beer,8.0
650,dish cleaner,8.0
650,napkins,7.0
650,cling film/bags,8.0
659,citrus fruit,9.0
659,other vegetables,9.0
659,whole milk,8.0
659,curd,8.0
659,yogurt,8.0
659,potato products,9.0
659,fruit/vegetable juice,8.0
659,long life bakery product,4.0
661,frankfurter,8.0
661,citrus fruit,9.0
661,butter milk,8.0
661,UHT-milk,8.0
661,rolls/buns,8.0
661,female sanitary products,7.0
661,shopping bags,8.0
662,ham,8.0
662,other vegetables,9.0
662,butter,8.0
662,whipped/sour cream,8.0
662,sugar,6.0
662,soda,4.0
664,sausage,8.0
664,onions,9.0
664,curd,8.0
664,yogurt,8.0
664,domestic eggs,8.0
664,coffee,8.0
669,sausage,8.0
669,root vegetables,9.0
669,other vegetables,9.0
669,rolls/buns,8.0
669,soda,4.0
673,frankfurter,8.0
673,hamburger meat,8.0
673,whole milk,8.0
673,rolls/buns,8.0
673,potato products,9.0
673,mustard,8.0
673,coffee,8.0
673,waffles,6.0
673,chocolate marshmallow,8.0
673,soap,6.0
673,newspapers,7.0
675,sausage,8.0
675,meat,8.0
675,tropical fruit,9.0
675,pip fruit,9.0
675,pastry,6.0
675,sugar,6.0
675,coffee,8.0
675,candles,8.0
675,pot plants,8.0
678,whole milk,8.0
678,sliced cheese,8.0
678,margarine,8.0
678,cat food,8.0
678,detergent,6.0
678,dishes,8.0
678,shopping bags,8.0
679,frankfurter,8.0
679,ham,8.0
679,whole milk,8.0
679,yogurt,8.0
679,rolls/buns,8.0
679,pastry,6.0
679,vinegar,8.0
679,sugar,6.0
679,soda,4.0
679,fruit/vegetable juice,8.0
679,napkins,7.0
680,beef,8.0
680,whole milk,8.0
680,brown bread,6.0
680,specialty chocolate,8.0
680,newspapers,7.0
681,pip fruit,9.0
681,other vegetables,9.0
681,butter milk,8.0
681,cream cheese ,8.0
681,rolls/buns,8.0
682,sausage,8.0
682,whole milk,8.0
682,rolls/buns,8.0
682,coffee,8.0
682,chocolate,8.0
685,root vegetables,9.0
685,other vegetables,9.0
685,whole milk,8.0
685,sliced cheese,8.0
685,frozen vegetables,8.0
685,frozen fish,8.0
685,frozen dessert,8.0
685,chocolate,8.0
690,yogurt,8.0
690,salt,8.0
690,jam,8.0
690,sparkling wine,8.0
690,cleaner,6.0
691,tropical fruit,9.0
691,curd,8.0
691,sliced cheese,8.0
691,rolls/buns,8.0
691,soda,4.0
695,whole milk,8.0
695,brown bread,6.0
695,pasta,8.0
695,margarine,8.0
695,bottled water,8.0
695,napkins,7.0
695,newspapers,7.0
696,pork,8.0
696,UHT-milk,8.0
696,bottled water,8.0
696,soda,4.0
696,canned beer,8.0
697,other vegetables,9.0
697,curd,8.0
697,yogurt,8.0
697,curd cheese,6.0
697,margarine,8.0
697,cleaner,6.0
697,hygiene articles,7.0
698,rolls/buns,8.0
698,soda,4.0
698,fruit/vegetable juice,8.0
698,canned beer,8.0
698,white wine,8.0
698,long life bakery product,4.0
698,shopping bags,8.0
699,frankfurter,6.0
699,pip fruit,9.0
699,whole milk,8.0
699,rolls/buns,8.0
699,roll products ,8.0
701,whole milk,8.0
701,curd,8.0
701,sliced cheese,8.0
701,cat food,8.0
701,coffee,8.0
707,chicken,8.0
707,onions,9.0
707,other vegetables,9.0
707,whole milk,8.0
707,brown bread,6.0
707,white wine,8.0
707,red/blush wine,8.0
708,tropical fruit,9.0
708,onions,9.0
708,whole milk,8.0
708,butter,8.0
708,dishes,8.0
709,sausage,8.0
709,turkey,6.0
709,other vegetables,9.0
709,yogurt,8.0
709,brown bread,6.0
709,oil,8.0
709,hygiene articles,7.0
709,shopping bags,8.0
710,sausage,8.0
710,other vegetables,9.0
710,whole milk,8.0
710,curd,8.0
710,hard cheese,8.0
710,soda,4.0
710,candy,6.0
710,newspapers,7.0
711,frankfurter,6.0
711,citrus fruit,9.0
711,pastry,6.0
711,margarine,8.0
711,instant coffee,8.0
711,shopping bags,8.0
712,UHT-milk,8.0
712,frozen dessert,8.0
712,fruit/vegetable juice,8.0
712,decalcifier,7.0
712,newspapers,7.0
723,citrus fruit,9.0
723,curd,8.0
723,yogurt,8.0
723,sliced cheese,8.0
723,rolls/buns,8.0
723,oil,8.0
723,bottled water,2.0
726,domestic eggs,8.0
726,rolls/buns,8.0
726,pastry,6.0
726,coffee,8.0
726,candles,2.0
727,beef,8.0
727,pip fruit,9.0
727,root vegetables,9.0
727,rolls/buns,8.0
727,margarine,8.0
731,whole milk,8.0
731,yogurt,8.0
731,bottled beer,0.0
731,white wine,8.0
731,salty snack,8.0
731,napkins,7.0
732,meat,8.0
732,beef,8.0
732,other vegetables,9.0
732,whole milk,8.0
732,butter,8.0
732,domestic eggs,8.0
732,rolls/buns,8.0
733,onions,9.0
733,whole milk,8.0
733,bottled beer,0.0
733,liquor (appetizer),8.0
733,detergent,6.0
733,dishes,8.0
734,frankfurter,0.0
734,grapes,8.0
734,other vegetables,9.0
734,butter milk,8.0
734,UHT-milk,8.0
734,brown bread,6.0
734,margarine,8.0
734,organic products,9.0
734,bottled water,0.0
734,soda,4.0
740,sausage,8.0
740,root vegetables,9.0
740,other vegetables,9.0
740,whole milk,8.0
740,bottled beer,1.0
740,seasonal products,8.0
741,tropical fruit,9.0
741,whole milk,8.0
741,curd,8.0
741,yogurt,8.0
741,whipped/sour cream,8.0
742,frankfurter,1.0
742,rolls/buns,8.0
742,soda,4.0
742,abrasive cleaner,7.0
742,newspapers,7.0
742,flower (seeds),1.0
753,sausage,8.0
753,rolls/buns,8.0
753,soda,4.0
753,canned beer,8.0
753,shopping bags,8.0
760,pork,8.0
760,tropical fruit,9.0
760,rolls/buns,8.0
760,semi-finished bread,8.0
760,bottled beer,4.0
760,newspapers,7.0
761,frankfurter,4.0
761,chicken,8.0
761,pork,8.0
761,citrus fruit,9.0
761,other vegetables,9.0
761,whole milk,8.0
761,butter milk,8.0
761,whipped/sour cream,8.0
761,cream cheese ,8.0
761,frozen dessert,8.0
761,domestic eggs,8.0
761,rolls/buns,8.0
761,sugar,6.0
761,baking powder,6.0
762,pork,8.0
762,beef,8.0
762,whole milk,8.0
762,domestic eggs,8.0
762,bottled water,4.0
762,bottled beer,4.0
762,hygiene articles,7.0
763,frankfurter,4.0
763,pork,8.0
763,citrus fruit,9.0
763,root vegetables,9.0
763,onions,9.0
763,other vegetables,9.0
763,packaged fruit/vegetables,9.0
763,cat food,8.0
763,bottled water,4.0
765,chicken,8.0
765,other vegetables,9.0
765,packaged fruit/vegetables,9.0
765,condensed milk,8.0
765,frozen vegetables,8.0
765,fruit/vegetable juice,8.0
771,grapes,8.0
771,other vegetables,9.0
771,zwieback,4.0
771,Instant food products,4.0
771,dishes,8.0
772,frankfurter,4.0
772,citrus fruit,9.0
772,whipped/sour cream,8.0
772,cream cheese ,8.0
772,rolls/buns,8.0
772,baking powder,6.0
772,seasonal products,8.0
772,napkins,7.0
773,finished products,4.0
773,root vegetables,9.0
773,packaged fruit/vegetables,9.0
773,yogurt,8.0
773,specialty cheese,8.0
773,frozen vegetables,8.0
773,ice cream,8.0
773,soda,4.0
773,bottled beer,4.0
776,other vegetables,9.0
776,cream cheese ,8.0
776,tea,8.0
776,chocolate,4.0
776,chocolate marshmallow,4.0
777,ham,8.0
777,turkey,6.0
777,beef,8.0
777,other vegetables,9.0
777,whole milk,8.0
777,pot plants,4.0
782,ham,8.0
782,chicken,8.0
782,citrus fruit,9.0
782,berries,9.0
782,onions,9.0
782,whole milk,8.0
782,curd,8.0
782,yogurt,8.0
782,frozen vegetables,8.0
782,rolls/buns,8.0
782,margarine,8.0
782,soda,4.0
782,liquor (appetizer),8.0
782,cake bar,6.0
782,candy,3.0
782,seasonal products,8.0
782,skin care,7.0
783,packaged fruit/vegetables,9.0
783,whole milk,8.0
783,dessert,6.0
783,yogurt,8.0
783,UHT-milk,8.0
783,margarine,8.0
783,bottled water,3.0
783,long life bakery product,4.0
787,chicken,8.0
787,UHT-milk,8.0
787,rolls/buns,8.0
787,coffee,8.0
787,long life bakery product,4.0
787,house keeping products,7.0
792,frankfurter,7.0
792,hamburger meat,8.0
792,whole milk,8.0
792,domestic eggs,8.0
792,rolls/buns,8.0
792,brown bread,6.0
792,margarine,8.0
792,bottled water,7.0
792,flower (seeds),7.0
793,chicken,8.0
793,grapes,8.0
793,whole milk,8.0
793,whipped/sour cream,8.0
793,mayonnaise,8.0
795,citrus fruit,9.0
795,tropical fruit,9.0
795,grapes,8.0
795,yogurt,8.0
795,rolls/buns,8.0
795,margarine,8.0
795,bottled water,7.0
795,soda,4.0
795,misc. beverages,8.0
795,candy,6.0
795,female sanitary products,7.0
795,shopping bags,8.0
796,sausage,8.0
796,pork,8.0
796,beef,8.0
796,berries,9.0
796,root vegetables,9.0
796,whole milk,8.0
796,butter,8.0
796,rolls/buns,8.0
796,cat food,8.0
796,bottled water,6.0
796,newspapers,7.0
797,root vegetables,9.0
797,onions,9.0
797,other vegetables,9.0
797,packaged fruit/vegetables,9.0
797,whole milk,8.0
797,whipped/sour cream,8.0
797,frozen vegetables,8.0
797,rolls/buns,8.0
797,pasta,8.0
797,soups,4.0
797,baking powder,6.0
797,soda,4.0
797,detergent,6.0
802,berries,9.0
802,other vegetables,9.0
802,whipped/sour cream,8.0
802,UHT-milk,8.0
802,bottled water,5.0
802,soda,4.0
802,hygiene articles,7.0
802,newspapers,7.0
804,tropical fruit,9.0
804,whole milk,8.0
804,rolls/buns,8.0
804,semi-finished bread,8.0
804,margarine,8.0
804,fruit/vegetable juice,8.0
804,long life bakery product,4.0
804,newspapers,7.0
805,frankfurter,5.0
805,pork,8.0
805,beverages,5.0
805,frozen meals,8.0
805,waffles,6.0
806,frankfurter,5.0
806,sausage,8.0
806,frozen fish,8.0
806,margarine,8.0
806,specialty bar,8.0
809,beef,8.0
809,whole milk,8.0
809,frozen vegetables,8.0
809,brown bread,6.0
809,pastry,6.0
809,coffee,8.0
810,whole milk,8.0
810,pastry,6.0
810,bottled water,5.0
810,newspapers,7.0
810,photo/film,8.0
811,pork,8.0
811,fish,8.0
811,whole milk,8.0
811,butter,8.0
811,curd,8.0
811,yogurt,8.0
811,whipped/sour cream,8.0
811,flour,6.0
811,sugar,6.0
814,pork,8.0
814,grapes,8.0
814,UHT-milk,8.0
814,brown bread,6.0
814,margarine,8.0
817,citrus fruit,9.0
817,root vegetables,9.0
817,whole milk,8.0
817,butter,8.0
817,whipped/sour cream,8.0
817,oil,8.0
817,mustard,8.0
817,bottled water,3.0
817,bottled beer,3.0
818,pip fruit,9.0
818,herbs,9.0
818,other vegetables,9.0
818,whole milk,8.0
818,coffee,8.0
818,female sanitary products,7.0
818,hygiene articles,7.0
818,shopping bags,8.0
819,root vegetables,9.0
819,dessert,6.0
819,yogurt,8.0
819,cream cheese ,8.0
819,rice,9.0
820,tropical fruit,9.0
820,curd,8.0
820,rolls/buns,8.0
820,organic products,9.0
820,newspapers,7.0
821,beef,8.0
821,root vegetables,9.0
821,other vegetables,9.0
821,whole milk,8.0
821,butter,8.0
821,soft cheese,8.0
821,hard cheese,8.0
821,domestic eggs,8.0
821,pasta,8.0
821,coffee,8.0
821,candles,3.0
822,chicken,8.0
822,pork,8.0
822,whole milk,8.0
822,butter,8.0
822,white bread,8.0
823,citrus fruit,9.0
823,grapes,8.0
823,whole milk,8.0
823,rolls/buns,8.0
823,pastry,6.0
823,oil,8.0
823,margarine,8.0
823,candles,3.0
823,newspapers,7.0
824,meat,8.0
824,beef,8.0
824,tropical fruit,9.0
824,pip fruit,9.0
824,other vegetables,9.0
824,whipped/sour cream,8.0
824,soft cheese,8.0
824,frozen meals,8.0
824,margarine,8.0
824,coffee,8.0
824,fruit/vegetable juice,8.0
824,pot plants,3.0
826,citrus fruit,9.0
826,herbs,9.0
826,whole milk,8.0
826,bottled water,3.0
826,bottled beer,3.0
826,pot plants,3.0
828,meat,8.0
828,other vegetables,9.0
828,whole milk,8.0
828,beverages,3.0
828,rolls/buns,8.0
828,margarine,8.0
828,chocolate,3.0
828,napkins,7.0
828,newspapers,7.0
830,frankfurter,3.0
830,beef,8.0
830,tropical fruit,9.0
830,root vegetables,9.0
830,packaged fruit/vegetables,9.0
830,whole milk,8.0
830,frozen vegetables,8.0
832,turkey,6.0
832,root vegetables,9.0
832,other vegetables,9.0
832,curd,8.0
832,bottled beer,3.0
832,specialty chocolate,8.0
833,citrus fruit,9.0
833,onions,9.0
833,whole milk,8.0
833,curd,8.0
833,yogurt,8.0
833,rolls/buns,8.0
833,pasta,8.0
833,mustard,8.0
833,dog food,8.0
833,canned beer,8.0
843,nuts/prunes,9.0
843,whole milk,8.0
843,semi-finished bread,8.0
843,jam,7.0
843,soda,4.0
843,pot plants,7.0
843,shopping bags,8.0
844,citrus fruit,9.0
844,other vegetables,9.0
844,packaged fruit/vegetables,9.0
844,whole milk,8.0
844,butter,8.0
844,whipped/sour cream,8.0
844,flour,6.0
844,sugar,6.0
844,coffee,8.0
844,soda,4.0
844,sparkling wine,8.0
844,dishes,8.0
845,beef,8.0
845,citrus fruit,9.0
845,root vegetables,9.0
845,onions,9.0
845,curd,8.0
845,hard cheese,8.0
845,rolls/buns,8.0
845,fruit/vegetable juice,8.0
846,whole milk,8.0
846,yogurt,8.0
846,frozen vegetables,8.0
846,coffee,8.0
846,canned beer,8.0
846,napkins,7.0
849,fish,8.0
849,berries,9.0
849,other vegetables,9.0
849,whole milk,8.0
849,dessert,6.0
849,yogurt,8.0
849,spread cheese,8.0
849,coffee,8.0
849,white wine,8.0
849,red/blush wine,8.0
850,other vegetables,9.0
850,whole milk,8.0
850,curd,8.0
850,frozen vegetables,8.0
850,domestic eggs,8.0
850,sugar,6.0
850,instant coffee,8.0
850,newspapers,7.0
851,tropical fruit,9.0
851,berries,9.0
851,root vegetables,9.0
851,whole milk,8.0
851,butter,8.0
851,yogurt,8.0
851,whipped/sour cream,8.0
851,sliced cheese,8.0
851,hard cheese,8.0
851,specialty chocolate,8.0
851,napkins,7.0
853,sausage,8.0
853,pork,8.0
853,other vegetables,9.0
853,frozen fish,8.0
853,rolls/buns,8.0
853,semi-finished bread,8.0
853,artif. sweetener,4.0
853,bottled water,4.0
853,hygiene articles,7.0
853,newspapers,7.0
854,meat,8.0
854,root vegetables,9.0
854,whipped/sour cream,8.0
854,beverages,4.0
854,cream cheese ,8.0
854,waffles,6.0
854,dishes,8.0
855,chicken,8.0
855,tropical fruit,9.0
855,pip fruit,9.0
855,root vegetables,9.0
855,other vegetables,9.0
855,packaged fruit/vegetables,9.0
855,butter,8.0
855,rolls/buns,8.0
855,margarine,8.0
855,sugar,6.0
855,rum,8.0
855,long life bakery product,4.0
855,abrasive cleaner,7.0
856,berries,9.0
856,whole milk,8.0
856,whipped/sour cream,8.0
856,margarine,8.0
856,organic products,9.0
856,fruit/vegetable juice,8.0
856,shopping bags,8.0
859,beef,8.0
859,root vegetables,9.0
859,bottled beer,5.0
859,chocolate,5.0
859,shopping bags,8.0
860,chicken,8.0
860,pork,8.0
860,other vegetables,9.0
860,whole milk,8.0
860,whipped/sour cream,8.0
860,UHT-milk,8.0
860,domestic eggs,8.0
860,rolls/buns,8.0
860,bottled water,5.0
860,soda,4.0
860,fruit/vegetable juice,8.0
860,bottled beer,5.0
861,chicken,8.0
861,pork,8.0
861,hamburger meat,8.0
861,pip fruit,9.0
861,nuts/prunes,9.0
861,root vegetables,9.0
861,other vegetables,9.0
861,whole milk,8.0
861,spread cheese,8.0
861,frozen potato products,8.0
861,brown bread,6.0
861,Instant food products,5.0
861,soda,4.0
861,fruit/vegetable juice,8.0
861,shopping bags,8.0
862,beef,8.0
862,tropical fruit,9.0
862,root vegetables,9.0
862,herbs,9.0
862,other vegetables,9.0
862,whole milk,8.0
862,yogurt,8.0
862,hard cheese,8.0
862,rolls/buns,8.0
862,brown bread,6.0
862,bottled water,5.0
862,bottled beer,5.0
862,salty snack,8.0
862,shopping bags,8.0
865,frankfurter,5.0
865,sausage,8.0
865,beef,8.0
865,root vegetables,9.0
865,packaged fruit/vegetables,9.0
865,whole milk,8.0
865,dessert,6.0
865,yogurt,8.0
865,sliced cheese,8.0
865,ice cream,8.0
865,rolls/buns,8.0
865,soda,4.0
868,sausage,8.0
868,chicken,8.0
868,citrus fruit,9.0
868,berries,9.0
868,root vegetables,9.0
868,curd,8.0
868,beverages,5.0
868,abrasive cleaner,7.0
869,whole milk,8.0
869,UHT-milk,8.0
869,domestic eggs,8.0
869,soda,4.0
869,fruit/vegetable juice,8.0
869,dishes,8.0
869,newspapers,7.0
872,root vegetables,9.0
872,whole milk,8.0
872,white bread,8.0
872,brown bread,6.0
872,sweet spreads,8.0
872,dog food,8.0
872,brandy,5.0
872,shopping bags,8.0
874,sausage,8.0
874,ham,8.0
874,citrus fruit,9.0
874,tropical fruit,9.0
874,berries,9.0
874,packaged fruit/vegetables,9.0
874,whole milk,8.0
874,whipped/sour cream,8.0
874,sliced cheese,8.0
874,pastry,6.0
874,sugar,6.0
874,baking powder,6.0
882,curd,8.0
882,butter milk,8.0
882,yogurt,8.0
882,sliced cheese,8.0
882,coffee,8.0
884,pork,8.0
884,berries,9.0
884,whipped/sour cream,8.0
884,beverages,8.0
884,flour,6.0
884,oil,8.0
884,soda,4.0
884,chocolate,8.0
884,newspapers,7.0
886,grapes,8.0
886,whole milk,8.0
886,processed cheese,8.0
886,rolls/buns,8.0
886,white bread,8.0
886,fruit/vegetable juice,8.0
888,root vegetables,9.0
888,onions,9.0
888,yogurt,8.0
888,rolls/buns,8.0
888,coffee,8.0
888,bottled water,8.0
888,dishes,8.0
889,chicken,8.0
889,hamburger meat,8.0
889,UHT-milk,8.0
889,soda,4.0
889,canned beer,8.0
889,bathroom cleaner,7.0
889,newspapers,7.0
893,other vegetables,9.0
893,whole milk,8.0
893,frozen meals,8.0
893,rolls/buns,8.0
893,brown bread,6.0
893,napkins,7.0
894,chicken,8.0
894,pork,8.0
894,whole milk,8.0
894,frozen vegetables,8.0
894,brown bread,6.0
894,vinegar,8.0
894,bottled beer,8.0
894,red/blush wine,8.0
894,newspapers,7.0
898,beef,8.0
898,hamburger meat,8.0
898,berries,9.0
898,pastry,6.0
898,hygiene articles,7.0
899,sausage,8.0
899,grapes,8.0
899,rolls/buns,8.0
899,soda,4.0
899,salty snack,8.0
903,whole milk,8.0
903,sliced cheese,8.0
903,domestic eggs,8.0
903,artif. sweetener,8.0
903,bottled water,8.0
903,soda,4.0
903,shopping bags,8.0
905,tropical fruit,9.0
905,other vegetables,9.0
905,whole milk,8.0
905,yogurt,8.0
905,soft cheese,8.0
905,hard cheese,8.0
905,spread cheese,8.0
905,curd cheese,6.0
905,frozen vegetables,8.0
905,ice cream,8.0
905,pastry,6.0
905,coffee,8.0
905,fruit/vegetable juice,8.0
905,hygiene articles,7.0
908,ham,8.0
908,citrus fruit,9.0
908,whole milk,8.0
908,dessert,6.0
908,frozen meals,8.0
908,coffee,8.0
908,popcorn,8.0
908,shopping bags,8.0
910,whole milk,8.0
910,curd,8.0
910,cream cheese ,8.0
910,flour,6.0
910,coffee,8.0
910,bottled water,8.0
910,misc. beverages,8.0
910,newspapers,7.0
913,curd,8.0
913,roll products ,8.0
913,margarine,8.0
913,bottled water,8.0
913,canned beer,8.0
913,white wine,8.0
913,dish cleaner,8.0
914,bottled water,8.0
914,soda,4.0
914,fruit/vegetable juice,8.0
914,bottled beer,8.0
914,napkins,7.0
916,tropical fruit,9.0
916,root vegetables,9.0
916,frozen vegetables,8.0
916,ice cream,8.0
916,bottled water,8.0
916,cling film/bags,8.0
917,ham,8.0
917,beef,8.0
917,grapes,8.0
917,yogurt,8.0
917,whipped/sour cream,8.0
917,domestic eggs,8.0
917,white bread,8.0
917,pastry,6.0
917,bottled water,8.0
917,fruit/vegetable juice,8.0
917,white wine,8.0
917,salty snack,8.0
917,chocolate,8.0
917,newspapers,7.0
917,shopping bags,8.0
918,pork,8.0
918,citrus fruit,9.0
918,UHT-milk,8.0
918,brown bread,6.0
918,soda,4.0
918,bottled beer,8.0
918,canned beer,8.0
918,long life bakery product,4.0
919,beverages,8.0
919,rolls/buns,8.0
919,soda,4.0
919,misc. beverages,8.0
919,cake bar,6.0
921,sausage,8.0
921,citrus fruit,9.0
921,whole milk,8.0
921,yogurt,8.0
921,rolls/buns,8.0
921,bottled water,8.0
921,soda,4.0
921,napkins,7.0
922,root vegetables,9.0
922,whole milk,8.0
922,butter,8.0
922,yogurt,8.0
922,cream cheese ,8.0
922,frozen fish,8.0
922,shopping bags,8.0
924,frankfurter,8.0
924,turkey,6.0
924,root vegetables,9.0
924,other vegetables,9.0
924,yogurt,8.0
924,rolls/buns,8.0
924,pastry,6.0
928,berries,9.0
928,whole milk,8.0
928,whipped/sour cream,8.0
928,pickled vegetables,8.0
928,detergent,6.0
928,newspapers,7.0
930,frankfurter,8.0
930,pork,8.0
930,white bread,8.0
930,canned vegetables,8.0
930,soda,4.0
931,frankfurter,8.0
931,hamburger meat,8.0
931,whole milk,8.0
931,butter,8.0
931,curd,8.0
931,flour,6.0
931,rice,9.0
931,oil,8.0
931,sugar,6.0
931,mustard,8.0
931,salty snack,8.0
931,chocolate,8.0
931,chocolate marshmallow,8.0
931,dish cleaner,8.0
931,dental care,8.0
932,berries,9.0
932,root vegetables,9.0
932,whole milk,8.0
932,beverages,8.0
932,sugar,6.0
932,soups,4.0
932,coffee,8.0
932,shopping bags,8.0
937,beef,8.0
937,grapes,8.0
937,berries,9.0
937,whole milk,8.0
937,yogurt,8.0
937,rolls/buns,8.0
937,newspapers,7.0
937,pot plants,8.0
938,rolls/buns,8.0
938,coffee,8.0
938,instant coffee,8.0
938,salty snack,8.0
938,specialty chocolate,8.0
948,pork,8.0
948,tropical fruit,9.0
948,grapes,8.0
948,hard cheese,8.0
948,soda,4.0
948,napkins,7.0
948,shopping bags,8.0
949,tropical fruit,9.0
949,grapes,8.0
949,berries,9.0
949,other vegetables,9.0
949,whole milk,8.0
949,butter,8.0
949,dessert,6.0
949,yogurt,8.0
949,whipped/sour cream,8.0
949,ice cream,8.0
949,pastry,6.0
949,salt,8.0
949,baking powder,6.0
949,bottled water,8.0
949,misc. beverages,8.0
949,fruit/vegetable juice,8.0
949,canned beer,8.0
949,specialty chocolate,8.0
949,pot plants,8.0
950,chicken,8.0
950,pork,8.0
950,citrus fruit,9.0
950,other vegetables,9.0
950,whipped/sour cream,8.0
950,white bread,8.0
950,chewing gum,8.0
950,pot plants,8.0
957,curd,8.0
957,whipped/sour cream,8.0
957,domestic eggs,8.0
957,flour,6.0
957,misc. beverages,8.0
957,newspapers,7.0
959,onions,9.0
959,whole milk,8.0
959,dessert,6.0
959,domestic eggs,8.0
959,rolls/buns,8.0
959,white bread,8.0
959,coffee,8.0
959,bottled water,8.0
960,finished products,8.0
960,organic sausage,9.0
960,sliced cheese,8.0
960,white bread,8.0
960,fruit/vegetable juice,8.0
962,tropical fruit,9.0
962,root vegetables,9.0
962,other vegetables,9.0
962,domestic eggs,8.0
962,white bread,8.0
962,brown bread,6.0
962,canned vegetables,8.0
962,soda,4.0
962,fruit/vegetable juice,8.0
962,rum,8.0
967,frankfurter,8.0
967,citrus fruit,9.0
967,whole milk,8.0
967,yogurt,8.0
967,sliced cheese,8.0
967,specialty cheese,8.0
967,pastry,6.0
967,fruit/vegetable juice,8.0
968,butter,8.0
968,pasta,8.0
968,canned fish,8.0
968,softener,8.0
968,flower (seeds),8.0
971,citrus fruit,9.0
971,root vegetables,9.0
971,packaged fruit/vegetables,9.0
971,yogurt,8.0
971,sliced cheese,8.0
971,rolls/buns,8.0
971,white bread,8.0
971,brown bread,6.0
971,zwieback,8.0
972,UHT-milk,8.0
972,salt,8.0
972,soda,4.0
972,specialty chocolate,8.0
972,shopping bags,8.0
974,curd,8.0
974,yogurt,8.0
974,spread cheese,8.0
974,sugar,6.0
974,canned vegetables,8.0
975,citrus fruit,9.0
975,other vegetables,9.0
975,whole milk,8.0
975,dessert,6.0
975,yogurt,8.0
975,frozen vegetables,8.0
975,fruit/vegetable juice,8.0
975,bottled beer,8.0
975,salty snack,8.0
980,sausage,8.0
980,citrus fruit,9.0
980,berries,9.0
980,other vegetables,9.0
980,whole milk,8.0
980,yogurt,8.0
980,whipped/sour cream,8.0
980,cream cheese ,8.0
980,frozen vegetables,8.0
980,domestic eggs,8.0
980,pastry,6.0
980,margarine,8.0
980,soups,4.0
980,canned fish,8.0
980,chocolate,8.0
980,candy,8.0
980,napkins,7.0
981,frankfurter,8.0
981,chicken,8.0
981,pork,8.0
981,tropical fruit,9.0
981,root vegetables,9.0
981,other vegetables,9.0
981,yogurt,8.0
981,UHT-milk,8.0
981,mayonnaise,8.0
981,brown bread,6.0
981,pastry,6.0
981,flour,6.0
981,mustard,8.0
981,coffee,8.0
981,cocoa drinks,8.0
981,fruit/vegetable juice,8.0
981,salty snack,8.0
981,long life bakery product,4.0
981,chocolate,8.0
981,seasonal products,8.0
983,frankfurter,8.0
983,onions,9.0
983,butter,8.0
983,processed cheese,8.0
983,rolls/buns,8.0
983,coffee,8.0
983,bottled beer,8.0
984,pip fruit,9.0
984,root vegetables,9.0
984,dessert,6.0
984,yogurt,8.0
984,domestic eggs,8.0
984,shopping bags,8.0
988,packaged fruit/vegetables,9.0
988,dessert,6.0
988,mayonnaise,8.0
988,oil,8.0
988,soda,4.0
988,waffles,6.0
988,chocolate,8.0
988,flower (seeds),8.0
988,shopping bags,8.0
989,chicken,8.0
989,other vegetables,9.0
989,whipped/sour cream,8.0
989,frozen vegetables,8.0
989,bottled water,8.0
989,long life bakery product,4.0
990,pork,8.0
990,whole milk,8.0
990,curd,8.0
990,yogurt,8.0
990,whipped/sour cream,8.0
990,cream cheese ,8.0
990,domestic eggs,8.0
990,white bread,8.0
990,sugar,6.0
990,baking powder,6.0
990,coffee,8.0
990,cocoa drinks,8.0
990,salty snack,8.0
990,waffles,6.0
990,candy,8.0
990,napkins,7.0
991,citrus fruit,9.0
991,other vegetables,9.0
991,whole milk,8.0
991,curd,8.0
991,yogurt,8.0
991,whipped/sour cream,8.0
991,cream cheese ,8.0
991,pastry,6.0
991,vinegar,8.0
991,oil,8.0
991,coffee,8.0
991,long life bakery product,4.0
991,detergent,6.0
991,cleaner,6.0
991,napkins,7.0
991,newspapers,7.0
994,sausage,8.0
994,curd,8.0
994,frozen meals,8.0
994,domestic eggs,8.0
994,cake bar,6.0
994,seasonal products,8.0
994,detergent,6.0
994,cleaner,6.0
994,house keeping products,8.0
994,pot plants,8.0
994,shopping bags,8.0
997,chicken,8.0
997,tropical fruit,9.0
997,pip fruit,9.0
997,root vegetables,9.0
997,other vegetables,9.0
997,whole milk,8.0
997,butter,8.0
997,yogurt,8.0
997,whipped/sour cream,8.0
997,hard cheese,8.0
997,frozen vegetables,8.0
997,frozen fish,8.0
997,domestic eggs,8.0
997,white bread,8.0
997,rice,9.0
997,specialty fat,8.0
997,dog food,8.0
997,bottled water,8.0
997,fruit/vegetable juice,8.0
997,long life bakery product,4.0
997,softener,8.0
997,napkins,7.0
997,cling film/bags,8.0
999,pork,8.0
999,beef,8.0
999,ice cream,8.0
999,rolls/buns,8.0
999,newspapers,7.0
1000,pork,8.0
1000,tropical fruit,9.0
1000,other vegetables,9.0
1000,yogurt,8.0
1000,semi-finished bread,8.0
1000,flour,6.0
1000,margarine,8.0
1000,artif. sweetener,8.0
1000,organic products,9.0
1000,chocolate marshmallow,8.0
1002,tropical fruit,9.0
1002,pip fruit,9.0
1002,grapes,8.0
1002,root vegetables,9.0
1002,herbs,9.0
1002,yogurt,8.0
1002,baking powder,6.0
1002,seasonal products,8.0
1002,pot plants,8.0
1002,shopping bags,8.0
1003,whipped/sour cream,8.0
1003,cream cheese ,8.0
1003,bottled water,8.0
1003,canned beer,8.0
1003,shopping bags,8.0
1004,berries,9.0
1004,root vegetables,9.0
1004,other vegetables,9.0
1004,butter,8.0
1004,hard cheese,8.0
1004,domestic eggs,8.0
1004,rolls/buns,8.0
1004,fruit/vegetable juice,8.0
1004,sparkling wine,8.0
1004,hygiene articles,7.0
1005,berries,9.0
1005,dessert,6.0
1005,whipped/sour cream,8.0
1005,white bread,8.0
1005,coffee,8.0
1005,shopping bags,8.0
1012,beef,8.0
1012,grapes,8.0
1012,nuts/prunes,9.0
1012,root vegetables,9.0
1012,onions,9.0
1012,other vegetables,9.0
1012,soft cheese,8.0
1012,sliced cheese,8.0
1012,hard cheese,8.0
1012,domestic eggs,8.0
1012,rolls/buns,8.0
1012,pastry,6.0
1012,mustard,8.0
1012,specialty chocolate,8.0
1012,specialty bar,8.0
1012,dental care,8.0
1012,shopping bags,8.0
1013,pork,8.0
1013,citrus fruit,9.0
1013,grapes,8.0
1013,root vegetables,9.0
1013,whole milk,8.0
1013,pot plants,8.0
1014,turkey,6.0
1014,tropical fruit,9.0
1014,pip fruit,9.0
1014,root vegetables,9.0
1014,other vegetables,9.0
1014,curd,8.0
1014,butter milk,8.0
1014,yogurt,8.0
1014,curd cheese,6.0
1014,rice,9.0
1014,vinegar,8.0
1014,margarine,8.0
1017,beef,8.0
1017,tropical fruit,9.0
1017,onions,9.0
1017,other vegetables,9.0
1017,whole milk,8.0
1017,butter,8.0
1017,curd,8.0
1017,butter milk,8.0
1017,yogurt,8.0
1017,domestic eggs,8.0
1017,white bread,8.0
1017,pastry,6.0
1017,shopping bags,8.0
1019,pip fruit,9.0
1019,whole milk,8.0
1019,domestic eggs,8.0
1019,bottled water,8.0
1019,long life bakery product,4.0
1022,frankfurter,8.0
1022,chicken,8.0
1022,butter milk,8.0
1022,margarine,8.0
1022,long life bakery product,4.0
1027,root vegetables,9.0
1027,other vegetables,9.0
1027,cream cheese ,8.0
1027,pasta,8.0
1027,oil,8.0
1027,margarine,8.0
1027,salty snack,8.0
1027,pot plants,8.0
1030,beef,8.0
1030,bottled water,8.0
1030,misc. beverages,8.0
1030,specialty chocolate,8.0
1030,shopping bags,8.0
1034,yogurt,8.0
1034,whipped/sour cream,8.0
1034,flour,6.0
1034,margarine,8.0
1034,sugar,6.0
1034,baking powder,6.0
1034,cat food,8.0
1034,soda,4.0
1034,fruit/vegetable juice,8.0
1034,chocolate,8.0
1034,hygiene articles,7.0
1034,napkins,7.0
1034,newspapers,7.0
1035,pip fruit,9.0
1035,curd,8.0
1035,dessert,6.0
1035,yogurt,8.0
1035,specialty chocolate,8.0
1035,specialty bar,8.0
1035,newspapers,7.0
1035,shopping bags,8.0
1036,meat,8.0
1036,chicken,8.0
1036,root vegetables,9.0
1036,whole milk,8.0
1036,oil,8.0
1040,sausage,8.0
1040,whole milk,8.0
1040,whipped/sour cream,8.0
1040,pasta,8.0
1040,pet care,8.0
1040,fruit/vegetable juice,8.0
1042,pork,8.0
1042,herbs,9.0
1042,other vegetables,9.0
1042,yogurt,8.0
1042,domestic eggs,8.0
1042,specialty bar,8.0
1042,dishes,8.0
1045,root vegetables,9.0
1045,other vegetables,9.0
1045,spread cheese,8.0
1045,margarine,8.0
1045,canned beer,8.0
1046,sausage,8.0
1046,tropical fruit,9.0
1046,grapes,8.0
1046,other vegetables,9.0
1046,processed cheese,8.0
1046,frozen meals,8.0
1046,domestic eggs,8.0
1046,white bread,8.0
1046,salty snack,8.0
1046,newspapers,7.0
1047,sausage,8.0
1047,citrus fruit,9.0
1047,pip fruit,9.0
1047,root vegetables,9.0
1047,other vegetables,9.0
1047,whole milk,8.0
1047,yogurt,8.0
1047,whipped/sour cream,8.0
1047,spread cheese,8.0
1047,frozen vegetables,8.0
1047,pastry,6.0
1047,instant coffee,8.0
1047,soda,4.0
1047,fruit/vegetable juice,8.0
1047,hygiene articles,7.0
1050,tropical fruit,9.0
1050,whole milk,8.0
1050,white bread,8.0
1050,brown bread,6.0
1050,misc. beverages,8.0
1050,bottled beer,8.0
1051,grapes,8.0
1051,yogurt,8.0
1051,UHT-milk,8.0
1051,soft cheese,8.0
1051,rolls/buns,8.0
1051,fruit/vegetable juice,8.0
1051,candy,8.0
1051,dental care,8.0
1051,newspapers,7.0
1051,shopping bags,8.0
1053,frankfurter,8.0
1053,whole milk,8.0
1053,yogurt,8.0
1053,domestic eggs,8.0
1053,brown bread,6.0
1053,margarine,8.0
1053,fruit/vegetable juice,8.0
1053,canned beer,8.0
1053,shopping bags,8.0
1057,frankfurter,8.0
1057,ham,8.0
1057,chicken,8.0
1057,whole milk,8.0
1057,butter,8.0
1057,processed cheese,8.0
1057,frozen vegetables,8.0
1057,white bread,8.0
1057,pastry,6.0
1057,soda,4.0
1057,fruit/vegetable juice,8.0
1057,red/blush wine,8.0
1057,chocolate,8.0
1057,pot plants,8.0
1059,whole milk,8.0
1059,rolls/buns,8.0
1059,roll products ,8.0
1059,zwieback,8.0
1059,bottled beer,8.0
1064,pork,8.0
1064,hamburger meat,8.0
1064,pip fruit,9.0
1064,grapes,8.0
1064,root vegetables,9.0
1064,other vegetables,9.0
1064,whole milk,8.0
1064,yogurt,8.0
1064,cream cheese ,8.0
1064,frozen dessert,8.0
1064,sugar,6.0
1064,meat spreads,8.0
1064,soda,4.0
1064,fruit/vegetable juice,8.0
1066,frankfurter,8.0
1066,pip fruit,9.0
1066,root vegetables,9.0
1066,curd,8.0
1066,yogurt,8.0
1066,UHT-milk,8.0
1066,white bread,8.0
1066,pastry,6.0
1066,instant coffee,8.0
1066,waffles,6.0
1066,dish cleaner,8.0
1067,grapes,8.0
1067,other vegetables,9.0
1067,whole milk,8.0
1067,butter,8.0
1067,toilet cleaner,7.0
1067,newspapers,7.0
1068,sausage,8.0
1068,grapes,8.0
1068,butter,8.0
1068,curd,8.0
1068,yogurt,8.0
1068,whipped/sour cream,8.0
1068,beverages,8.0
1068,UHT-milk,8.0
1068,sliced cheese,8.0
1068,processed cheese,8.0
1068,rolls/buns,8.0
1068,pastry,6.0
1068,chocolate,8.0
1069,citrus fruit,9.0
1069,white bread,8.0
1069,liquor,8.0
1069,specialty bar,8.0
1069,shopping bags,8.0
1070,ham,8.0
1070,butter,8.0
1070,yogurt,8.0
1070,hard cheese,8.0
1070,ice cream,8.0
1070,domestic eggs,8.0
1070,misc. beverages,8.0
1070,fruit/vegetable juice,8.0
1073,beef,8.0
1073,tropical fruit,9.0
1073,pip fruit,9.0
1073,grapes,8.0
1073,root vegetables,9.0
1073,processed cheese,8.0
1073,rolls/buns,8.0
1073,white bread,8.0
1073,pastry,6.0
1073,pasta,8.0
1073,specialty vegetables,9.0
1073,cat food,8.0
1073,soda,4.0
1073,misc. beverages,8.0
1074,other vegetables,9.0
1074,whole milk,8.0
1074,yogurt,8.0
1074,specialty cheese,8.0
1074,cereals,8.0
1074,bottled beer,8.0
1074,long life bakery product,4.0
1075,frankfurter,8.0
1075,sausage,8.0
1075,ham,8.0
1075,other vegetables,9.0
1075,domestic eggs,8.0
1075,rolls/buns,8.0
1075,pastry,6.0
1075,long life bakery product,4.0
1075,specialty bar,8.0
1075,chocolate marshmallow,8.0
1077,sausage,8.0
1077,other vegetables,9.0
1077,whole milk,8.0
1077,sliced cheese,8.0
1077,white bread,8.0
1077,baking powder,6.0
1077,pickled vegetables,8.0
1077,rum,8.0
1078,bottled water,8.0
1078,soda,4.0
1078,fruit/vegetable juice,8.0
1078,long life bakery product,4.0
1078,chewing gum,8.0
1078,candy,8.0
1082,chicken,8.0
1082,beef,8.0
1082,whole milk,8.0
1082,curd,8.0
1082,brown bread,6.0
1082,pastry,6.0
1082,sauces,8.0
1082,pickled vegetables,8.0
1082,bottled water,8.0
1082,soda,4.0
1082,salty snack,8.0
1082,waffles,6.0
1082,specialty bar,8.0
1082,napkins,7.0
1082,light bulbs,8.0
1083,frankfurter,8.0
1083,tropical fruit,9.0
1083,dessert,6.0
1083,pastry,6.0
1083,flour,6.0
1083,margarine,8.0
1083,sugar,6.0
1083,artif. sweetener,8.0
1083,sauces,8.0
1083,rum,8.0
1083,skin care,7.0
1084,chicken,8.0
1084,citrus fruit,9.0
1084,root vegetables,9.0
1084,other vegetables,9.0
1084,whole milk,8.0
1084,yogurt,8.0
1084,hard cheese,8.0
1084,processed cheese,8.0
1084,mayonnaise,8.0
1084,frozen vegetables,8.0
1084,pastry,6.0
1084,roll products ,8.0
1084,rice,9.0
1084,margarine,8.0
1084,sugar,6.0
1084,pickled vegetables,8.0
1084,bottled water,8.0
1084,fruit/vegetable juice,8.0
1084,candy,8.0
1084,skin care,7.0
1084,napkins,7.0
1085,chicken,8.0
1085,tropical fruit,9.0
1085,whole milk,8.0
1085,condensed milk,8.0
1085,soft cheese,8.0
1085,processed cheese,8.0
1085,domestic eggs,8.0
1085,white bread,8.0
1085,pastry,6.0
1085,semi-finished bread,8.0
1085,soda,4.0
1085,long life bakery product,4.0
1085,waffles,6.0
1085,specialty chocolate,8.0
1085,napkins,7.0
1085,dishes,8.0
1085,kitchen towels,8.0
1085,shopping bags,8.0
1086,butter,8.0
1086,rolls/buns,8.0
1086,pastry,6.0
1086,bottled water,8.0
1086,canned beer,8.0
1086,waffles,6.0
1087,citrus fruit,9.0
1087,root vegetables,9.0
1087,dessert,6.0
1087,yogurt,8.0
1087,UHT-milk,8.0
1087,brown bread,6.0
1090,beef,8.0
1090,citrus fruit,9.0
1090,other vegetables,9.0
1090,whole milk,8.0
1090,domestic eggs,8.0
1090,rolls/buns,8.0
1090,brown bread,6.0
1090,coffee,8.0
1090,soda,4.0
1090,salty snack,8.0
1090,shopping bags,8.0
1092,sausage,8.0
1092,finished products,8.0
1092,tropical fruit,9.0
1092,pip fruit,9.0
1092,other vegetables,9.0
1092,butter,8.0
1092,curd,8.0
1092,dessert,6.0
1092,butter milk,8.0
1092,yogurt,8.0
1092,whipped/sour cream,8.0
1092,soft cheese,8.0
1092,frozen vegetables,8.0
1092,rolls/buns,8.0
1092,white bread,8.0
1092,brown bread,6.0
1092,pastry,6.0
1092,pasta,8.0
1092,soups,4.0
1092,baby food,8.0
1092,fruit/vegetable juice,8.0
1092,salty snack,8.0
1092,waffles,6.0
1092,cake bar,6.0
1092,chocolate,8.0
1092,shopping bags,8.0
1093,citrus fruit,9.0
1093,whole milk,8.0
1093,butter,8.0
1093,dessert,6.0
1093,UHT-milk,8.0
1093,flower (seeds),8.0
1093,shopping bags,8.0
1096,frankfurter,8.0
1096,herbs,9.0
1096,yogurt,8.0
1096,UHT-milk,8.0
1096,mayonnaise,8.0
1096,frozen vegetables,8.0
1096,margarine,8.0
1096,bottled water,8.0
1096,soda,4.0
1096,salty snack,8.0
1096,seasonal products,8.0
1096,detergent,6.0
1096,pot plants,8.0
1099,UHT-milk,8.0
1099,domestic eggs,8.0
1099,brown bread,6.0
1099,coffee,8.0
1099,soda,4.0
1099,canned beer,8.0
1099,liquor (appetizer),8.0
1099,newspapers,7.0
1101,citrus fruit,9.0
1101,butter,8.0
1101,UHT-milk,8.0
1101,margarine,8.0
1101,bottled beer,8.0
1102,sausage,8.0
1102,hamburger meat,8.0
1102,tropical fruit,9.0
1102,onions,9.0
1102,other vegetables,9.0
1102,butter,8.0
1102,yogurt,8.0
1102,white bread,8.0
1102,brown bread,6.0
1102,margarine,8.0
1102,cat food,8.0
1103,frankfurter,8.0
1103,root vegetables,9.0
1103,other vegetables,9.0
1103,domestic eggs,8.0
1103,rolls/buns,8.0
1103,pastry,6.0
1103,soups,4.0
1103,Instant food products,8.0
1103,bottled water,8.0
1104,citrus fruit,9.0
1104,yogurt,8.0
1104,UHT-milk,8.0
1104,cream cheese ,8.0
1104,dish cleaner,8.0
1104,house keeping products,8.0
1104,shopping bags,8.0
1105,ham,8.0
1105,whole milk,8.0
1105,processed cheese,8.0
1105,white bread,8.0
1105,semi-finished bread,8.0
1105,bottled water,8.0
1105,soda,4.0
1105,fruit/vegetable juice,8.0
1105,popcorn,8.0
1105,chewing gum,8.0
1105,shopping bags,8.0
1106,ham,8.0
1106,chicken,8.0
1106,citrus fruit,9.0
1106,pip fruit,9.0
1106,herbs,9.0
1106,other vegetables,9.0
1106,butter,8.0
1106,napkins,7.0
1109,tropical fruit,9.0
1109,pip fruit,9.0
1109,other vegetables,9.0
1109,cream cheese ,8.0
1109,soda,4.0
1109,bottled beer,8.0
1110,frankfurter,8.0
1110,sausage,8.0
1110,UHT-milk,8.0
1110,frozen meals,8.0
1110,frozen dessert,8.0
1110,domestic eggs,8.0
1110,rolls/buns,8.0
1110,pastry,6.0
1110,mustard,8.0
1110,coffee,8.0
1111,hamburger meat,8.0
1111,citrus fruit,9.0
1111,packaged fruit/vegetables,9.0
1111,rolls/buns,8.0
1111,vinegar,8.0
1111,cocoa drinks,8.0
1111,specialty chocolate,8.0
1113,sausage,8.0
1113,root vegetables,9.0
1113,rolls/buns,8.0
1113,bottled water,8.0
1113,white wine,8.0
1113,flower (seeds),8.0
1114,yogurt,8.0
1114,sliced cheese,8.0
1114,frozen vegetables,8.0
1114,frozen meals,8.0
1114,pickled vegetables,8.0
1114,coffee,8.0
1114,instant coffee,8.0
1115,meat,8.0
1115,other vegetables,9.0
1115,whole milk,8.0
1115,yogurt,8.0
1115,soft cheese,8.0
1115,sliced cheese,8.0
1115,domestic eggs,8.0
1115,margarine,8.0
1115,cat food,8.0
1115,pet care,8.0
1115,coffee,8.0
1115,bottled beer,8.0
1115,red/blush wine,8.0
1115,dish cleaner,8.0
1115,napkins,7.0
1115,kitchen towels,8.0
1122,citrus fruit,9.0
1122,tropical fruit,9.0
1122,pip fruit,9.0
1122,grapes,8.0
1122,root vegetables,9.0
1122,other vegetables,9.0
1122,whole milk,8.0
1122,curd,8.0
1122,dessert,6.0
1122,whipped/sour cream,8.0
1122,UHT-milk,8.0
1122,frozen vegetables,8.0
1122,frozen meals,8.0
1122,bottled water,8.0
1122,fruit/vegetable juice,8.0
1122,specialty chocolate,8.0
1122,napkins,7.0
1123,citrus fruit,9.0
1123,other vegetables,9.0
1123,butter,8.0
1123,soda,4.0
1123,bottled beer,8.0
1123,canned beer,8.0
1123,waffles,6.0
1123,chocolate,8.0
1123,seasonal products,8.0
1124,meat,8.0
1124,other vegetables,9.0
1124,packaged fruit/vegetables,9.0
1124,cream cheese ,8.0
1124,margarine,8.0
1124,bottled water,8.0
1124,salty snack,8.0
1126,root vegetables,9.0
1126,whipped/sour cream,8.0
1126,salt,8.0
1126,fruit/vegetable juice,8.0
1126,salty snack,8.0
1127,tropical fruit,9.0
1127,other vegetables,9.0
1127,whole milk,8.0
1127,curd,8.0
1127,whipped/sour cream,8.0
1127,bottled beer,8.0
1128,brown bread,6.0
1128,oil,8.0
1128,sugar,6.0
1128,soda,4.0
1128,bottled beer,8.0
1131,ham,8.0
1131,tropical fruit,9.0
1131,cream cheese ,8.0
1131,processed cheese,8.0
1131,white bread,8.0
1131,candy,8.0
1133,ice cream,8.0
1133,misc. beverages,8.0
1133,canned beer,8.0
1133,napkins,7.0
1133,shopping bags,8.0
1134,tropical fruit,9.0
1134,other vegetables,9.0
1134,bottled water,8.0
1134,bottled beer,8.0
1134,napkins,7.0
1142,dessert,6.0
1142,yogurt,8.0
1142,UHT-milk,8.0
1142,soda,4.0
1142,canned beer,8.0
1142,light bulbs,8.0
1143,frankfurter,8.0
1143,tropical fruit,9.0
1143,cream cheese ,8.0
1143,rolls/buns,8.0
1143,fruit/vegetable juice,8.0
1143,kitchen towels,8.0
1143,newspapers,7.0
1144,sausage,8.0
1144,citrus fruit,9.0
1144,pip fruit,9.0
1144,yogurt,8.0
1144,beverages,8.0
1144,sliced cheese,8.0
1144,sugar,6.0
1144,bottled water,8.0
1144,soda,4.0
1144,cake bar,6.0
1145,meat,8.0
1145,citrus fruit,9.0
1145,root vegetables,9.0
1145,other vegetables,9.0
1145,whipped/sour cream,8.0
1145,semi-finished bread,8.0
1145,salty snack,8.0
1146,sausage,8.0
1146,yogurt,8.0
1146,pastry,6.0
1146,margarine,8.0
1146,soda,4.0
1146,bottled beer,8.0
1146,flower (seeds),8.0
1148,beef,8.0
1148,citrus fruit,9.0
1148,onions,9.0
1148,herbs,9.0
1148,other vegetables,9.0
1148,whole milk,8.0
1148,yogurt,8.0
1148,whipped/sour cream,8.0
1148,specialty cheese,8.0
1148,brown bread,6.0
1148,canned vegetables,8.0
1148,bottled water,8.0
1148,dish cleaner,8.0
1148,abrasive cleaner,7.0
1148,hygiene articles,7.0
1149,pip fruit,9.0
1149,other vegetables,9.0
1149,butter,8.0
1149,yogurt,8.0
1149,whipped/sour cream,8.0
1149,brown bread,6.0
1149,pastry,6.0
1149,fruit/vegetable juice,8.0
1149,detergent,6.0
1150,ham,8.0
1150,hamburger meat,8.0
1150,onions,9.0
1150,other vegetables,9.0
1150,processed cheese,8.0
1150,frozen vegetables,8.0
1150,domestic eggs,8.0
1150,rolls/buns,8.0
1150,white bread,8.0
1150,cookware,8.0
1150,shopping bags,8.0
1152,citrus fruit,9.0
1152,grapes,8.0
1152,curd,8.0
1152,bottled water,8.0
1152,waffles,6.0
1156,ham,8.0
1156,grapes,8.0
1156,spread cheese,8.0
1156,ice cream,8.0
1156,frozen potato products,8.0
1156,white bread,8.0
1156,oil,8.0
1156,pudding powder,8.0
1157,grapes,8.0
1157,specialty cheese,8.0
1157,pasta,8.0
1157,coffee,8.0
1157,bottled water,8.0
1157,soda,4.0
1157,canned beer,8.0
1157,brandy,8.0
1157,white wine,8.0
1168,tropical fruit,9.0
1168,other vegetables,9.0
1168,soda,4.0
1168,candy,8.0
1168,shopping bags,8.0
1169,sausage,8.0
1169,other vegetables,9.0
1169,pasta,8.0
1169,oil,8.0
1169,margarine,8.0
1169,coffee,8.0
1169,syrup,6.0
1169,canned beer,8.0
1169,napkins,7.0
1169,light bulbs,8.0
1169,shopping bags,8.0
1170,sausage,8.0
1170,meat,8.0
1170,other vegetables,9.0
1170,brown bread,6.0
1170,canned fish,8.0
1170,bottled water,8.0
1170,canned beer,8.0
1170,liquor (appetizer),8.0
1170,shopping bags,8.0
1171,pork,8.0
1171,tropical fruit,9.0
1171,other vegetables,9.0
1171,dessert,6.0
1171,yogurt,8.0
1171,roll products ,8.0
1171,flour,6.0
1171,rice,9.0
1171,coffee,8.0
1171,bottled water,8.0
1171,soda,4.0
1171,fruit/vegetable juice,8.0
1171,canned beer,8.0
1171,salty snack,8.0
1172,sausage,8.0
1172,citrus fruit,9.0
1172,pip fruit,9.0
1172,mayonnaise,8.0
1172,brown bread,6.0
1172,shopping bags,8.0
1174,grapes,8.0
1174,pastry,6.0
1174,salty snack,8.0
1174,light bulbs,8.0
1174,shopping bags,8.0
1175,other vegetables,9.0
1175,yogurt,8.0
1175,processed cheese,8.0
1175,ketchup,8.0
1175,bottled water,8.0
1175,male cosmetics,7.0
1180,bottled water,8.0
1180,soda,4.0
1180,chewing gum,8.0
1180,specialty chocolate,8.0
1180,candy,8.0
1183,beef,8.0
1183,other vegetables,9.0
1183,butter milk,8.0
1183,yogurt,8.0
1183,whipped/sour cream,8.0
1183,cream cheese ,8.0
1183,white bread,8.0
1183,fruit/vegetable juice,8.0
1183,bottled beer,8.0
1183,chocolate,8.0
1185,beef,8.0
1185,root vegetables,9.0
1185,other vegetables,9.0
1185,butter,8.0
1185,yogurt,8.0
1185,rolls/buns,8.0
1185,flour,6.0
1187,berries,9.0
1187,root vegetables,9.0
1187,whipped/sour cream,8.0
1187,roll products ,8.0
1187,bottled beer,8.0
1188,sausage,8.0
1188,hamburger meat,8.0
1188,whole milk,8.0
1188,rolls/buns,8.0
1188,oil,8.0
1188,pickled vegetables,8.0
1188,softener,8.0
1188,hygiene articles,7.0
1189,chicken,8.0
1189,pork,8.0
1189,beef,8.0
1189,whole milk,8.0
1189,curd,8.0
1189,whipped/sour cream,8.0
1190,sausage,8.0
1190,citrus fruit,9.0
1190,whole milk,8.0
1190,cream cheese ,8.0
1190,processed cheese,8.0
1190,frozen vegetables,8.0
1190,rolls/buns,8.0
1190,pastry,6.0
1190,fruit/vegetable juice,8.0
1190,chewing gum,8.0
1198,citrus fruit,9.0
1198,root vegetables,9.0
1198,other vegetables,9.0
1198,whole milk,8.0
1198,curd,8.0
1198,yogurt,8.0
1198,whipped/sour cream,8.0
1198,hard cheese,8.0
1198,cream cheese ,8.0
1198,domestic eggs,8.0
1198,flour,6.0
1198,rice,9.0
1198,oil,8.0
1198,margarine,8.0
1198,sugar,6.0
1199,citrus fruit,9.0
1199,tropical fruit,9.0
1199,grapes,8.0
1199,whole milk,8.0
1199,brown bread,6.0
1199,pastry,6.0
1201,tropical fruit,9.0
1201,other vegetables,9.0
1201,whipped/sour cream,8.0
1201,UHT-milk,8.0
1201,frozen vegetables,8.0
1201,oil,8.0
1201,margarine,8.0
1201,fruit/vegetable juice,8.0
1201,kitchen towels,8.0
1202,frankfurter,8.0
1202,tropical fruit,9.0
1202,butter,8.0
1202,whipped/sour cream,8.0
1202,frozen vegetables,8.0
1202,rolls/buns,8.0
1202,sugar,6.0
1202,baking powder,6.0
1202,bottled water,8.0
1202,misc. beverages,8.0
1202,long life bakery product,4.0
1202,newspapers,7.0
1205,other vegetables,9.0
1205,curd,8.0
1205,yogurt,8.0
1205,pickled vegetables,8.0
1205,bottled water,8.0
1206,sausage,8.0
1206,whole milk,8.0
1206,curd,8.0
1206,butter milk,8.0
1206,whipped/sour cream,8.0
1207,pork,8.0
1207,whole milk,8.0
1207,margarine,8.0
1207,soda,4.0
1207,canned beer,8.0
1207,newspapers,7.0
1208,citrus fruit,9.0
1208,yogurt,8.0
1208,whipped/sour cream,8.0
1208,soda,4.0
1208,cookware,8.0
1209,tropical fruit,9.0
1209,whole milk,8.0
1209,domestic eggs,8.0
1209,pastry,6.0
1209,hygiene articles,7.0
1211,pork,8.0
1211,whole milk,8.0
1211,sugar,6.0
1211,soda,4.0
1211,long life bakery product,4.0
1211,chocolate,8.0
1212,chicken,8.0
1212,pork,8.0
1212,pip fruit,9.0
1212,other vegetables,9.0
1212,whole milk,8.0
1212,tidbits,8.0
1212,frozen fish,8.0
1212,rolls/buns,8.0
1212,margarine,8.0
1212,baking powder,6.0
1212,soda,4.0
1212,bottled beer,8.0
1212,white wine,8.0
1212,waffles,6.0
1212,chocolate,8.0
1212,candy,8.0
1213,root vegetables,9.0
1213,whole milk,8.0
1213,yogurt,8.0
1213,rolls/buns,8.0
1213,pot plants,8.0
1216,beef,8.0
1216,tropical fruit,9.0
1216,whole milk,8.0
1216,ice cream,8.0
1216,cat food,8.0
1217,frankfurter,8.0
1217,sausage,8.0
1217,liver loaf,8.0
1217,ham,8.0
1217,chicken,8.0
1217,beef,8.0
1217,citrus fruit,9.0
1217,tropical fruit,9.0
1217,root vegetables,9.0
1217,other vegetables,9.0
1217,whole milk,8.0
1217,butter,8.0
1217,curd,8.0
1217,yogurt,8.0
1217,whipped/sour cream,8.0
1217,beverages,8.0
1217,soft cheese,8.0
1217,hard cheese,8.0
1217,cream cheese ,8.0
1217,mayonnaise,8.0
1217,domestic eggs,8.0
1217,rolls/buns,8.0
1217,roll products ,8.0
1217,flour,6.0
1217,pasta,8.0
1217,margarine,8.0
1217,specialty fat,8.0
1217,sugar,6.0
1217,soups,4.0
1217,skin care,7.0
1217,hygiene articles,7.0
1217,candles,8.0
1218,frankfurter,8.0
1218,pip fruit,9.0
1218,other vegetables,9.0
1218,yogurt,8.0
1218,spread cheese,8.0
1218,rolls/buns,8.0
1218,white bread,8.0
1218,pastry,6.0
1218,coffee,8.0
1218,soda,4.0
1218,waffles,6.0
1218,hygiene articles,7.0
1219,beef,8.0
1219,hamburger meat,8.0
1219,other vegetables,9.0
1219,rolls/buns,8.0
1219,brown bread,6.0
1219,bottled water,8.0
1219,soda,4.0
1219,bottled beer,8.0
1219,canned beer,8.0
1220,ham,8.0
1220,pork,8.0
1220,hamburger meat,8.0
1220,pip fruit,9.0
1220,other vegetables,9.0
1220,whole milk,8.0
1220,butter,8.0
1220,curd,8.0
1220,dessert,6.0
1220,butter milk,8.0
1220,whipped/sour cream,8.0
1220,domestic eggs,8.0
1220,brown bread,6.0
1220,roll products ,8.0
1220,hygiene articles,7.0
1222,pork,8.0
1222,root vegetables,9.0
1222,other vegetables,9.0
1222,specialty fat,8.0
1222,sugar,6.0
1222,baking powder,6.0
1222,cat food,8.0
1222,salty snack,8.0
1222,waffles,6.0
1222,shopping bags,8.0
1223,condensed milk,8.0
1223,bottled water,8.0
1223,misc. beverages,8.0
1223,bottled beer,8.0
1223,bathroom cleaner,7.0
1225,sausage,8.0
1225,meat,8.0
1225,butter,8.0
1225,domestic eggs,8.0
1225,cat food,8.0
1227,chicken,8.0
1227,pork,8.0
1227,grapes,8.0
1227,other vegetables,9.0
1227,domestic eggs,8.0
1227,rolls/buns,8.0
1227,pastry,6.0
1227,soda,4.0
1227,specialty bar,8.0
1228,finished products,8.0
1228,other vegetables,9.0
1228,whole milk,8.0
1228,whipped/sour cream,8.0
1228,margarine,8.0
1228,cereals,8.0
1228,soda,4.0
1228,salty snack,8.0
1229,pork,8.0
1229,beef,8.0
1229,citrus fruit,9.0
1229,berries,9.0
1229,root vegetables,9.0
1229,other vegetables,9.0
1229,whole milk,8.0
1229,yogurt,8.0
1229,cream cheese ,8.0
1229,vinegar,8.0
1229,oil,8.0
1229,cat food,8.0
1229,specialty chocolate,8.0
1229,detergent,6.0
1229,dish cleaner,8.0
1229,abrasive cleaner,7.0
1229,cleaner,6.0
1229,hygiene articles,7.0
1229,shopping bags,8.0
1235,other vegetables,9.0
1235,rolls/buns,8.0
1235,bottled water,8.0
1235,fruit/vegetable juice,8.0
1235,canned beer,8.0
1235,shopping bags,8.0
1237,sausage,8.0
1237,meat,8.0
1237,pork,8.0
1237,whole milk,8.0
1237,butter,8.0
1237,whipped/sour cream,8.0
1237,frozen vegetables,8.0
1237,frozen dessert,8.0
1237,white bread,8.0
1237,brown bread,6.0
1237,pastry,6.0
1237,coffee,8.0
1238,sausage,8.0
1238,mayonnaise,8.0
1238,rolls/buns,8.0
1238,canned beer,8.0
1238,shopping bags,8.0
1240,frankfurter,8.0
1240,beef,8.0
1240,tropical fruit,9.0
1240,pip fruit,9.0
1240,butter,8.0
1240,yogurt,8.0
1240,dog food,8.0
1240,long life bakery product,4.0
1240,cookware,8.0
1240,newspapers,7.0
1244,chicken,8.0
1244,tropical fruit,9.0
1244,pip fruit,9.0
1244,root vegetables,9.0
1244,herbs,9.0
1244,other vegetables,9.0
1244,dessert,6.0
1244,yogurt,8.0
1244,whipped/sour cream,8.0
1244,beverages,8.0
1244,brown bread,6.0
1244,cat food,8.0
1244,shopping bags,8.0
1245,tropical fruit,9.0
1245,pip fruit,9.0
1245,other vegetables,9.0
1245,whole milk,8.0
1245,napkins,7.0
1245,dishes,8.0
1245,flower (seeds),8.0
1247,citrus fruit,9.0
1247,grapes,8.0
1247,rolls/buns,8.0
1247,pastry,6.0
1247,coffee,8.0
1247,soda,4.0
1248,hamburger meat,8.0
1248,pip fruit,9.0
1248,whole milk,8.0
1248,curd,8.0
1248,beverages,8.0
1248,brandy,8.0
1248,male cosmetics,7.0
1248,cookware,8.0
1248,shopping bags,8.0
1249,chicken,8.0
1249,berries,9.0
1249,mayonnaise,8.0
1249,frozen vegetables,8.0
1249,salty snack,8.0
1249,newspapers,7.0
1253,sausage,8.0
1253,tropical fruit,9.0
1253,whole milk,8.0
1253,yogurt,8.0
1253,processed cheese,8.0
1253,pastry,6.0
1253,margarine,8.0
1253,Instant food products,8.0
1253,coffee,8.0
1253,popcorn,8.0
1253,house keeping products,8.0
1255,frankfurter,8.0
1255,whole milk,8.0
1255,whipped/sour cream,8.0
1255,curd cheese,6.0
1255,domestic eggs,8.0
1255,margarine,8.0
1255,baking powder,6.0
1255,cat food,8.0
1255,bottled water,8.0
1255,canned beer,8.0
1255,candy,8.0
1255,napkins,7.0
1256,sausage,8.0
1256,root vegetables,9.0
1256,other vegetables,9.0
1256,whole milk,8.0
1256,butter,8.0
1256,whipped/sour cream,8.0
1256,processed cheese,8.0
1256,sugar,6.0
1256,baking powder,6.0
1256,jam,8.0
1256,coffee,8.0
1256,bottled water,8.0
1256,soda,4.0
1256,fruit/vegetable juice,8.0
1256,salty snack,8.0
1256,long life bakery product,4.0
1256,candy,8.0
1256,napkins,7.0
1263,turkey,6.0
1263,pork,8.0
1263,beef,8.0
1263,hamburger meat,8.0
1263,tropical fruit,9.0
1263,root vegetables,9.0
1263,onions,9.0
1263,other vegetables,9.0
1263,whole milk,8.0
1263,butter,8.0
1263,butter milk,8.0
1263,yogurt,8.0
1263,rolls/buns,8.0
1263,oil,8.0
1263,fruit/vegetable juice,8.0
1263,waffles,6.0
1263,candy,8.0
1268,pork,8.0
1268,root vegetables,9.0
1268,whole milk,8.0
1268,curd,8.0
1268,whipped/sour cream,8.0
1268,rolls/buns,8.0
1268,white bread,8.0
1268,canned vegetables,8.0
1268,soda,4.0
1268,cleaner,6.0
1270,frankfurter,8.0
1270,sausage,8.0
1270,tropical fruit,9.0
1270,whole milk,8.0
1270,yogurt,8.0
1270,pastry,6.0
1270,sugar,6.0
1270,bottled water,8.0
1270,soda,4.0
1270,fruit/vegetable juice,8.0
1272,chicken,8.0
1272,hamburger meat,8.0
1272,other vegetables,9.0
1272,rolls/buns,8.0
1272,shopping bags,8.0
1273,beef,8.0
1273,domestic eggs,8.0
1273,rolls/buns,8.0
1273,flour,6.0
1273,candy,8.0
1274,dessert,6.0
1274,UHT-milk,8.0
1274,bottled water,8.0
1274,soda,4.0
1274,canned beer,8.0
1274,chewing gum,8.0
1274,softener,8.0
1274,shopping bags,8.0
1275,pork,8.0
1275,citrus fruit,9.0
1275,other vegetables,9.0
1275,domestic eggs,8.0
1275,margarine,8.0
1275,canned beer,8.0
1276,curd,8.0
1276,whipped/sour cream,8.0
1276,flour,6.0
1276,baking powder,6.0
1276,newspapers,7.0
1279,frankfurter,8.0
1279,ham,8.0
1279,root vegetables,9.0
1279,onions,9.0
1279,whole milk,8.0
1279,yogurt,8.0
1279,rolls/buns,8.0
1279,white bread,8.0
1279,brown bread,6.0
1279,margarine,8.0
1280,frankfurter,8.0
1280,root vegetables,9.0
1280,rolls/buns,8.0
1280,pastry,6.0
1280,mustard,8.0
1280,bottled beer,8.0
1280,shopping bags,8.0
1281,liver loaf,8.0
1281,root vegetables,9.0
1281,pet care,8.0
1281,waffles,6.0
1281,chocolate,8.0
1282,pork,8.0
1282,root vegetables,9.0
1282,onions,9.0
1282,other vegetables,9.0
1282,whole milk,8.0
1282,napkins,7.0
1282,shopping bags,8.0
1283,frankfurter,8.0
1283,liver loaf,8.0
1283,turkey,6.0
1283,UHT-milk,8.0
1283,pasta,8.0
1283,waffles,6.0
1283,chocolate,8.0
1283,dental care,8.0
1283,dishes,8.0
1284,pork,8.0
1284,citrus fruit,9.0
1284,root vegetables,9.0
1284,other vegetables,9.0
1284,whole milk,8.0
1284,butter,8.0
1284,soda,4.0
1284,dishes,8.0
1284,newspapers,7.0
1284,flower (seeds),8.0
1285,pork,8.0
1285,tropical fruit,9.0
1285,root vegetables,9.0
1285,onions,9.0
1285,other vegetables,9.0
1285,whole milk,8.0
1285,butter,8.0
1285,whipped/sour cream,8.0
1285,soft cheese,8.0
1285,sliced cheese,8.0
1285,ice cream,8.0
1285,semi-finished bread,8.0
1285,soda,4.0
1285,newspapers,7.0
1287,root vegetables,9.0
1287,rolls/buns,8.0
1287,margarine,8.0
1287,soda,4.0
1287,bottled beer,8.0
1291,pork,8.0
1291,beef,8.0
1291,whole milk,8.0
1291,curd,8.0
1291,rolls/buns,8.0
1291,pastry,6.0
1294,citrus fruit,9.0
1294,other vegetables,9.0
1294,whole milk,8.0
1294,yogurt,8.0
1294,hard cheese,8.0
1294,specialty cheese,8.0
1294,rolls/buns,8.0
1294,flour,6.0
1294,cat food,8.0
1296,soda,4.0
1296,chocolate,8.0
1296,specialty chocolate,8.0
1296,newspapers,7.0
1296,shopping bags,8.0
1301,sausage,8.0
1301,meat,8.0
1301,chicken,8.0
1301,root vegetables,9.0
1301,other vegetables,9.0
1301,whole milk,8.0
1301,salt,8.0
1301,salty snack,8.0
1302,beef,8.0
1302,berries,9.0
1302,other vegetables,9.0
1302,white bread,8.0
1302,shopping bags,8.0
1303,ham,8.0
1303,whole milk,8.0
1303,hard cheese,8.0
1303,frozen meals,8.0
1303,rolls/buns,8.0
1303,rice,9.0
1303,soups,4.0
1303,baking powder,6.0
1303,canned vegetables,8.0
1303,bottled beer,8.0
1303,female sanitary products,7.0
1304,chicken,8.0
1304,pork,8.0
1304,root vegetables,9.0
1304,onions,9.0
1304,packaged fruit/vegetables,9.0
1304,butter,8.0
1304,hard cheese,8.0
1304,salt,8.0
1304,bottled water,8.0
1304,bottled beer,8.0
1305,herbs,9.0
1305,other vegetables,9.0
1305,whole milk,8.0
1305,butter,8.0
1305,white bread,8.0
1305,margarine,8.0
1305,misc. beverages,8.0
1305,hygiene articles,7.0
1305,shopping bags,8.0
1307,tropical fruit,9.0
1307,pip fruit,9.0
1307,whole milk,8.0
1307,chewing gum,8.0
1307,chocolate,8.0
1308,frankfurter,8.0
1308,meat,8.0
1308,tropical fruit,9.0
1308,berries,9.0
1308,other vegetables,9.0
1308,whole milk,8.0
1308,whipped/sour cream,8.0
1308,domestic eggs,8.0
1308,margarine,8.0
1308,ketchup,8.0
1308,misc. beverages,8.0
1308,canned beer,8.0
1308,salty snack,8.0
1309,onions,9.0
1309,other vegetables,9.0
1309,rolls/buns,8.0
1309,salt,8.0
1309,chocolate,8.0
1309,specialty bar,8.0
1309,shopping bags,8.0
1310,sausage,8.0
1310,organic sausage,9.0
1310,citrus fruit,9.0
1310,berries,9.0
1310,yogurt,8.0
1310,whipped/sour cream,8.0
1310,domestic eggs,8.0
1310,rolls/buns,8.0
1310,canned vegetables,8.0
1310,salty snack,8.0
1310,newspapers,7.0
1311,citrus fruit,9.0
1311,other vegetables,9.0
1311,soft cheese,8.0
1311,rolls/buns,8.0
1311,pastry,6.0
1311,canned beer,8.0
1311,newspapers,7.0
1312,hamburger meat,8.0
1312,pastry,6.0
1312,soda,4.0
1312,canned beer,8.0
1312,detergent,6.0
1312,softener,8.0
1312,hygiene articles,7.0
1312,shopping bags,8.0
1313,frankfurter,8.0
1313,root vegetables,9.0
1313,other vegetables,9.0
1313,whole milk,8.0
1313,whipped/sour cream,8.0
1313,sliced cheese,8.0
1313,frozen meals,8.0
1313,frozen dessert,8.0
1313,flour,6.0
1313,sugar,6.0
1313,coffee,8.0
1313,cleaner,6.0
1313,shopping bags,8.0
1319,pip fruit,9.0
1319,root vegetables,9.0
1319,other vegetables,9.0
1319,whole milk,8.0
1319,chewing gum,8.0
1319,kitchen towels,8.0
1323,frankfurter,8.0
1323,berries,9.0
1323,other vegetables,9.0
1323,whole milk,8.0
1323,soft cheese,8.0
1323,domestic eggs,8.0
1323,rolls/buns,8.0
1323,brown bread,6.0
1323,pastry,6.0
1323,shopping bags,8.0
1324,meat,8.0
1324,beef,8.0
1324,tropical fruit,9.0
1324,pip fruit,9.0
1324,berries,9.0
1324,other vegetables,9.0
1324,whole milk,8.0
1324,white bread,8.0
1324,brown bread,6.0
1324,sugar,6.0
1324,detergent,6.0
1325,whole milk,8.0
1325,canned fish,8.0
1325,soda,4.0
1325,bottled beer,8.0
1325,hygiene articles,7.0
1325,candles,8.0
1331,whole milk,8.0
1331,yogurt,8.0
1331,frozen meals,8.0
1331,sugar,6.0
1331,coffee,8.0
1331,bottled water,8.0
1331,fruit/vegetable juice,8.0
1331,bottled beer,8.0
1331,salty snack,8.0
1332,citrus fruit,9.0
1332,pip fruit,9.0
1332,grapes,8.0
1332,other vegetables,9.0
1332,dessert,6.0
1332,butter milk,8.0
1332,yogurt,8.0
1332,domestic eggs,8.0
1332,flour,6.0
1332,oil,8.0
1332,sugar,6.0
1332,ketchup,8.0
1332,detergent,6.0
1332,dish cleaner,8.0
1333,tropical fruit,9.0
1333,whole milk,8.0
1333,hard cheese,8.0
1333,rolls/buns,8.0
1333,cat food,8.0
1333,bottled water,8.0
1333,dish cleaner,8.0
1338,root vegetables,9.0
1338,whole milk,8.0
1338,butter,8.0
1338,yogurt,8.0
1338,whipped/sour cream,8.0
1338,soft cheese,8.0
1338,cream cheese ,8.0
1338,domestic eggs,8.0
1338,brown bread,6.0
1338,jam,8.0
1338,misc. beverages,8.0
1338,fruit/vegetable juice,8.0
1338,napkins,7.0
1338,pot plants,8.0
1339,berries,9.0
1339,other vegetables,9.0
1339,butter milk,8.0
1339,yogurt,8.0
1339,soda,4.0
1339,newspapers,7.0
1341,sausage,8.0
1341,pip fruit,9.0
1341,root vegetables,9.0
1341,bottled beer,8.0
1341,abrasive cleaner,7.0
1341,light bulbs,8.0
1343,chicken,8.0
1343,root vegetables,9.0
1343,roll products ,8.0
1343,vinegar,8.0
1343,shopping bags,8.0
1345,sausage,8.0
1345,hard cheese,8.0
1345,rolls/buns,8.0
1345,canned vegetables,8.0
1345,dog food,8.0
1346,ham,8.0
1346,hamburger meat,8.0
1346,citrus fruit,9.0
1346,root vegetables,9.0
1346,onions,9.0
1346,other vegetables,9.0
1346,whole milk,8.0
1346,white bread,8.0
1346,brown bread,6.0
1346,sugar,6.0
1346,soda,4.0
1346,red/blush wine,8.0
1346,dishes,8.0
1346,shopping bags,8.0
1348,root vegetables,9.0
1348,onions,9.0
1348,whole milk,8.0
1348,bottled water,8.0
1348,dishes,8.0
1350,frankfurter,8.0
1350,chicken,8.0
1350,butter,8.0
1350,dessert,6.0
1350,butter milk,8.0
1350,ice cream,8.0
1350,pastry,6.0
1350,oil,8.0
1350,margarine,8.0
1350,soda,4.0
1350,salty snack,8.0
1350,chocolate,8.0
1350,chocolate marshmallow,8.0
1350,detergent,6.0
1350,hygiene articles,7.0
1350,napkins,7.0
1350,pot plants,8.0
1352,sausage,8.0
1352,ham,8.0
1352,meat,8.0
1352,chicken,8.0
1352,tropical fruit,9.0
1352,other vegetables,9.0
1352,whole milk,8.0
1352,butter,8.0
1352,yogurt,8.0
1352,cream cheese ,8.0
1352,frozen vegetables,8.0
1352,domestic eggs,8.0
1352,rolls/buns,8.0
1352,brown bread,6.0
1352,semi-finished bread,8.0
1352,candy,8.0
1352,newspapers,7.0
1354,ham,8.0
1354,tropical fruit,9.0
1354,grapes,8.0
1354,onions,9.0
1354,other vegetables,9.0
1354,yogurt,8.0
1354,whipped/sour cream,8.0
1354,soft cheese,8.0
1354,sliced cheese,8.0
1354,frozen vegetables,8.0
1354,white bread,8.0
1354,pastry,6.0
1354,semi-finished bread,8.0
1354,oil,8.0
1354,cat food,8.0
1354,bottled water,8.0
1354,fruit/vegetable juice,8.0
1354,detergent,6.0
1354,house keeping products,8.0
1356,citrus fruit,9.0
1356,frozen meals,8.0
1356,canned beer,8.0
1356,red/blush wine,8.0
1356,salty snack,8.0
1361,chicken,8.0
1361,other vegetables,9.0
1361,whole milk,8.0
1361,domestic eggs,8.0
1361,pastry,6.0
1361,canned beer,8.0
1363,ham,8.0
1363,dessert,6.0
1363,frozen meals,8.0
1363,frozen dessert,8.0
1363,white bread,8.0
1363,sweet spreads,8.0
1363,soda,4.0
1363,long life bakery product,4.0
1363,specialty bar,8.0
1363,hygiene articles,7.0
1363,newspapers,7.0
1363,shopping bags,8.0
1364,whole milk,8.0
1364,butter milk,8.0
1364,soda,4.0
1364,chewing gum,8.0
1364,shopping bags,8.0
1366,ham,8.0
1366,herbs,9.0
1366,other vegetables,9.0
1366,curd,8.0
1366,yogurt,8.0
1366,cream cheese ,8.0
1366,light bulbs,8.0
1368,frankfurter,8.0
1368,packaged fruit/vegetables,9.0
1368,brown bread,6.0
1368,margarine,8.0
1368,waffles,6.0
1375,sausage,8.0
1375,meat,8.0
1375,grapes,8.0
1375,other vegetables,9.0
1375,yogurt,8.0
1375,soft cheese,8.0
1375,domestic eggs,8.0
1375,rolls/buns,8.0
1375,margarine,8.0
1375,soda,4.0
1375,chocolate,8.0
1381,yogurt,8.0
1381,pastry,6.0
1381,semi-finished bread,8.0
1381,soda,4.0
1381,shopping bags,8.0
1385,frankfurter,8.0
1385,sausage,8.0
1385,whole milk,8.0
1385,butter,8.0
1385,dessert,6.0
1385,pastry,6.0
1385,fruit/vegetable juice,8.0
1386,tropical fruit,9.0
1386,other vegetables,9.0
1386,packaged fruit/vegetables,9.0
1386,whole milk,8.0
1386,frozen meals,8.0
1386,white bread,8.0
1386,instant coffee,8.0
1386,soda,4.0
1386,female sanitary products,7.0
1386,newspapers,7.0
1386,pot plants,8.0
1386,shopping bags,8.0
1391,citrus fruit,9.0
1391,pip fruit,9.0
1391,grapes,8.0
1391,berries,9.0
1391,soft cheese,8.0
1391,rolls/buns,8.0
1391,oil,8.0
1391,shopping bags,8.0
1392,beef,8.0
1392,root vegetables,9.0
1392,whole milk,8.0
1392,butter milk,8.0
1392,yogurt,8.0
1392,beverages,8.0
1392,cream cheese ,8.0
1392,sweet spreads,8.0
1392,soda,4.0
1392,chocolate,8.0
1393,citrus fruit,9.0
1393,onions,9.0
1393,other vegetables,9.0
1393,whole milk,8.0
1393,cream cheese ,8.0
1393,domestic eggs,8.0
1393,sugar,6.0
1393,bottled water,8.0
1393,bottled beer,8.0
1393,long life bakery product,4.0
1393,seasonal products,8.0
1393,napkins,7.0
1400,packaged fruit/vegetables,9.0
1400,whole milk,8.0
1400,pastry,6.0
1400,bottled water,8.0
1400,soda,4.0
1400,misc. beverages,8.0
1400,chewing gum,8.0
1400,specialty bar,8.0
1400,hygiene articles,7.0
1400,pot plants,8.0
1400,shopping bags,8.0
1402,finished products,8.0
1402,beef,8.0
1402,tropical fruit,9.0
1402,spread cheese,8.0
1402,rolls/buns,8.0
1402,waffles,6.0
1402,chocolate,8.0
1402,specialty chocolate,8.0
1402,hair spray,7.0
1402,shopping bags,8.0
1406,sausage,8.0
1406,other vegetables,9.0
1406,sliced cheese,8.0
1406,rolls/buns,8.0
1406,coffee,8.0
1406,soda,4.0
1406,shopping bags,8.0
1411,root vegetables,9.0
1411,whole milk,8.0
1411,brown bread,6.0
1411,brandy,8.0
1411,detergent,6.0
1411,dish cleaner,8.0
1411,female sanitary products,7.0
1411,napkins,7.0
1411,shopping bags,8.0
1414,other vegetables,9.0
1414,misc. beverages,8.0
1414,long life bakery product,4.0
1414,chocolate,8.0
1414,candy,8.0
1414,shopping bags,8.0
1418,pork,8.0
1418,beef,8.0
1418,other vegetables,9.0
1418,yogurt,8.0
1418,shopping bags,8.0
1419,grapes,8.0
1419,butter,8.0
1419,domestic eggs,8.0
1419,salt,8.0
1419,sugar,6.0
1419,baking powder,6.0
1421,sausage,8.0
1421,ham,8.0
1421,citrus fruit,9.0
1421,grapes,8.0
1421,berries,9.0
1421,butter milk,8.0
1421,frozen meals,8.0
1421,domestic eggs,8.0
1421,cat food,8.0
1421,coffee,8.0
1421,bottled water,8.0
1421,soda,4.0
1421,fruit/vegetable juice,8.0
1421,waffles,6.0
1421,hygiene articles,7.0
1432,pip fruit,9.0
1432,root vegetables,9.0
1432,whole milk,8.0
1432,rolls/buns,8.0
1432,pastry,6.0
1432,coffee,8.0
1432,chocolate,8.0
1439,tropical fruit,9.0
1439,pip fruit,9.0
1439,grapes,8.0
1439,ice cream,8.0
1439,frozen potato products,8.0
1439,rolls/buns,8.0
1439,pastry,6.0
1439,soda,4.0
1439,misc. beverages,8.0
1439,salty snack,8.0
1439,long life bakery product,4.0
1439,chewing gum,8.0
1439,specialty bar,8.0
1439,napkins,7.0
1439,photo/film,8.0
1443,grapes,8.0
1443,root vegetables,9.0
1443,whole milk,8.0
1443,butter,8.0
1443,whipped/sour cream,8.0
1443,condensed milk,8.0
1443,roll products ,8.0
1443,oil,8.0
1443,bottled water,8.0
1443,fruit/vegetable juice,8.0
1444,liver loaf,8.0
1444,tropical fruit,9.0
1444,pip fruit,9.0
1444,grapes,8.0
1444,whole milk,8.0
1444,curd,8.0
1444,whipped/sour cream,8.0
1444,frozen vegetables,8.0
1444,baking powder,6.0
1445,beef,8.0
1445,root vegetables,9.0
1445,other vegetables,9.0
1445,soda,4.0
1445,bottled beer,8.0
1445,hygiene articles,7.0
1446,root vegetables,9.0
1446,whole milk,8.0
1446,butter,8.0
1446,domestic eggs,8.0
1446,flour,6.0
1446,oil,8.0
1446,sugar,6.0
1446,baking powder,6.0
1446,white wine,8.0
1446,specialty chocolate,8.0
1446,shopping bags,8.0
1450,herbs,9.0
1450,curd,8.0
1450,roll products ,8.0
1450,vinegar,8.0
1450,canned beer,8.0
1450,newspapers,7.0
1453,pastry,6.0
1453,sugar,6.0
1453,bottled beer,8.0
1453,long life bakery product,4.0
1453,shopping bags,8.0
1456,cream cheese ,8.0
1456,pasta,8.0
1456,jam,8.0
1456,sweet spreads,8.0
1456,coffee,8.0
1456,soda,4.0
1456,chocolate,8.0
1464,citrus fruit,9.0
1464,tropical fruit,9.0
1464,berries,9.0
1464,yogurt,8.0
1464,cream cheese ,8.0
1464,brown bread,6.0
1464,meat spreads,8.0
1466,yogurt,8.0
1466,beverages,8.0
1466,rolls/buns,8.0
1466,fruit/vegetable juice,8.0
1466,pot plants,8.0
1469,citrus fruit,9.0
1469,other vegetables,9.0
1469,whole milk,8.0
1469,butter,8.0
1469,frozen vegetables,8.0
1469,rolls/buns,8.0
1469,brown bread,6.0
1469,fruit/vegetable juice,8.0
1469,cleaner,6.0
1474,other vegetables,9.0
1474,whole milk,8.0
1474,soups,4.0
1474,bottled water,8.0
1474,bottled beer,8.0
1478,coffee,8.0
1478,soda,4.0
1478,bottled beer,8.0
1478,liquor (appetizer),8.0
1478,bathroom cleaner,7.0
1481,citrus fruit,9.0
1481,tropical fruit,9.0
1481,whole milk,8.0
1481,rolls/buns,8.0
1481,bottled water,8.0
1481,long life bakery product,4.0
1481,decalcifier,8.0
1481,newspapers,7.0
1487,meat,8.0
1487,other vegetables,9.0
1487,rolls/buns,8.0
1487,fruit/vegetable juice,8.0
1487,cling film/bags,8.0
1493,tropical fruit,9.0
1493,root vegetables,9.0
1493,whole milk,8.0
1493,yogurt,8.0
1493,whipped/sour cream,8.0
1493,domestic eggs,8.0
1493,rolls/buns,8.0
1493,margarine,8.0
1493,bottled water,8.0
1495,sausage,8.0
1495,hamburger meat,8.0
1495,citrus fruit,9.0
1495,root vegetables,9.0
1495,whole milk,8.0
1495,yogurt,8.0
1495,rolls/buns,8.0
1505,hamburger meat,8.0
1505,citrus fruit,9.0
1505,tropical fruit,9.0
1505,rolls/buns,8.0
1505,rice,9.0
1505,coffee,8.0
1507,other vegetables,9.0
1507,butter milk,8.0
1507,UHT-milk,8.0
1507,brown bread,6.0
1507,bottled water,8.0
1508,chicken,8.0
1508,other vegetables,9.0
1508,whole milk,8.0
1508,curd,8.0
1508,UHT-milk,8.0
1508,rolls/buns,8.0
1508,newspapers,7.0
1509,meat,8.0
1509,whole milk,8.0
1509,frozen potato products,8.0
1509,margarine,8.0
1509,soda,4.0
1509,detergent,6.0
1511,butter,8.0
1511,yogurt,8.0
1511,rolls/buns,8.0
1511,jam,8.0
1511,soda,4.0
1512,sausage,8.0
1512,fish,8.0
1512,other vegetables,9.0
1512,brown bread,6.0
1512,shopping bags,8.0
1517,turkey,6.0
1517,citrus fruit,9.0
1517,tropical fruit,9.0
1517,grapes,8.0
1517,root vegetables,9.0
1517,onions,9.0
1517,other vegetables,9.0
1517,rolls/buns,8.0
1517,brown bread,6.0
1517,pastry,6.0
1517,pickled vegetables,8.0
1517,jam,8.0
1517,cat food,8.0
1517,fruit/vegetable juice,8.0
1517,napkins,7.0
1518,onions,9.0
1518,butter,8.0
1518,roll products ,8.0
1518,oil,8.0
1518,napkins,7.0
1518,newspapers,7.0
1519,whole milk,8.0
1519,curd,8.0
1519,ice cream,8.0
1519,Instant food products,8.0
1519,canned fish,8.0
1519,newspapers,7.0
1520,yogurt,8.0
1520,frozen vegetables,8.0
1520,sweet spreads,8.0
1520,bottled water,8.0
1520,skin care,7.0
1520,newspapers,7.0
1523,citrus fruit,9.0
1523,whole milk,8.0
1523,domestic eggs,8.0
1523,dog food,8.0
1523,misc. beverages,8.0
1523,detergent,6.0
1526,other vegetables,9.0
1526,butter,8.0
1526,pastry,6.0
1526,napkins,7.0
1526,dishes,8.0
1534,meat,8.0
1534,onions,9.0
1534,other vegetables,9.0
1534,chewing gum,8.0
1534,dishes,8.0
1536,liver loaf,8.0
1536,beef,8.0
1536,pip fruit,9.0
1536,packaged fruit/vegetables,9.0
1536,whole milk,8.0
1536,pastry,6.0
1536,margarine,8.0
1537,frankfurter,8.0
1537,root vegetables,9.0
1537,rolls/buns,8.0
1537,vinegar,8.0
1537,sugar,6.0
1537,mustard,8.0
1537,cat food,8.0
1537,napkins,7.0
1538,chicken,8.0
1538,whole milk,8.0
1538,rolls/buns,8.0
1538,flour,6.0
1538,salt,8.0
1538,vinegar,8.0
1538,sugar,6.0
1541,root vegetables,9.0
1541,other vegetables,9.0
1541,whole milk,8.0
1541,rolls/buns,8.0
1541,bottled water,8.0
1541,dishes,8.0
1541,newspapers,7.0
1543,pork,8.0
1543,hamburger meat,8.0
1543,other vegetables,9.0
1543,whole milk,8.0
1543,whipped/sour cream,8.0
1543,frozen meals,8.0
1543,baking powder,6.0
1543,coffee,8.0
1546,sausage,8.0
1546,pip fruit,9.0
1546,whipped/sour cream,8.0
1546,detergent,6.0
1546,dental care,8.0
1549,meat,8.0
1549,whole milk,8.0
1549,whipped/sour cream,8.0
1549,oil,8.0
1549,pickled vegetables,8.0
1549,long life bakery product,4.0
1549,napkins,7.0
1551,sausage,8.0
1551,root vegetables,9.0
1551,other vegetables,9.0
1551,whole milk,8.0
1551,dessert,6.0
1551,soda,4.0
1551,snack products,8.0
1551,waffles,6.0
1551,shopping bags,8.0
1552,pip fruit,9.0
1552,root vegetables,9.0
1552,whole milk,8.0
1552,ice cream,8.0
1552,bottled beer,8.0
1552,detergent,6.0
1555,other vegetables,9.0
1555,yogurt,8.0
1555,whipped/sour cream,8.0
1555,soda,4.0
1555,bottled beer,8.0
1555,salty snack,8.0
1556,frankfurter,8.0
1556,frozen dessert,8.0
1556,white wine,8.0
1556,chewing gum,8.0
1556,shopping bags,8.0
1558,beef,8.0
1558,other vegetables,9.0
1558,yogurt,8.0
1558,beverages,8.0
1558,rolls/buns,8.0
1558,flour,6.0
1558,margarine,8.0
1558,cat food,8.0
1558,bottled water,8.0
1558,fruit/vegetable juice,8.0
1559,hamburger meat,8.0
1559,other vegetables,9.0
1559,whipped/sour cream,8.0
1559,pastry,6.0
1559,napkins,7.0
1560,yogurt,8.0
1560,margarine,8.0
1560,sugar,6.0
1560,bottled water,8.0
1560,bottled beer,8.0
1560,red/blush wine,8.0
1560,long life bakery product,4.0
1565,citrus fruit,9.0
1565,herbs,9.0
1565,butter,8.0
1565,domestic eggs,8.0
1565,oil,8.0
1565,bottled water,8.0
1565,bottled beer,8.0
1566,whole milk,8.0
1566,yogurt,8.0
1566,whipped/sour cream,8.0
1566,soft cheese,8.0
1566,candy,8.0
1567,citrus fruit,9.0
1567,tropical fruit,9.0
1567,root vegetables,9.0
1567,yogurt,8.0
1567,roll products ,8.0
1567,margarine,8.0
1567,sugar,6.0
1567,bottled water,8.0
1567,napkins,7.0
1567,house keeping products,8.0
1569,frankfurter,8.0
1569,yogurt,8.0
1569,beverages,8.0
1569,brown bread,6.0
1569,specialty chocolate,8.0
1569,candy,8.0
1578,frankfurter,8.0
1578,sausage,8.0
1578,berries,9.0
1578,whole milk,8.0
1578,yogurt,8.0
1578,brown bread,6.0
1578,pastry,6.0
1578,margarine,8.0
1578,fruit/vegetable juice,8.0
1578,waffles,6.0
1578,decalcifier,8.0
1578,napkins,7.0
1580,curd,8.0
1580,processed cheese,8.0
1580,rolls/buns,8.0
1580,pastry,6.0
1580,pickled vegetables,8.0
1580,fruit/vegetable juice,8.0
1581,liver loaf,8.0
1581,organic sausage,9.0
1581,pastry,6.0
1581,fruit/vegetable juice,8.0
1581,candles,8.0
1590,pork,8.0
1590,beef,8.0
1590,citrus fruit,9.0
1590,root vegetables,9.0
1590,other vegetables,9.0
1590,whole milk,8.0
1590,rolls/buns,8.0
1590,flour,6.0
1590,pasta,8.0
1590,oil,8.0
1590,waffles,6.0
1590,seasonal products,8.0
1590,female sanitary products,7.0
1592,beef,8.0
1592,citrus fruit,9.0
1592,root vegetables,9.0
1592,butter,8.0
1592,yogurt,8.0
1592,whipped/sour cream,8.0
1592,frozen meals,8.0
1592,pasta,8.0
1592,oil,8.0
1592,fruit/vegetable juice,8.0
1592,waffles,6.0
1592,dishes,8.0
1592,cookware,8.0
1594,chicken,8.0
1594,other vegetables,9.0
1594,whole milk,8.0
1594,curd,8.0
1594,ice cream,8.0
1594,rolls/buns,8.0
1594,sugar,6.0
1594,soda,4.0
1594,napkins,7.0
1594,pot plants,8.0
1596,pip fruit,9.0
1596,sweet spreads,8.0
1596,coffee,8.0
1596,napkins,7.0
1596,dishes,8.0
1598,tropical fruit,9.0
1598,berries,9.0
1598,yogurt,8.0
1598,soda,4.0
1598,red/blush wine,8.0
1601,yogurt,8.0
1601,condensed milk,8.0
1601,rolls/buns,8.0
1601,pickled vegetables,8.0
1601,bottled water,8.0
1601,brandy,8.0
1605,pork,8.0
1605,onions,9.0
1605,rolls/buns,8.0
1605,margarine,8.0
1605,canned vegetables,8.0
1605,soda,4.0
1605,salty snack,8.0
1605,house keeping products,8.0
1607,ham,8.0
1607,tropical fruit,9.0
1607,pip fruit,9.0
1607,other vegetables,9.0
1607,whole milk,8.0
1607,processed cheese,8.0
1607,frozen vegetables,8.0
1607,brown bread,6.0
1607,soda,4.0
1607,shopping bags,8.0
1613,sausage,8.0
1613,hamburger meat,8.0
1613,tropical fruit,9.0
1613,root vegetables,9.0
1613,whole milk,8.0
1613,UHT-milk,8.0
1613,domestic eggs,8.0
1613,rolls/buns,8.0
1613,semi-finished bread,8.0
1613,margarine,8.0
1613,pickled vegetables,8.0
1613,soda,4.0
1613,fruit/vegetable juice,8.0
1615,turkey,6.0
1615,tropical fruit,9.0
1615,yogurt,8.0
1615,UHT-milk,8.0
1615,brown bread,6.0
1615,pastry,6.0
1620,dessert,6.0
1620,UHT-milk,8.0
1620,rolls/buns,8.0
1620,pastry,6.0
1620,canned beer,8.0
1621,sausage,8.0
1621,other vegetables,9.0
1621,sliced cheese,8.0
1621,mustard,8.0
1621,fruit/vegetable juice,8.0
1624,sausage,8.0
1624,beverages,8.0
1624,sliced cheese,8.0
1624,rolls/buns,8.0
1624,specialty bar,8.0
1624,shopping bags,8.0
1625,rolls/buns,8.0
1625,soda,4.0
1625,canned beer,8.0
1625,waffles,6.0
1625,shopping bags,8.0
1638,tropical fruit,9.0
1638,pip fruit,9.0
1638,soda,4.0
1638,bottled beer,8.0
1638,popcorn,8.0
1651,grapes,8.0
1651,root vegetables,9.0
1651,other vegetables,9.0
1651,roll products ,8.0
1651,pasta,8.0
1651,oil,8.0
1651,margarine,8.0
1651,coffee,8.0
1651,bottled water,8.0
1651,detergent,6.0
1654,root vegetables,9.0
1654,other vegetables,9.0
1654,whole milk,8.0
1654,yogurt,8.0
1654,rolls/buns,8.0
1654,chewing gum,8.0
1654,candles,8.0
1658,tropical fruit,9.0
1658,other vegetables,9.0
1658,yogurt,8.0
1658,spread cheese,8.0
1658,soda,4.0
1659,frankfurter,8.0
1659,citrus fruit,9.0
1659,tropical fruit,9.0
1659,whole milk,8.0
1659,butter,8.0
1659,whipped/sour cream,8.0
1666,ham,8.0
1666,pip fruit,9.0
1666,herbs,9.0
1666,other vegetables,9.0
1666,butter,8.0
1666,rolls/buns,8.0
1666,white bread,8.0
1666,oil,8.0
1666,canned fish,8.0
1666,soda,4.0
1668,beef,8.0
1668,citrus fruit,9.0
1668,pip fruit,9.0
1668,yogurt,8.0
1668,rolls/buns,8.0
1668,flour,6.0
1668,margarine,8.0
1668,soups,4.0
1668,bottled water,8.0
1671,whole milk,8.0
1671,yogurt,8.0
1671,beverages,8.0
1671,mustard,8.0
1671,bottled water,8.0
1671,newspapers,7.0
1672,ham,8.0
1672,pip fruit,9.0
1672,whole milk,8.0
1672,rolls/buns,8.0
1672,honey,9.0
1672,newspapers,7.0
1673,curd,8.0
1673,yogurt,8.0
1673,mayonnaise,8.0
1673,brown bread,6.0
1673,margarine,8.0
1673,sugar,6.0
1673,ketchup,8.0
1673,dish cleaner,8.0
1673,cling film/bags,8.0
1678,turkey,6.0
1678,other vegetables,9.0
1678,whole milk,8.0
1678,oil,8.0
1678,instant coffee,8.0
1678,specialty bar,8.0
1680,tropical fruit,9.0
1680,berries,9.0
1680,root vegetables,9.0
1680,other vegetables,9.0
1680,yogurt,8.0
1680,rolls/buns,8.0
1680,shopping bags,8.0
1682,citrus fruit,9.0
1682,other vegetables,9.0
1682,whole milk,8.0
1682,margarine,8.0
1682,bottled beer,8.0
1682,newspapers,7.0
1683,frankfurter,8.0
1683,sausage,8.0
1683,root vegetables,9.0
1683,yogurt,8.0
1683,mayonnaise,8.0
1683,rolls/buns,8.0
1683,brown bread,6.0
1683,roll products ,8.0
1683,margarine,8.0
1683,coffee,8.0
1685,tropical fruit,9.0
1685,butter,8.0
1685,butter milk,8.0
1685,brown bread,6.0
1685,long life bakery product,4.0
1687,sausage,8.0
1687,tropical fruit,9.0
1687,whole milk,8.0
1687,processed cheese,8.0
1687,frozen vegetables,8.0
1687,domestic eggs,8.0
1687,rolls/buns,8.0
1687,white bread,8.0
1687,rice,9.0
1687,soda,4.0
1687,detergent,6.0
1687,softener,8.0
1687,decalcifier,8.0
1687,napkins,7.0
1687,shopping bags,8.0
1688,sausage,8.0
1688,citrus fruit,9.0
1688,tropical fruit,9.0
1688,whole milk,8.0
1688,bottled water,8.0
1688,specialty bar,8.0
1688,detergent,6.0
1688,newspapers,7.0
1690,sliced cheese,8.0
1690,rolls/buns,8.0
1690,margarine,8.0
1690,soda,4.0
1690,shopping bags,8.0
1692,tropical fruit,9.0
1692,berries,9.0
1692,pickled vegetables,8.0
1692,pet care,8.0
1692,soda,4.0
1693,pip fruit,9.0
1693,whole milk,8.0
1693,butter milk,8.0
1693,cream cheese ,8.0
1693,domestic eggs,8.0
1693,rolls/buns,8.0
1693,brown bread,6.0
1694,citrus fruit,9.0
1694,tropical fruit,9.0
1694,grapes,8.0
1694,dessert,6.0
1694,cream cheese ,8.0
1694,rolls/buns,8.0
1694,bottled water,8.0
1694,fruit/vegetable juice,8.0
1695,hamburger meat,8.0
1695,pip fruit,9.0
1695,other vegetables,9.0
1695,butter,8.0
1695,cream cheese ,8.0
1695,mayonnaise,8.0
1695,domestic eggs,8.0
1695,pastry,6.0
1695,rice,9.0
1695,margarine,8.0
1695,canned fish,8.0
1695,coffee,8.0
1695,tea,8.0
1695,candles,8.0
1696,other vegetables,9.0
1696,whole milk,8.0
1696,curd,8.0
1696,spread cheese,8.0
1696,curd cheese,6.0
1696,rolls/buns,8.0
1696,brown bread,6.0
1696,Instant food products,8.0
1696,coffee,8.0
1702,beef,8.0
1702,root vegetables,9.0
1702,margarine,8.0
1702,bottled water,8.0
1702,soda,4.0
1705,whole milk,8.0
1705,curd,8.0
1705,mayonnaise,8.0
1705,pastry,6.0
1705,flour,6.0
1705,canned fish,8.0
1705,waffles,6.0
1710,sausage,8.0
1710,root vegetables,9.0
1710,whole milk,8.0
1710,butter,8.0
1710,misc. beverages,8.0
1711,sausage,8.0
1711,root vegetables,9.0
1711,other vegetables,9.0
1711,whole milk,8.0
1711,curd,8.0
1711,yogurt,8.0
1711,hard cheese,8.0
1711,white bread,8.0
1712,meat,8.0
1712,pork,8.0
1712,onions,9.0
1712,salad dressing,8.0
1712,domestic eggs,8.0
1712,white bread,8.0
1712,flour,6.0
1712,salt,8.0
1712,bottled beer,8.0
1713,sausage,8.0
1713,whole milk,8.0
1713,yogurt,8.0
1713,pastry,6.0
1713,pudding powder,8.0
1713,bottled water,8.0
1713,soda,4.0
1713,bottled beer,8.0
1713,canned beer,8.0
1713,male cosmetics,7.0
1713,flower (seeds),8.0
1717,sausage,8.0
1717,tropical fruit,9.0
1717,pip fruit,9.0
1717,other vegetables,9.0
1717,whole milk,8.0
1717,curd,8.0
1717,dessert,6.0
1717,yogurt,8.0
1717,whipped/sour cream,8.0
1717,cream cheese ,8.0
1717,brown bread,6.0
1717,detergent,6.0
1718,beef,8.0
1718,citrus fruit,9.0
1718,tropical fruit,9.0
1718,pip fruit,9.0
1718,dessert,6.0
1718,cream cheese ,8.0
1718,rolls/buns,8.0
1718,chocolate,8.0
1719,berries,9.0
1719,other vegetables,9.0
1719,butter milk,8.0
1719,yogurt,8.0
1719,sliced cheese,8.0
1719,rolls/buns,8.0
1719,soda,4.0
1720,frozen meals,8.0
1720,oil,8.0
1720,bottled water,8.0
1720,bottled beer,8.0
1720,flower (seeds),8.0
1722,sausage,8.0
1722,meat,8.0
1722,root vegetables,9.0
1722,other vegetables,9.0
1722,whole milk,8.0
1722,butter milk,8.0
1722,yogurt,8.0
1722,pastry,6.0
1722,waffles,6.0
1725,sausage,8.0
1725,pork,8.0
1725,whole milk,8.0
1725,yogurt,8.0
1725,rolls/buns,8.0
1725,brown bread,6.0
1725,napkins,7.0
1725,shopping bags,8.0
1727,grapes,8.0
1727,whole milk,8.0
1727,baking powder,6.0
1727,candles,8.0
1727,photo/film,8.0
1737,frankfurter,8.0
1737,white bread,8.0
1737,pastry,6.0
1737,dog food,8.0
1737,soda,4.0
1737,shopping bags,8.0
1739,tropical fruit,9.0
1739,whole milk,8.0
1739,sliced cheese,8.0
1739,mayonnaise,8.0
1739,rolls/buns,8.0
1739,mustard,8.0
1745,rolls/buns,8.0
1745,soda,4.0
1745,specialty bar,8.0
1745,candy,8.0
1745,newspapers,7.0
1750,butter,8.0
1750,domestic eggs,8.0
1750,pasta,8.0
1750,fruit/vegetable juice,8.0
1750,newspapers,7.0
1751,whole milk,8.0
1751,butter,8.0
1751,yogurt,8.0
1751,frozen vegetables,8.0
1751,domestic eggs,8.0
1751,sugar,6.0
1754,chicken,8.0
1754,hamburger meat,8.0
1754,pip fruit,9.0
1754,onions,9.0
1754,other vegetables,9.0
1754,whole milk,8.0
1754,butter,8.0
1754,yogurt,8.0
1754,whipped/sour cream,8.0
1754,white bread,8.0
1754,long life bakery product,4.0
1754,chocolate,8.0
1763,whole milk,8.0
1763,baking powder,6.0
1763,bottled water,8.0
1763,soda,4.0
1763,cooking chocolate,6.0
1763,candles,8.0
1768,dessert,6.0
1768,sliced cheese,8.0
1768,hard cheese,8.0
1768,white bread,8.0
1768,brown bread,6.0
1772,pip fruit,9.0
1772,curd,8.0
1772,soda,4.0
1772,bottled beer,8.0
1772,softener,8.0
1772,hygiene articles,7.0
1773,tropical fruit,9.0
1773,root vegetables,9.0
1773,whole milk,8.0
1773,curd,8.0
1773,yogurt,8.0
1773,frozen vegetables,8.0
1773,domestic eggs,8.0
1774,frankfurter,8.0
1774,other vegetables,9.0
1774,whole milk,8.0
1774,yogurt,8.0
1774,condensed milk,8.0
1774,cream cheese ,8.0
1774,rolls/buns,8.0
1774,pastry,6.0
1775,pip fruit,9.0
1775,other vegetables,9.0
1775,butter milk,8.0
1775,frozen vegetables,8.0
1775,brown bread,6.0
1775,soups,4.0
1775,sauces,8.0
1775,fruit/vegetable juice,8.0
1775,long life bakery product,4.0
1775,cling film/bags,8.0
1777,pork,8.0
1777,citrus fruit,9.0
1777,soda,4.0
1777,canned beer,8.0
1777,chocolate,8.0
1777,hygiene articles,7.0
1781,grapes,8.0
1781,whole milk,8.0
1781,white wine,8.0
1781,dishes,8.0
1781,newspapers,7.0
1791,sausage,8.0
1791,whole milk,8.0
1791,dessert,6.0
1791,spices,9.0
1791,bottled beer,8.0
1794,tropical fruit,9.0
1794,grapes,8.0
1794,whole milk,8.0
1794,canned fish,8.0
1794,bottled water,8.0
1794,fruit/vegetable juice,8.0
1798,turkey,6.0
1798,citrus fruit,9.0
1798,tropical fruit,9.0
1798,pip fruit,9.0
1798,berries,9.0
1798,root vegetables,9.0
1798,herbs,9.0
1798,whole milk,8.0
1798,butter,8.0
1798,frozen vegetables,8.0
1798,sauces,8.0
1798,pickled vegetables,8.0
1798,bottled water,8.0
1798,rubbing alcohol,6.0
1798,hygiene articles,7.0
1798,napkins,7.0
1798,flower (seeds),8.0
1801,finished products,8.0
1801,tropical fruit,9.0
1801,bottled water,8.0
1801,popcorn,8.0
1801,shopping bags,8.0
1806,sausage,8.0
1806,meat,8.0
1806,pip fruit,9.0
1806,other vegetables,9.0
1806,yogurt,8.0
1806,rolls/buns,8.0
1806,brown bread,6.0
1806,bottled water,8.0
1806,soda,4.0
1806,fruit/vegetable juice,8.0
1806,newspapers,7.0
1808,yogurt,8.0
1808,UHT-milk,8.0
1808,soda,4.0
1808,red/blush wine,8.0
1808,waffles,6.0
1813,sausage,8.0
1813,meat,8.0
1813,tropical fruit,9.0
1813,soda,4.0
1813,hygiene articles,7.0
1814,frankfurter,8.0
1814,citrus fruit,9.0
1814,rolls/buns,8.0
1814,flour,6.0
1814,long life bakery product,4.0
1815,tropical fruit,9.0
1815,pip fruit,9.0
1815,root vegetables,9.0
1815,whole milk,8.0
1815,yogurt,8.0
1815,rolls/buns,8.0
1815,sweet spreads,8.0
1815,cat food,8.0
1815,pet care,8.0
1815,hygiene articles,7.0
1815,shopping bags,8.0
1816,citrus fruit,9.0
1816,UHT-milk,8.0
1816,zwieback,8.0
1816,bottled water,8.0
1816,hygiene articles,7.0
1823,chicken,8.0
1823,dessert,6.0
1823,yogurt,8.0
1823,frozen vegetables,8.0
1823,domestic eggs,8.0
1823,salt,8.0
1823,pasta,8.0
1823,specialty fat,8.0
1823,bottled water,8.0
1823,newspapers,7.0
1824,frankfurter,8.0
1824,root vegetables,9.0
1824,whole milk,8.0
1824,butter milk,8.0
1824,whipped/sour cream,8.0
1824,rolls/buns,8.0
1824,pastry,6.0
1824,vinegar,8.0
1824,coffee,8.0
1824,bottled water,8.0
1824,dish cleaner,8.0
1824,female sanitary products,7.0
1825,tropical fruit,9.0
1825,yogurt,8.0
1825,processed cheese,8.0
1825,rolls/buns,8.0
1825,bottled water,8.0
1825,soda,4.0
1825,misc. beverages,8.0
1825,female sanitary products,7.0
1827,meat,8.0
1827,citrus fruit,9.0
1827,pip fruit,9.0
1827,curd,8.0
1827,yogurt,8.0
1827,whipped/sour cream,8.0
1827,domestic eggs,8.0
1827,pastry,6.0
1827,flour,6.0
1827,fruit/vegetable juice,8.0
1827,bottled beer,8.0
1827,salty snack,8.0
1827,chocolate,8.0
1827,cooking chocolate,6.0
1827,hygiene articles,7.0
1827,napkins,7.0
1827,shopping bags,8.0
1831,whole milk,8.0
1831,dessert,6.0
1831,rolls/buns,8.0
1831,pastry,6.0
1831,newspapers,7.0
1832,hamburger meat,8.0
1832,citrus fruit,9.0
1832,butter,8.0
1832,frozen vegetables,8.0
1832,pasta,8.0
1832,sweet spreads,8.0
1832,coffee,8.0
1833,frankfurter,8.0
1833,sausage,8.0
1833,curd,8.0
1833,whipped/sour cream,8.0
1833,frozen vegetables,8.0
1833,jam,8.0
1833,long life bakery product,4.0
1833,candy,8.0
1836,whole milk,8.0
1836,butter,8.0
1836,yogurt,8.0
1836,frozen meals,8.0
1836,bottled water,8.0
1836,bottled beer,8.0
1836,canned beer,8.0
1836,chocolate,8.0
1836,flower (seeds),8.0
1837,citrus fruit,9.0
1837,root vegetables,9.0
1837,other vegetables,9.0
1837,salt,8.0
1837,bottled water,8.0
1837,chewing gum,8.0
1839,root vegetables,9.0
1839,butter milk,8.0
1839,frozen vegetables,8.0
1839,pastry,6.0
1839,dish cleaner,8.0
1839,hygiene articles,7.0
1839,napkins,7.0
1840,pip fruit,9.0
1840,root vegetables,9.0
1840,zwieback,8.0
1840,fruit/vegetable juice,8.0
1840,pot plants,8.0
1841,onions,9.0
1841,other vegetables,9.0
1841,whole milk,8.0
1841,soups,4.0
1841,bottled beer,8.0
1841,pot plants,8.0
1842,tropical fruit,9.0
1842,grapes,8.0
1842,oil,8.0
1842,canned vegetables,8.0
1842,tea,8.0
1842,fruit/vegetable juice,8.0
1842,snack products,8.0
1843,other vegetables,9.0
1843,brown bread,6.0
1843,soda,4.0
1843,canned beer,8.0
1843,shopping bags,8.0
1844,citrus fruit,9.0
1844,rolls/buns,8.0
1844,bottled water,8.0
1844,red/blush wine,8.0
1844,newspapers,7.0
1846,root vegetables,9.0
1846,other vegetables,9.0
1846,whole milk,8.0
1846,curd,8.0
1846,cream cheese ,8.0
1846,domestic eggs,8.0
1846,misc. beverages,8.0
1846,napkins,7.0
1847,tropical fruit,9.0
1847,pip fruit,9.0
1847,whole milk,8.0
1847,curd,8.0
1847,yogurt,8.0
1847,frozen meals,8.0
1854,pork,8.0
1854,pip fruit,9.0
1854,other vegetables,9.0
1854,whole milk,8.0
1854,yogurt,8.0
1854,frozen fish,8.0
1854,flour,6.0
1854,sugar,6.0
1854,baking powder,6.0
1854,long life bakery product,4.0
1854,chewing gum,8.0
1857,meat,8.0
1857,organic sausage,9.0
1857,whole milk,8.0
1857,butter,8.0
1857,UHT-milk,8.0
1857,frozen vegetables,8.0
1857,pickled vegetables,8.0
1857,cat food,8.0
1857,female sanitary products,7.0
1861,sausage,8.0
1861,butter,8.0
1861,pastry,6.0
1861,canned beer,8.0
1861,shopping bags,8.0
1864,beef,8.0
1864,citrus fruit,9.0
1864,pip fruit,9.0
1864,root vegetables,9.0
1864,other vegetables,9.0
1864,whipped/sour cream,8.0
1864,margarine,8.0
1864,canned vegetables,8.0
1864,cat food,8.0
1864,shopping bags,8.0
1865,ham,8.0
1865,pork,8.0
1865,butter milk,8.0
1865,sweet spreads,8.0
1865,shopping bags,8.0
1868,sausage,8.0
1868,tropical fruit,9.0
1868,whole milk,8.0
1868,curd,8.0
1868,butter milk,8.0
1868,whipped/sour cream,8.0
1868,rolls/buns,8.0
1868,softener,8.0
1868,house keeping products,8.0
1869,tropical fruit,9.0
1869,whole milk,8.0
1869,cream cheese ,8.0
1869,frozen vegetables,8.0
1869,rolls/buns,8.0
1869,chocolate,8.0
1869,candy,8.0
1869,pot plants,8.0
1874,chicken,8.0
1874,beef,8.0
1874,whole milk,8.0
1874,bottled water,8.0
1874,newspapers,7.0
1875,root vegetables,9.0
1875,other vegetables,9.0
1875,whipped/sour cream,8.0
1875,canned beer,8.0
1875,liquor,8.0
1875,shopping bags,8.0
1878,tropical fruit,9.0
1878,sliced cheese,8.0
1878,rolls/buns,8.0
1878,napkins,7.0
1878,pot plants,8.0
1879,sausage,8.0
1879,chicken,8.0
1879,beef,8.0
1879,root vegetables,9.0
1879,other vegetables,9.0
1879,curd,8.0
1879,yogurt,8.0
1879,cream cheese ,8.0
1879,ice cream,8.0
1879,newspapers,7.0
1882,tropical fruit,9.0
1882,pip fruit,9.0
1882,root vegetables,9.0
1882,other vegetables,9.0
1882,dessert,6.0
1882,whipped/sour cream,8.0
1882,sliced cheese,8.0
1882,pastry,6.0
1882,shopping bags,8.0
1883,tropical fruit,9.0
1883,root vegetables,9.0
1883,other vegetables,9.0
1883,packaged fruit/vegetables,9.0
1883,flower (seeds),8.0
1884,UHT-milk,8.0
1884,pastry,6.0
1884,coffee,8.0
1884,red/blush wine,8.0
1884,pot plants,8.0
1885,root vegetables,9.0
1885,other vegetables,9.0
1885,domestic eggs,8.0
1885,sugar,6.0
1885,instant coffee,8.0
1885,bottled water,8.0
1885,soda,4.0
1885,bottled beer,8.0
1885,red/blush wine,8.0
1885,waffles,6.0
1885,specialty chocolate,8.0
1886,pip fruit,9.0
1886,dessert,6.0
1886,rolls/buns,8.0
1886,pastry,6.0
1886,specialty bar,8.0
1889,other vegetables,9.0
1889,frozen meals,8.0
1889,pasta,8.0
1889,canned fish,8.0
1889,coffee,8.0
1890,pork,8.0
1890,hamburger meat,8.0
1890,yogurt,8.0
1890,cream cheese ,8.0
1890,spread cheese,8.0
1890,frozen vegetables,8.0
1890,pasta,8.0
1890,instant coffee,8.0
1890,soda,4.0
1890,waffles,6.0
1890,specialty bar,8.0
1890,seasonal products,8.0
1892,whole milk,8.0
1892,yogurt,8.0
1892,sliced cheese,8.0
1892,mayonnaise,8.0
1892,rolls/buns,8.0
1892,pasta,8.0
1892,specialty chocolate,8.0
1893,frankfurter,8.0
1893,pork,8.0
1893,citrus fruit,9.0
1893,pip fruit,9.0
1893,other vegetables,9.0
1893,whipped/sour cream,8.0
1893,UHT-milk,8.0
1893,salad dressing,8.0
1893,frozen potato products,8.0
1893,salty snack,8.0
1893,newspapers,7.0
1896,other vegetables,9.0
1896,whole milk,8.0
1896,frozen potato products,8.0
1896,rolls/buns,8.0
1896,pasta,8.0
1896,instant coffee,8.0
1896,soda,4.0
1896,fruit/vegetable juice,8.0
1896,bottled beer,8.0
1896,cake bar,6.0
1896,seasonal products,8.0
1898,whole milk,8.0
1898,curd,8.0
1898,rolls/buns,8.0
1898,pastry,6.0
1898,pasta,8.0
1898,margarine,8.0
1899,whole milk,8.0
1899,butter,8.0
1899,whipped/sour cream,8.0
1899,condensed milk,8.0
1899,soft cheese,8.0
1899,hard cheese,8.0
1899,processed cheese,8.0
1899,frozen vegetables,8.0
1899,detergent,6.0
1903,other vegetables,9.0
1903,packaged fruit/vegetables,9.0
1903,frozen dessert,8.0
1903,rolls/buns,8.0
1903,soda,4.0
1905,pork,8.0
1905,tropical fruit,9.0
1905,whole milk,8.0
1905,rolls/buns,8.0
1905,margarine,8.0
1906,sausage,8.0
1906,meat,8.0
1906,turkey,6.0
1906,citrus fruit,9.0
1906,tropical fruit,9.0
1906,pip fruit,9.0
1906,root vegetables,9.0
1906,onions,9.0
1906,herbs,9.0
1906,other vegetables,9.0
1906,whole milk,8.0
1906,curd,8.0
1906,yogurt,8.0
1906,whipped/sour cream,8.0
1906,soft cheese,8.0
1906,cream cheese ,8.0
1906,frozen vegetables,8.0
1906,brown bread,6.0
1906,pastry,6.0
1906,semi-finished bread,8.0
1906,margarine,8.0
1913,liver loaf,8.0
1913,pork,8.0
1913,citrus fruit,9.0
1913,tropical fruit,9.0
1913,root vegetables,9.0
1913,other vegetables,9.0
1913,whole milk,8.0
1913,curd,8.0
1913,dessert,6.0
1913,yogurt,8.0
1913,frozen vegetables,8.0
1913,brown bread,6.0
1913,semi-finished bread,8.0
1913,oil,8.0
1913,dog food,8.0
1913,fruit/vegetable juice,8.0
1914,citrus fruit,9.0
1914,tropical fruit,9.0
1914,root vegetables,9.0
1914,herbs,9.0
1914,other vegetables,9.0
1914,whole milk,8.0
1914,yogurt,8.0
1914,bottled water,8.0
1914,bottled beer,8.0
1915,chicken,8.0
1915,citrus fruit,9.0
1915,yogurt,8.0
1915,whipped/sour cream,8.0
1915,spread cheese,8.0
1915,margarine,8.0
1915,softener,8.0
1916,citrus fruit,9.0
1916,whole milk,8.0
1916,sliced cheese,8.0
1916,rolls/buns,8.0
1916,pastry,6.0
1916,roll products ,8.0
1916,coffee,8.0
1916,bottled water,8.0
1916,soda,4.0
1916,bottled beer,8.0
1916,canned beer,8.0
1916,rum,8.0
1916,waffles,6.0
1916,chocolate,8.0
1918,pip fruit,9.0
1918,berries,9.0
1918,root vegetables,9.0
1918,other vegetables,9.0
1918,whole milk,8.0
1918,whipped/sour cream,8.0
1919,whole milk,8.0
1919,curd,8.0
1919,yogurt,8.0
1919,frozen vegetables,8.0
1919,margarine,8.0
1919,ketchup,8.0
1919,cereals,8.0
1919,canned fish,8.0
1919,soda,4.0
1919,cling film/bags,8.0
1921,turkey,6.0
1921,hamburger meat,8.0
1921,root vegetables,9.0
1921,other vegetables,9.0
1921,whole milk,8.0
1921,yogurt,8.0
1921,hard cheese,8.0
1921,cereals,8.0
1921,long life bakery product,4.0
1921,specialty chocolate,8.0
1921,candy,8.0
1921,hygiene articles,7.0
1922,ham,8.0
1922,beef,8.0
1922,tropical fruit,9.0
1922,pip fruit,9.0
1922,other vegetables,9.0
1922,whole milk,8.0
1922,dessert,6.0
1922,yogurt,8.0
1922,whipped/sour cream,8.0
1922,soft cheese,8.0
1922,frozen potato products,8.0
1922,rolls/buns,8.0
1922,soda,4.0
1922,long life bakery product,4.0
1922,chocolate,8.0
1924,sausage,8.0
1924,other vegetables,9.0
1924,dessert,6.0
1924,domestic eggs,8.0
1924,pastry,6.0
1924,napkins,7.0
1927,chicken,8.0
1927,hamburger meat,8.0
1927,whole milk,8.0
1927,rolls/buns,8.0
1927,flour,6.0
1927,margarine,8.0
1927,coffee,8.0
1927,canned beer,8.0
1927,hygiene articles,7.0
1927,shopping bags,8.0
1929,onions,9.0
1929,bottled water,8.0
1929,soda,4.0
1929,canned beer,8.0
1929,chewing gum,8.0
1929,male cosmetics,7.0
1929,napkins,7.0
1929,cling film/bags,8.0
1931,butter,8.0
1931,pastry,6.0
1931,semi-finished bread,8.0
1931,white wine,8.0
1931,detergent,6.0
1933,sausage,8.0
1933,ham,8.0
1933,meat,8.0
1933,pork,8.0
1933,tropical fruit,9.0
1933,pip fruit,9.0
1933,grapes,8.0
1933,other vegetables,9.0
1933,whole milk,8.0
1933,butter,8.0
1933,whipped/sour cream,8.0
1933,frozen meals,8.0
1933,frozen fish,8.0
1933,ice cream,8.0
1933,domestic eggs,8.0
1933,pastry,6.0
1933,soda,4.0
1933,syrup,6.0
1933,detergent,6.0
1934,ham,8.0
1934,whole milk,8.0
1934,spread cheese,8.0
1934,rolls/buns,8.0
1934,waffles,6.0
1934,newspapers,7.0
1936,chicken,8.0
1936,tropical fruit,9.0
1936,whole milk,8.0
1936,pastry,6.0
1936,soda,4.0
1936,long life bakery product,4.0
1936,waffles,6.0
1936,chocolate,8.0
1937,sausage,8.0
1937,pip fruit,9.0
1937,whole milk,8.0
1937,rolls/buns,8.0
1937,flour,6.0
1937,oil,8.0
1937,soda,4.0
1942,tropical fruit,9.0
1942,pip fruit,9.0
1942,whole milk,8.0
1942,curd,8.0
1942,yogurt,8.0
1942,frozen vegetables,8.0
1942,frozen meals,8.0
1942,white bread,8.0
1942,instant coffee,8.0
1942,misc. beverages,8.0
1942,bottled beer,8.0
1942,hygiene articles,7.0
1943,pork,8.0
1943,root vegetables,9.0
1943,brown bread,6.0
1943,soda,4.0
1943,bottled beer,8.0
1944,tropical fruit,9.0
1944,pip fruit,9.0
1944,root vegetables,9.0
1944,whole milk,8.0
1944,yogurt,8.0
1944,beverages,8.0
1944,domestic eggs,8.0
1944,white bread,8.0
1944,sweet spreads,8.0
1944,soda,4.0
1946,other vegetables,9.0
1946,curd,8.0
1946,pastry,6.0
1946,Instant food products,8.0
1946,salty snack,8.0
1946,cake bar,6.0
1946,chewing gum,8.0
1946,napkins,7.0
1949,root vegetables,9.0
1949,other vegetables,9.0
1949,whole milk,8.0
1949,bottled water,8.0
1949,bottled beer,8.0
1950,sausage,8.0
1950,berries,9.0
1950,whole milk,8.0
1950,yogurt,8.0
1950,domestic eggs,8.0
1952,beef,8.0
1952,whole milk,8.0
1952,butter,8.0
1952,rolls/buns,8.0
1952,cat food,8.0
1952,bottled beer,8.0
1962,ice cream,8.0
1962,roll products ,8.0
1962,Instant food products,8.0
1962,coffee,8.0
1962,candles,8.0
1963,butter,8.0
1963,whipped/sour cream,8.0
1963,brown bread,6.0
1963,pastry,6.0
1963,canned vegetables,8.0
1963,fruit/vegetable juice,8.0
1963,long life bakery product,4.0
1965,ham,8.0
1965,tropical fruit,9.0
1965,specialty cheese,8.0
1965,long life bakery product,4.0
1965,hygiene articles,7.0
1965,newspapers,7.0
1966,citrus fruit,9.0
1966,pip fruit,9.0
1966,other vegetables,9.0
1966,whole milk,8.0
1966,butter,8.0
1966,cream cheese ,8.0
1966,domestic eggs,8.0
1966,vinegar,8.0
1966,fruit/vegetable juice,8.0
1966,softener,8.0
1966,napkins,7.0
1977,citrus fruit,9.0
1977,pip fruit,9.0
1977,curd,8.0
1977,artif. sweetener,8.0
1977,dog food,8.0
1977,coffee,8.0
1979,pip fruit,9.0
1979,root vegetables,9.0
1979,sugar,6.0
1979,coffee,8.0
1979,bottled beer,8.0
1983,beef,8.0
1983,tropical fruit,9.0
1983,frozen vegetables,8.0
1983,pickled vegetables,8.0
1983,bottled water,8.0
1983,soda,4.0
1991,pork,8.0
1991,pip fruit,9.0
1991,other vegetables,9.0
1991,whole milk,8.0
1991,yogurt,8.0
1991,ketchup,8.0
1991,pickled vegetables,8.0
1991,soda,4.0
1991,detergent,6.0
1992,sausage,8.0
1992,pork,8.0
1992,fish,8.0
1992,citrus fruit,9.0
1992,berries,9.0
1992,whipped/sour cream,8.0
1992,soda,4.0
1992,fruit/vegetable juice,8.0
1992,bathroom cleaner,7.0
1992,soap,6.0
1995,berries,9.0
1995,root vegetables,9.0
1995,whole milk,8.0
1995,dessert,6.0
1995,yogurt,8.0
1995,whipped/sour cream,8.0
1995,cream cheese ,8.0
1995,semi-finished bread,8.0
1995,fruit/vegetable juice,8.0
1997,pork,8.0
1997,berries,9.0
1997,whole milk,8.0
1997,dessert,6.0
1997,whipped/sour cream,8.0
1997,fruit/vegetable juice,8.0
1997,candy,8.0
2005,other vegetables,9.0
2005,whole milk,8.0
2005,butter,8.0
2005,yogurt,8.0
2005,cream cheese ,8.0
2005,vinegar,8.0
2005,pet care,8.0
2005,fruit/vegetable juice,8.0
2005,cling film/bags,8.0
2009,citrus fruit,9.0
2009,tropical fruit,9.0
2009,whole milk,8.0
2009,domestic eggs,8.0
2009,pastry,6.0
2009,bottled water,8.0
2009,salty snack,8.0
2011,citrus fruit,9.0
2011,berries,9.0
2011,onions,9.0
2011,other vegetables,9.0
2011,condensed milk,8.0
2011,soft cheese,8.0
2011,oil,8.0
2011,pickled vegetables,8.0
2011,specialty vegetables,9.0
2011,coffee,8.0
2011,bottled water,8.0
2011,soda,4.0
2011,bottled beer,8.0
2011,dish cleaner,8.0
2011,male cosmetics,7.0
2011,cling film/bags,8.0
2014,citrus fruit,9.0
2014,other vegetables,9.0
2014,frozen meals,8.0
2014,rice,9.0
2014,canned beer,8.0
2014,salty snack,8.0
2016,sausage,8.0
2016,chicken,8.0
2016,beef,8.0
2016,pip fruit,9.0
2016,root vegetables,9.0
2016,onions,9.0
2016,yogurt,8.0
2016,soft cheese,8.0
2016,mayonnaise,8.0
2016,margarine,8.0
2016,jam,8.0
2016,sweet spreads,8.0
2016,coffee,8.0
2016,bottled water,8.0
2016,soda,4.0
2016,dish cleaner,8.0
2017,root vegetables,9.0
2017,frozen meals,8.0
2017,white bread,8.0
2017,snack products,8.0
2017,hygiene articles,7.0
2018,sausage,8.0
2018,chicken,8.0
2018,pip fruit,9.0
2018,berries,9.0
2018,other vegetables,9.0
2018,dessert,6.0
2018,yogurt,8.0
2018,frozen vegetables,8.0
2018,frozen meals,8.0
2018,brown bread,6.0
2018,semi-finished bread,7.0
2018,ketchup,8.0
2018,spices,9.0
2018,soda,4.0
2018,canned beer,8.0
2018,popcorn,8.0
2020,tropical fruit,9.0
2020,berries,9.0
2020,yogurt,8.0
2020,domestic eggs,8.0
2020,brown bread,6.0
2020,soda,4.0
2020,candy,8.0
2022,whole milk,8.0
2022,yogurt,8.0
2022,cream cheese ,8.0
2022,oil,8.0
2022,pickled vegetables,8.0
2022,cat food,8.0
2022,misc. beverages,8.0
2022,long life bakery product,4.0
2022,chocolate,8.0
2022,specialty bar,8.0
2022,dishes,8.0
2024,citrus fruit,9.0
2024,white bread,8.0
2024,ketchup,8.0
2024,fruit/vegetable juice,8.0
2024,bottled beer,8.0
2024,salty snack,8.0
2024,popcorn,8.0
2024,shopping bags,8.0
2026,root vegetables,9.0
2026,curd,8.0
2026,dessert,6.0
2026,whipped/sour cream,8.0
2026,pastry,6.0
2026,sauces,8.0
2026,coffee,8.0
2026,soda,4.0
2026,fruit/vegetable juice,8.0
2026,newspapers,7.0
2035,root vegetables,9.0
2035,onions,9.0
2035,other vegetables,9.0
2035,yogurt,8.0
2035,frozen meals,8.0
2035,vinegar,8.0
2035,canned vegetables,8.0
2035,soda,4.0
2035,salty snack,8.0
2035,napkins,7.0
2036,chicken,8.0
2036,beef,8.0
2036,citrus fruit,9.0
2036,whole milk,8.0
2036,cream cheese ,8.0
2036,domestic eggs,8.0
2036,rolls/buns,8.0
2036,canned beer,8.0
2036,napkins,7.0
2036,shopping bags,8.0
2040,whole milk,8.0
2040,pastry,6.0
2040,fruit/vegetable juice,8.0
2040,canned beer,8.0
2040,specialty chocolate,8.0
2041,frankfurter,8.0
2041,whole milk,8.0
2041,bottled water,8.0
2041,specialty chocolate,8.0
2041,candy,8.0
2043,whole milk,8.0
2043,cream cheese ,8.0
2043,oil,8.0
2043,bottled water,8.0
2043,fruit/vegetable juice,8.0
2043,pot plants,8.0
2048,whole milk,8.0
2048,ice cream,8.0
2048,pastry,6.0
2048,coffee,8.0
2048,shopping bags,8.0
2051,root vegetables,9.0
2051,onions,9.0
2051,whipped/sour cream,8.0
2051,UHT-milk,8.0
2051,frozen dessert,8.0
2051,margarine,8.0
2051,syrup,6.0
2052,sausage,8.0
2052,citrus fruit,9.0
2052,other vegetables,9.0
2052,dessert,6.0
2052,yogurt,8.0
2052,whipped/sour cream,8.0
2052,hard cheese,8.0
2052,curd cheese,6.0
2052,white bread,8.0
2052,semi-finished bread,8.0
2052,cat food,8.0
2052,bottled water,8.0
2052,seasonal products,8.0
2052,softener,8.0
2052,flower soil/fertilizer,8.0
2052,flower (seeds),8.0
2055,sausage,8.0
2055,ham,8.0
2055,chicken,8.0
2055,other vegetables,9.0
2055,whole milk,8.0
2055,butter,8.0
2055,whipped/sour cream,8.0
2055,cream cheese ,8.0
2058,sausage,8.0
2058,pip fruit,9.0
2058,onions,9.0
2058,spices,9.0
2058,cat food,8.0
2058,bottled beer,8.0
2058,newspapers,7.0
2061,citrus fruit,9.0
2061,whole milk,8.0
2061,specialty bar,8.0
2061,dish cleaner,8.0
2061,cling film/bags,8.0
2063,onions,9.0
2063,dessert,6.0
2063,yogurt,8.0
2063,domestic eggs,8.0
2063,rolls/buns,8.0
2063,brown bread,6.0
2063,pastry,6.0
2063,cat food,8.0
2063,bottled water,8.0
2063,soda,4.0
2063,fruit/vegetable juice,8.0
2063,long life bakery product,4.0
2063,chocolate,8.0
2063,female sanitary products,7.0
2063,napkins,7.0
2065,chicken,8.0
2065,pork,8.0
2065,beef,8.0
2065,berries,9.0
2065,sliced cheese,8.0
2065,jam,8.0
2065,shopping bags,8.0
2070,pork,8.0
2070,onions,9.0
2070,pastry,6.0
2070,potato products,9.0
2070,bottled water,8.0
2072,pork,8.0
2072,tropical fruit,9.0
2072,berries,9.0
2072,whole milk,8.0
2072,yogurt,8.0
2072,white bread,8.0
2072,oil,8.0
2074,finished products,8.0
2074,citrus fruit,9.0
2074,yogurt,8.0
2074,pastry,6.0
2074,soda,4.0
2074,waffles,6.0
2074,shopping bags,8.0
2076,berries,9.0
2076,dessert,6.0
2076,whipped/sour cream,8.0
2076,bottled water,8.0
2076,soda,4.0
2076,fruit/vegetable juice,8.0
2076,white wine,8.0
2077,ham,8.0
2077,whole milk,8.0
2077,domestic eggs,8.0
2077,pastry,6.0
2077,oil,8.0
2077,baking powder,6.0
2077,chewing gum,8.0
2077,chocolate marshmallow,8.0
2081,whole milk,8.0
2081,yogurt,8.0
2081,spread cheese,8.0
2081,semi-finished bread,8.0
2081,baking powder,6.0
2081,soda,4.0
2081,cake bar,6.0
2081,chocolate,8.0
2081,specialty bar,8.0
2084,sausage,8.0
2084,root vegetables,9.0
2084,white bread,8.0
2084,roll products ,8.0
2084,semi-finished bread,8.0
2084,soda,4.0
2084,napkins,7.0
2086,ham,8.0
2086,whole milk,8.0
2086,dessert,6.0
2086,processed cheese,8.0
2086,bottled water,8.0
2086,soda,4.0
2086,fruit/vegetable juice,8.0
2086,chocolate,8.0
2088,sausage,8.0
2088,ham,8.0
2088,whole milk,8.0
2088,dessert,6.0
2088,margarine,8.0
2088,baking powder,6.0
2088,bottled water,8.0
2089,sausage,8.0
2089,chicken,8.0
2089,other vegetables,9.0
2089,whole milk,8.0
2089,yogurt,8.0
2089,cream cheese ,8.0
2089,brown bread,6.0
2089,soda,4.0
2090,sausage,8.0
2090,root vegetables,9.0
2090,other vegetables,9.0
2090,dessert,6.0
2090,yogurt,8.0
2090,whipped/sour cream,8.0
2090,sliced cheese,8.0
2090,domestic eggs,8.0
2090,white bread,8.0
2090,pastry,6.0
2090,bottled water,8.0
2090,fruit/vegetable juice,8.0
2090,popcorn,8.0
2093,root vegetables,9.0
2093,yogurt,8.0
2093,beverages,8.0
2093,domestic eggs,8.0
2093,white bread,8.0
2093,cat food,8.0
2094,citrus fruit,9.0
2094,whole milk,8.0
2094,baking powder,6.0
2094,cocoa drinks,8.0
2094,skin care,7.0
2094,shopping bags,8.0
2097,yogurt,8.0
2097,ice cream,8.0
2097,white bread,8.0
2097,sweet spreads,8.0
2097,shopping bags,8.0
2098,UHT-milk,8.0
2098,mayonnaise,8.0
2098,rolls/buns,8.0
2098,pickled vegetables,8.0
2098,soda,4.0
2098,hygiene articles,7.0
2098,shopping bags,8.0
2099,citrus fruit,9.0
2099,tropical fruit,9.0
2099,pip fruit,9.0
2099,other vegetables,9.0
2099,rolls/buns,8.0
2099,misc. beverages,8.0
2099,fruit/vegetable juice,8.0
2101,whole milk,8.0
2101,butter milk,8.0
2101,whipped/sour cream,8.0
2101,ice cream,8.0
2101,brown bread,6.0
2101,specialty chocolate,8.0
2101,candy,8.0
2101,dish cleaner,8.0
2103,rolls/buns,8.0
2103,sugar,6.0
2103,sweet spreads,8.0
2103,chewing gum,8.0
2103,newspapers,7.0
2106,other vegetables,9.0
2106,whole milk,8.0
2106,baking powder,6.0
2106,coffee,8.0
2106,flower (seeds),8.0
2108,tropical fruit,9.0
2108,other vegetables,9.0
2108,whole milk,8.0
2108,frozen vegetables,8.0
2108,pastry,6.0
2108,cake bar,6.0
2110,sausage,8.0
2110,butter milk,8.0
2110,soft cheese,8.0
2110,rolls/buns,8.0
2110,instant coffee,8.0
2110,shopping bags,8.0
2113,rolls/buns,8.0
2113,sweet spreads,8.0
2113,canned fish,8.0
2113,chewing gum,8.0
2113,newspapers,7.0
2116,condensed milk,8.0
2116,pastry,6.0
2116,coffee,8.0
2116,soda,4.0
2116,red/blush wine,8.0
2116,salty snack,8.0
2116,long life bakery product,4.0
2116,waffles,6.0
2116,cookware,8.0
2118,frankfurter,8.0
2118,whole milk,8.0
2118,brown bread,6.0
2118,cake bar,6.0
2118,specialty bar,8.0
2118,shopping bags,8.0
2122,sausage,8.0
2122,tropical fruit,9.0
2122,other vegetables,9.0
2122,whole milk,8.0
2122,yogurt,8.0
2122,coffee,8.0
2122,shopping bags,8.0
2124,pip fruit,9.0
2124,other vegetables,9.0
2124,whole milk,8.0
2124,yogurt,8.0
2124,beverages,8.0
2124,frozen potato products,8.0
2124,rolls/buns,8.0
2124,fruit/vegetable juice,8.0
2131,pork,8.0
2131,whole milk,8.0
2131,rolls/buns,8.0
2131,artif. sweetener,8.0
2131,baking powder,6.0
2131,specialty chocolate,8.0
2131,house keeping products,8.0
2131,newspapers,7.0
2134,citrus fruit,9.0
2134,whole milk,8.0
2134,whipped/sour cream,8.0
2134,rolls/buns,8.0
2134,pastry,6.0
2136,other vegetables,9.0
2136,whole milk,8.0
2136,rolls/buns,8.0
2136,vinegar,8.0
2136,margarine,8.0
2136,soda,4.0
2136,waffles,6.0
2138,frankfurter,8.0
2138,sausage,8.0
2138,other vegetables,9.0
2138,domestic eggs,8.0
2138,ketchup,8.0
2138,canned fish,8.0
2138,soda,4.0
2138,long life bakery product,4.0
2138,shopping bags,8.0
2139,pork,8.0
2139,beef,8.0
2139,other vegetables,9.0
2139,hard cheese,8.0
2139,cream cheese ,8.0
2139,rolls/buns,8.0
2139,brown bread,6.0
2139,napkins,7.0
2140,sausage,8.0
2140,ham,8.0
2140,finished products,8.0
2140,frozen meals,8.0
2140,salty snack,8.0
2140,long life bakery product,4.0
2140,waffles,6.0
2140,shopping bags,8.0
2145,frankfurter,8.0
2145,onions,9.0
2145,soft cheese,8.0
2145,white bread,8.0
2145,pastry,6.0
2145,salt,8.0
2145,chocolate,8.0
2145,newspapers,7.0
2145,shopping bags,8.0
2146,berries,9.0
2146,onions,9.0
2146,whipped/sour cream,8.0
2146,brown bread,6.0
2146,pasta,8.0
2146,liquor,8.0
2146,dishes,8.0
2149,onions,9.0
2149,whole milk,8.0
2149,curd,8.0
2149,yogurt,8.0
2149,hard cheese,8.0
2149,domestic eggs,8.0
2149,bottled water,8.0
2149,cleaner,6.0
2152,chicken,8.0
2152,citrus fruit,9.0
2152,yogurt,8.0
2152,UHT-milk,8.0
2152,soft cheese,8.0
2152,rolls/buns,8.0
2152,margarine,8.0
2152,mustard,8.0
2152,coffee,8.0
2152,kitchen towels,8.0
2152,candles,8.0
2156,cream cheese ,8.0
2156,white bread,8.0
2156,sweet spreads,8.0
2156,cat food,8.0
2156,coffee,8.0
2156,syrup,6.0
2156,specialty bar,8.0
2157,whole milk,8.0
2157,soda,4.0
2157,canned beer,8.0
2157,liquor (appetizer),8.0
2157,newspapers,7.0
2158,whole milk,8.0
2158,domestic eggs,8.0
2158,rolls/buns,8.0
2158,brown bread,6.0
2158,specialty chocolate,8.0
2158,shopping bags,8.0
2161,tropical fruit,9.0
2161,other vegetables,9.0
2161,yogurt,8.0
2161,mayonnaise,8.0
2161,mustard,8.0
2161,newspapers,7.0
2162,tropical fruit,9.0
2162,grapes,8.0
2162,other vegetables,9.0
2162,bottled beer,8.0
2162,popcorn,8.0
2166,tropical fruit,9.0
2166,other vegetables,9.0
2166,whole milk,8.0
2166,curd,8.0
2166,frozen dessert,8.0
2166,rolls/buns,8.0
2166,margarine,8.0
2166,jam,8.0
2169,sausage,8.0
2169,beef,8.0
2169,other vegetables,9.0
2169,frozen fish,8.0
2169,domestic eggs,8.0
2169,roll products ,8.0
2169,margarine,8.0
2169,sugar,6.0
2169,baking powder,6.0
2169,coffee,8.0
2169,kitchen towels,8.0
2169,shopping bags,8.0
2170,citrus fruit,9.0
2170,tropical fruit,9.0
2170,pip fruit,9.0
2170,grapes,8.0
2170,onions,9.0
2170,other vegetables,9.0
2170,sliced cheese,8.0
2170,cream cheese ,8.0
2170,mayonnaise,8.0
2170,ice cream,8.0
2170,frozen dessert,8.0
2170,margarine,8.0
2170,mustard,8.0
2170,soups,4.0
2170,pickled vegetables,8.0
2170,coffee,8.0
2170,long life bakery product,4.0
2170,chocolate,8.0
2170,seasonal products,8.0
2170,female sanitary products,7.0
2170,hygiene articles,7.0
2170,cling film/bags,8.0
2172,pork,8.0
2172,beef,8.0
2172,root vegetables,9.0
2172,whole milk,8.0
2172,pasta,8.0
2172,margarine,8.0
2172,jam,8.0
2172,bottled water,8.0
2176,sausage,8.0
2176,beef,8.0
2176,citrus fruit,9.0
2176,sweet spreads,8.0
2176,coffee,8.0
2178,ham,8.0
2178,onions,9.0
2178,other vegetables,9.0
2178,brown bread,6.0
2178,margarine,8.0
2181,pasta,8.0
2181,vinegar,8.0
2181,soda,4.0
2181,fruit/vegetable juice,8.0
2181,sparkling wine,8.0
2181,napkins,7.0
2182,pip fruit,9.0
2182,nuts/prunes,9.0
2182,curd,8.0
2182,frozen dessert,8.0
2182,sweet spreads,8.0
2182,light bulbs,8.0
2184,frankfurter,8.0
2184,sausage,8.0
2184,other vegetables,9.0
2184,hard cheese,8.0
2184,rolls/buns,8.0
2186,sausage,8.0
2186,meat,8.0
2186,other vegetables,9.0
2186,curd,8.0
2186,sliced cheese,8.0
2186,domestic eggs,8.0
2186,rolls/buns,8.0
2186,pastry,6.0
2186,cat food,8.0
2186,bottled water,8.0
2186,soda,4.0
2186,newspapers,7.0
2186,shopping bags,8.0
2195,tropical fruit,9.0
2195,pip fruit,9.0
2195,whole milk,8.0
2195,cream cheese ,8.0
2195,frozen dessert,8.0
2195,rolls/buns,8.0
2195,bottled water,8.0
2195,waffles,6.0
2195,napkins,7.0
2195,dishes,8.0
2197,meat,8.0
2197,pork,8.0
2197,tropical fruit,9.0
2197,whole milk,8.0
2197,curd,8.0
2197,rolls/buns,8.0
2197,cat food,8.0
2197,bottled water,8.0
2197,soda,4.0
2199,sausage,8.0
2199,citrus fruit,9.0
2199,pip fruit,9.0
2199,root vegetables,9.0
2199,herbs,9.0
2199,other vegetables,9.0
2199,curd,8.0
2199,yogurt,8.0
2199,soft cheese,8.0
2199,cat food,8.0
2199,shopping bags,8.0
2203,meat,8.0
2203,tropical fruit,9.0
2203,beverages,8.0
2203,sweet spreads,8.0
2203,shopping bags,8.0
2204,root vegetables,9.0
2204,herbs,9.0
2204,frozen vegetables,8.0
2204,bottled water,8.0
2204,shopping bags,8.0
2206,citrus fruit,9.0
2206,tropical fruit,9.0
2206,pip fruit,9.0
2206,berries,9.0
2206,bottled water,8.0
2206,soda,4.0
2206,red/blush wine,8.0
2209,hamburger meat,8.0
2209,whole milk,8.0
2209,ice cream,8.0
2209,domestic eggs,8.0
2209,white bread,8.0
2209,pastry,6.0
2209,margarine,8.0
2209,sweet spreads,8.0
2209,soda,4.0
2209,fruit/vegetable juice,8.0
2209,syrup,6.0
2209,red/blush wine,8.0
2209,salty snack,8.0
2209,popcorn,8.0
2209,shopping bags,8.0
2212,other vegetables,9.0
2212,beverages,8.0
2212,domestic eggs,8.0
2212,brown bread,6.0
2212,pastry,6.0
2212,soda,4.0
2212,newspapers,7.0
2213,tropical fruit,9.0
2213,other vegetables,9.0
2213,whole milk,8.0
2213,mustard,8.0
2213,bottled water,8.0
2214,chicken,8.0
2214,beef,8.0
2214,citrus fruit,9.0
2214,tropical fruit,9.0
2214,pip fruit,9.0
2214,root vegetables,9.0
2214,other vegetables,9.0
2214,whole milk,8.0
2214,rolls/buns,8.0
2216,sausage,8.0
2216,hamburger meat,8.0
2216,whole milk,8.0
2216,pastry,6.0
2216,shopping bags,8.0
2217,hamburger meat,8.0
2217,whole milk,8.0
2217,curd,8.0
2217,rolls/buns,8.0
2217,Instant food products,8.0
2217,hygiene articles,7.0
2217,napkins,7.0
2218,pork,8.0
2218,root vegetables,9.0
2218,onions,9.0
2218,other vegetables,9.0
2218,yogurt,8.0
2218,domestic eggs,8.0
2219,sausage,8.0
2219,citrus fruit,9.0
2219,tropical fruit,9.0
2219,pip fruit,9.0
2219,flour,6.0
2219,baking powder,6.0
2223,other vegetables,9.0
2223,whole milk,8.0
2223,pastry,6.0
2223,flour,6.0
2223,margarine,8.0
2223,canned fish,8.0
2223,long life bakery product,4.0
2223,chocolate,8.0
2224,root vegetables,9.0
2224,whole milk,8.0
2224,yogurt,8.0
2224,jam,8.0
2224,bottled water,8.0
2224,soda,4.0
2224,bottled beer,8.0
2224,specialty chocolate,8.0
2224,hygiene articles,7.0
2225,whipped/sour cream,8.0
2225,pastry,6.0
2225,canned fish,8.0
2225,soda,4.0
2225,waffles,6.0
2225,dish cleaner,8.0
2225,napkins,7.0
2227,whole milk,8.0
2227,whipped/sour cream,8.0
2227,specialty cheese,8.0
2227,domestic eggs,8.0
2227,dog food,8.0
2227,soda,4.0
2227,chewing gum,8.0
2228,citrus fruit,9.0
2228,whole milk,8.0
2228,butter,8.0
2228,pastry,6.0
2228,semi-finished bread,8.0
2228,coffee,8.0
2228,candy,8.0
2228,newspapers,7.0
2228,shopping bags,8.0
2230,pork,8.0
2230,root vegetables,9.0
2230,sliced cheese,8.0
2230,frozen vegetables,8.0
2230,frozen potato products,8.0
2230,mustard,8.0
2230,bottled water,8.0
2230,fruit/vegetable juice,8.0
2230,napkins,7.0
2230,shopping bags,8.0
2234,whole milk,8.0
2234,curd,8.0
2234,yogurt,8.0
2234,whipped/sour cream,8.0
2234,canned vegetables,8.0
2234,soda,4.0
2234,shopping bags,8.0
2240,pork,8.0
2240,hamburger meat,8.0
2240,herbs,9.0
2240,yogurt,8.0
2240,hard cheese,8.0
2240,brown bread,6.0
2240,sweet spreads,8.0
2240,soda,4.0
2241,frankfurter,8.0
2241,sausage,8.0
2241,tropical fruit,9.0
2241,whole milk,8.0
2241,frozen fish,8.0
2241,white wine,8.0
2241,chewing gum,8.0
2241,newspapers,7.0
2243,other vegetables,9.0
2243,white bread,8.0
2243,margarine,8.0
2243,canned beer,8.0
2243,rum,8.0
2245,frankfurter,8.0
2245,sausage,8.0
2245,hard cheese,8.0
2245,soda,4.0
2245,shopping bags,8.0
2246,whole milk,8.0
2246,curd,8.0
2246,butter milk,8.0
2246,beverages,8.0
2246,tidbits,8.0
2246,long life bakery product,4.0
2246,waffles,6.0
2246,dental care,8.0
2253,berries,9.0
2253,root vegetables,9.0
2253,whole milk,8.0
2253,whipped/sour cream,8.0
2253,shopping bags,8.0
2256,tropical fruit,9.0
2256,other vegetables,9.0
2256,whole milk,8.0
2256,fruit/vegetable juice,8.0
2256,long life bakery product,4.0
2256,shopping bags,8.0
2262,sausage,8.0
2262,ham,8.0
2262,citrus fruit,9.0
2262,other vegetables,9.0
2262,butter,8.0
2262,hard cheese,8.0
2262,curd cheese,6.0
2262,domestic eggs,8.0
2262,rolls/buns,8.0
2262,brown bread,6.0
2262,margarine,8.0
2262,soda,4.0
2262,candy,8.0
2267,pip fruit,9.0
2267,yogurt,8.0
2267,sliced cheese,8.0
2267,frozen vegetables,8.0
2267,domestic eggs,8.0
2267,pickled vegetables,8.0
2267,specialty vegetables,9.0
2267,female sanitary products,7.0
2267,napkins,7.0
2268,pork,8.0
2268,beef,8.0
2268,root vegetables,9.0
2268,curd,8.0
2268,sliced cheese,8.0
2268,soda,4.0
2268,canned beer,8.0
2271,frankfurter,8.0
2271,other vegetables,9.0
2271,yogurt,8.0
2271,beverages,8.0
2271,hard cheese,8.0
2271,rolls/buns,8.0
2271,canned fish,8.0
2271,soda,4.0
2271,canned beer,8.0
2271,brandy,8.0
2271,shopping bags,8.0
2274,root vegetables,9.0
2274,herbs,9.0
2274,other vegetables,9.0
2274,yogurt,8.0
2274,brandy,8.0
2274,salty snack,8.0
2274,waffles,6.0
2274,skin care,7.0
2274,shopping bags,8.0
2277,sausage,8.0
2277,pip fruit,9.0
2277,other vegetables,9.0
2277,yogurt,8.0
2277,mustard,8.0
2277,fruit/vegetable juice,8.0
2277,shopping bags,8.0
2280,citrus fruit,9.0
2280,tropical fruit,9.0
2280,whole milk,8.0
2280,butter milk,8.0
2280,beverages,8.0
2280,soda,4.0
2280,shopping bags,8.0
2282,beverages,8.0
2282,soft cheese,8.0
2282,rolls/buns,8.0
2282,sugar,6.0
2282,misc. beverages,8.0
2282,candy,8.0
2283,curd,8.0
2283,whipped/sour cream,8.0
2283,pudding powder,8.0
2283,candy,8.0
2283,flower (seeds),8.0
2283,shopping bags,8.0
2293,chicken,8.0
2293,pip fruit,9.0
2293,UHT-milk,8.0
2293,bottled water,8.0
2293,bottled beer,8.0
2293,shopping bags,8.0
2298,frankfurter,8.0
2298,tropical fruit,9.0
2298,dessert,6.0
2298,rolls/buns,8.0
2298,brown bread,6.0
2298,seasonal products,8.0
2298,flower (seeds),8.0
2300,sausage,8.0
2300,citrus fruit,9.0
2300,pip fruit,9.0
2300,whole milk,8.0
2300,curd,8.0
2300,domestic eggs,8.0
2300,margarine,8.0
2300,newspapers,7.0
2301,chicken,8.0
2301,other vegetables,9.0
2301,whole milk,8.0
2301,cream cheese ,8.0
2301,hygiene articles,7.0
2303,whole milk,8.0
2303,yogurt,8.0
2303,oil,8.0
2303,bottled water,8.0
2303,bottled beer,8.0
2303,salty snack,8.0
2303,specialty chocolate,8.0
2306,whole milk,8.0
2306,yogurt,8.0
2306,hard cheese,8.0
2306,rolls/buns,8.0
2306,bottled water,8.0
2307,citrus fruit,9.0
2307,whole milk,8.0
2307,butter milk,8.0
2307,yogurt,8.0
2307,baking powder,6.0
2309,citrus fruit,9.0
2309,flour,6.0
2309,pasta,8.0
2309,margarine,8.0
2309,sugar,6.0
2309,baking powder,6.0
2309,soda,4.0
2310,pork,8.0
2310,other vegetables,9.0
2310,whole milk,8.0
2310,canned fish,8.0
2310,coffee,8.0
2310,specialty bar,8.0
2310,candy,8.0
2313,beef,8.0
2313,whole milk,8.0
2313,frozen vegetables,8.0
2313,sweet spreads,8.0
2313,candy,8.0
2313,dish cleaner,8.0
2313,dental care,8.0
2313,photo/film,8.0
2316,frankfurter,8.0
2316,citrus fruit,9.0
2316,tropical fruit,9.0
2316,other vegetables,9.0
2316,whole milk,8.0
2316,candles,8.0
2321,frankfurter,8.0
2321,sausage,8.0
2321,other vegetables,9.0
2321,brown bread,6.0
2321,flour,6.0
2321,bottled water,8.0
2321,candy,8.0
2323,pork,8.0
2323,herbs,9.0
2323,other vegetables,9.0
2323,processed cheese,8.0
2323,cake bar,6.0
2324,frankfurter,8.0
2324,whole milk,8.0
2324,yogurt,8.0
2324,processed cheese,8.0
2324,ice cream,8.0
2324,frozen dessert,8.0
2324,rolls/buns,8.0
2324,white bread,8.0
2324,brown bread,6.0
2324,sugar,6.0
2324,coffee,8.0
2324,bottled water,8.0
2324,soda,4.0
2324,bottled beer,8.0
2324,candy,8.0
2329,whole milk,8.0
2329,beverages,8.0
2329,bottled water,8.0
2329,cake bar,6.0
2329,newspapers,7.0
2333,beef,8.0
2333,citrus fruit,9.0
2333,root vegetables,9.0
2333,whole milk,8.0
2333,rolls/buns,8.0
2333,pastry,6.0
2333,coffee,8.0
2333,seasonal products,7.0
2334,meat,8.0
2334,beef,8.0
2334,root vegetables,9.0
2334,butter,8.0
2334,flour,6.0
2334,fruit/vegetable juice,8.0
2334,white wine,7.0
2334,napkins,7.0
2338,hamburger meat,7.0
2338,yogurt,8.0
2338,rolls/buns,8.0
2338,artif. sweetener,8.0
2338,sauces,8.0
2338,dish cleaner,8.0
2338,dishes,8.0
2343,pork,8.0
2343,beverages,8.0
2343,flour,6.0
2343,margarine,8.0
2343,bottled beer,8.0
2344,tropical fruit,9.0
2344,berries,9.0
2344,root vegetables,9.0
2344,whole milk,8.0
2344,yogurt,8.0
2344,cream cheese ,7.0
2344,rolls/buns,8.0
2344,bottled water,8.0
2344,soda,4.0
2346,frankfurter,8.0
2346,meat,8.0
2346,berries,9.0
2346,root vegetables,9.0
2346,butter,8.0
2346,whipped/sour cream,8.0
2346,frozen vegetables,8.0
2346,domestic eggs,8.0
2346,rolls/buns,8.0
2346,oil,8.0
2346,specialty fat,8.0
2346,spices,9.0
2346,baking powder,6.0
2346,bottled beer,8.0
2346,waffles,6.0
2346,napkins,7.0
2348,pip fruit,9.0
2348,rolls/buns,8.0
2348,sugar,6.0
2348,sauces,8.0
2348,newspapers,7.0
2349,pip fruit,9.0
2349,root vegetables,9.0
2349,other vegetables,9.0
2349,whole milk,8.0
2349,yogurt,8.0
2350,frankfurter,8.0
2350,sausage,8.0
2350,meat,8.0
2350,pip fruit,9.0
2350,yogurt,8.0
2350,rolls/buns,8.0
2350,bottled water,8.0
2350,soda,4.0
2350,newspapers,7.0
2356,oil,8.0
2356,margarine,8.0
2356,bottled water,8.0
2356,red/blush wine,7.0
2356,waffles,6.0
2357,meat,8.0
2357,tropical fruit,9.0
2357,pip fruit,9.0
2357,other vegetables,9.0
2357,butter,8.0
2357,pastry,6.0
2359,sausage,8.0
2359,pork,8.0
2359,spread cheese,8.0
2359,frozen vegetables,8.0
2359,pastry,6.0
2368,packaged fruit/vegetables,9.0
2368,processed cheese,8.0
2368,frozen vegetables,8.0
2368,bottled water,8.0
2368,fruit/vegetable juice,8.0
2368,snack products,8.0
2368,candy,8.0
2373,sausage,8.0
2373,pork,8.0
2373,berries,9.0
2373,other vegetables,9.0
2373,whole milk,8.0
2373,rolls/buns,8.0
2373,brown bread,6.0
2373,roll products ,8.0
2373,margarine,8.0
2373,sweet spreads,8.0
2373,softener,8.0
2374,white bread,8.0
2374,flour,6.0
2374,oil,8.0
2374,sugar,6.0
2374,coffee,8.0
2374,bottled water,8.0
2374,salty snack,8.0
2379,frankfurter,8.0
2379,rolls/buns,8.0
2379,salt,8.0
2379,canned beer,8.0
2379,newspapers,7.0
2380,frankfurter,8.0
2380,butter,8.0
2380,rolls/buns,8.0
2380,semi-finished bread,8.0
2380,misc. beverages,8.0
2380,shopping bags,8.0
2388,hamburger meat,8.0
2388,root vegetables,9.0
2388,other vegetables,9.0
2388,whole milk,8.0
2388,rolls/buns,8.0
2388,zwieback,8.0
2388,margarine,8.0
2388,flower (seeds),8.0
2389,beef,8.0
2389,root vegetables,9.0
2389,herbs,9.0
2389,curd,8.0
2389,rolls/buns,8.0
2389,bottled beer,8.0
2391,hamburger meat,8.0
2391,citrus fruit,9.0
2391,other vegetables,9.0
2391,whole milk,8.0
2391,curd,8.0
2391,yogurt,8.0
2391,misc. beverages,8.0
2402,pork,8.0
2402,beef,8.0
2402,whole milk,8.0
2402,condensed milk,8.0
2402,domestic eggs,8.0
2402,fruit/vegetable juice,8.0
2402,sparkling wine,8.0
2402,salty snack,8.0
2402,waffles,6.0
2403,other vegetables,9.0
2403,UHT-milk,8.0
2403,rolls/buns,8.0
2403,pastry,6.0
2403,bottled water,8.0
2403,soda,4.0
2405,ham,8.0
2405,beef,8.0
2405,citrus fruit,9.0
2405,tropical fruit,9.0
2405,cream cheese ,8.0
2405,bottled water,8.0
2405,newspapers,7.0
2412,pip fruit,9.0
2412,whole milk,8.0
2412,curd,8.0
2412,whipped/sour cream,8.0
2412,salt,8.0
2413,sausage,8.0
2413,hamburger meat,8.0
2413,tropical fruit,9.0
2413,cream cheese ,8.0
2413,fruit/vegetable juice,8.0
2416,citrus fruit,9.0
2416,tropical fruit,9.0
2416,pip fruit,9.0
2416,pastry,6.0
2416,coffee,8.0
2416,chocolate,8.0
2417,whole milk,8.0
2417,yogurt,8.0
2417,frozen potato products,8.0
2417,brown bread,6.0
2417,napkins,7.0
2424,sausage,8.0
2424,ham,8.0
2424,chicken,8.0
2424,turkey,6.0
2424,cake bar,6.0
2428,sausage,8.0
2428,citrus fruit,9.0
2428,other vegetables,9.0
2428,yogurt,8.0
2428,hard cheese,8.0
2428,pastry,6.0
2428,canned vegetables,8.0
2428,soda,4.0
2433,frankfurter,8.0
2433,meat,8.0
2433,hamburger meat,8.0
2433,citrus fruit,9.0
2433,whole milk,8.0
2433,cream cheese ,8.0
2433,domestic eggs,8.0
2433,pastry,6.0
2433,dishes,8.0
2436,citrus fruit,9.0
2436,tropical fruit,9.0
2436,other vegetables,9.0
2436,whole milk,8.0
2436,yogurt,8.0
2436,specialty cheese,8.0
2437,pip fruit,9.0
2437,root vegetables,9.0
2437,butter milk,8.0
2437,frozen vegetables,8.0
2437,rolls/buns,8.0
2437,misc. beverages,8.0
2437,fruit/vegetable juice,8.0
2437,newspapers,7.0
2437,pot plants,8.0
2438,onions,9.0
2438,yogurt,8.0
2438,flour,6.0
2438,sugar,6.0
2438,bottled water,8.0
2438,fruit/vegetable juice,8.0
2438,red/blush wine,8.0
2438,hair spray,7.0
2442,frankfurter,8.0
2442,root vegetables,9.0
2442,onions,9.0
2442,condensed milk,8.0
2442,mayonnaise,8.0
2442,frozen vegetables,8.0
2442,Instant food products,8.0
2445,beef,8.0
2445,herbs,9.0
2445,other vegetables,9.0
2445,whole milk,8.0
2445,dessert,6.0
2445,yogurt,8.0
2445,whipped/sour cream,8.0
2445,mayonnaise,8.0
2445,domestic eggs,8.0
2445,brown bread,6.0
2445,sweet spreads,8.0
2445,cat food,8.0
2445,soda,4.0
2445,fruit/vegetable juice,8.0
2449,tropical fruit,9.0
2449,cat food,8.0
2449,bottled water,8.0
2449,soda,4.0
2449,bottled beer,8.0
2449,white wine,8.0
2449,hygiene articles,7.0
2453,whole milk,8.0
2453,tea,8.0
2453,bottled beer,8.0
2453,napkins,7.0
2453,cling film/bags,8.0
2455,frankfurter,8.0
2455,pip fruit,9.0
2455,other vegetables,9.0
2455,whole milk,8.0
2455,butter,8.0
2455,yogurt,8.0
2455,fruit/vegetable juice,8.0
2455,shopping bags,8.0
2456,citrus fruit,9.0
2456,whole milk,8.0
2456,yogurt,8.0
2456,softener,8.0
2456,hygiene articles,7.0
2458,chicken,8.0
2458,soda,4.0
2458,canned beer,8.0
2458,liquor (appetizer),8.0
2458,newspapers,7.0
2460,beef,8.0
2460,yogurt,8.0
2460,spread cheese,8.0
2460,margarine,8.0
2460,salty snack,8.0
2462,pip fruit,9.0
2462,root vegetables,9.0
2462,whole milk,8.0
2462,whipped/sour cream,8.0
2462,processed cheese,8.0
2462,white bread,8.0
2462,flour,6.0
2462,fruit/vegetable juice,8.0
2462,napkins,7.0
2463,frankfurter,8.0
2463,whole milk,8.0
2463,rolls/buns,8.0
2463,pastry,6.0
2463,soda,4.0
2463,specialty chocolate,8.0
2465,pip fruit,9.0
2465,yogurt,8.0
2465,bottled water,8.0
2465,canned beer,8.0
2465,chewing gum,8.0
2465,napkins,7.0
2466,citrus fruit,9.0
2466,tropical fruit,9.0
2466,whipped/sour cream,8.0
2466,rolls/buns,8.0
2466,candy,8.0
2466,newspapers,7.0
2468,root vegetables,9.0
2468,onions,9.0
2468,other vegetables,9.0
2468,whole milk,8.0
2468,whipped/sour cream,8.0
2468,specialty cheese,8.0
2468,frozen meals,8.0
2468,rolls/buns,8.0
2468,white bread,8.0
2468,pastry,6.0
2468,canned vegetables,8.0
2468,sweet spreads,8.0
2470,liver loaf,8.0
2470,ham,8.0
2470,pip fruit,9.0
2470,root vegetables,9.0
2470,other vegetables,9.0
2470,whole milk,8.0
2470,curd,8.0
2470,dessert,6.0
2470,butter milk,8.0
2470,yogurt,8.0
2470,mayonnaise,8.0
2470,white bread,8.0
2470,pastry,6.0
2470,rice,9.0
2470,sugar,6.0
2470,pet care,8.0
2470,coffee,8.0
2470,soda,4.0
2470,fruit/vegetable juice,8.0
2470,salty snack,8.0
2470,long life bakery product,4.0
2470,napkins,7.0
2473,other vegetables,9.0
2473,cream cheese ,8.0
2473,white bread,8.0
2473,jam,8.0
2473,coffee,8.0
2473,bottled water,8.0
2473,soda,4.0
2473,fruit/vegetable juice,8.0
2473,canned beer,8.0
2473,red/blush wine,8.0
2473,cling film/bags,8.0
2474,tropical fruit,9.0
2474,whole milk,8.0
2474,spread cheese,8.0
2474,cat food,8.0
2474,coffee,8.0
2474,bottled water,8.0
2474,soda,4.0
2474,misc. beverages,8.0
2474,fruit/vegetable juice,8.0
2474,shopping bags,8.0
2476,sausage,8.0
2476,pip fruit,9.0
2476,hard cheese,8.0
2476,rolls/buns,8.0
2476,soda,4.0
2478,whole milk,8.0
2478,brown bread,6.0
2478,chocolate,8.0
2478,house keeping products,8.0
2478,newspapers,7.0
2479,other vegetables,9.0
2479,whole milk,8.0
2479,whipped/sour cream,8.0
2479,specialty cheese,8.0
2479,white bread,8.0
2479,cat food,8.0
2479,bottled water,8.0
2480,whole milk,8.0
2480,yogurt,8.0
2480,pastry,6.0
2480,soda,4.0
2480,misc. beverages,8.0
2480,shopping bags,8.0
2483,whipped/sour cream,8.0
2483,sliced cheese,8.0
2483,frozen dessert,8.0
2483,hygiene articles,7.0
2483,napkins,7.0
2485,butter milk,8.0
2485,tea,8.0
2485,fruit/vegetable juice,8.0
2485,bottled beer,8.0
2485,red/blush wine,8.0
2485,shopping bags,8.0
2490,citrus fruit,9.0
2490,whole milk,8.0
2490,butter,8.0
2490,yogurt,8.0
2490,zwieback,8.0
2490,jam,8.0
2490,dishes,8.0
2499,ham,8.0
2499,pip fruit,9.0
2499,other vegetables,9.0
2499,cream cheese ,8.0
2499,pastry,6.0
2499,bottled beer,8.0
2502,sausage,8.0
2502,beef,8.0
2502,hamburger meat,8.0
2502,yogurt,8.0
2502,soft cheese,8.0
2502,cream cheese ,8.0
2502,domestic eggs,8.0
2502,rolls/buns,8.0
2502,pastry,6.0
2502,instant coffee,8.0
2506,ham,8.0
2506,root vegetables,9.0
2506,butter,8.0
2506,bottled water,8.0
2506,white wine,8.0
2508,chicken,8.0
2508,citrus fruit,9.0
2508,tropical fruit,9.0
2508,root vegetables,9.0
2508,other vegetables,9.0
2508,whole milk,8.0
2509,UHT-milk,8.0
2509,domestic eggs,8.0
2509,sugar,6.0
2509,fruit/vegetable juice,8.0
2509,newspapers,7.0
2510,beef,8.0
2510,yogurt,8.0
2510,rolls/buns,8.0
2510,cat food,8.0
2510,napkins,7.0
2510,dishes,8.0
2510,newspapers,7.0
2511,ham,8.0
2511,domestic eggs,8.0
2511,brown bread,6.0
2511,bottled water,8.0
2511,chocolate marshmallow,8.0
2511,seasonal products,8.0
2511,napkins,7.0
2511,newspapers,7.0
2513,citrus fruit,9.0
2513,yogurt,8.0
2513,pastry,6.0
2513,salt,8.0
2513,margarine,8.0
2513,specialty fat,8.0
2513,cat food,8.0
2513,specialty bar,8.0
2513,dish cleaner,8.0
2514,citrus fruit,9.0
2514,tropical fruit,9.0
2514,whole milk,8.0
2514,yogurt,8.0
2514,rolls/buns,8.0
2514,pastry,6.0
2514,semi-finished bread,8.0
2514,bottled beer,8.0
2514,napkins,7.0
2517,frankfurter,8.0
2517,other vegetables,9.0
2517,whole milk,8.0
2517,yogurt,8.0
2517,cream cheese ,8.0
2517,rolls/buns,8.0
2517,pastry,6.0
2517,coffee,8.0
2519,yogurt,8.0
2519,spread cheese,8.0
2519,rolls/buns,8.0
2519,soda,4.0
2519,canned beer,8.0
2519,shopping bags,8.0
2520,frankfurter,8.0
2520,sausage,8.0
2520,chicken,8.0
2520,other vegetables,9.0
2520,frozen meals,8.0
2520,salt,8.0
2520,sugar,6.0
2520,soups,4.0
2520,coffee,8.0
2520,chewing gum,8.0
2520,male cosmetics,7.0
2520,hygiene articles,7.0
2520,napkins,7.0
2520,light bulbs,8.0
2522,whole milk,8.0
2522,beverages,8.0
2522,bottled water,8.0
2522,soda,4.0
2522,cake bar,6.0
2522,newspapers,7.0
2523,meat,8.0
2523,beef,8.0
2523,onions,9.0
2523,white wine,8.0
2523,dishes,8.0
2525,beverages,8.0
2525,white bread,8.0
2525,pastry,6.0
2525,newspapers,7.0
2525,shopping bags,8.0
2526,frankfurter,8.0
2526,whole milk,8.0
2526,UHT-milk,8.0
2526,hard cheese,8.0
2526,mayonnaise,8.0
2526,rolls/buns,8.0
2526,brown bread,6.0
2526,margarine,8.0
2526,newspapers,7.0
2527,sausage,8.0
2527,pork,8.0
2527,beef,8.0
2527,root vegetables,9.0
2527,butter,8.0
2527,yogurt,8.0
2527,spread cheese,8.0
2527,rolls/buns,8.0
2527,brown bread,6.0
2527,pastry,6.0
2527,oil,8.0
2527,canned fish,8.0
2528,sausage,8.0
2528,pip fruit,9.0
2528,whole milk,8.0
2528,rolls/buns,8.0
2528,soda,4.0
2528,chewing gum,8.0
2528,shopping bags,8.0
2530,sausage,8.0
2530,tropical fruit,9.0
2530,pip fruit,9.0
2530,rolls/buns,8.0
2530,pastry,6.0
2530,margarine,8.0
2533,frankfurter,8.0
2533,citrus fruit,9.0
2533,tropical fruit,9.0
2533,pip fruit,9.0
2533,other vegetables,9.0
2533,whole milk,8.0
2533,curd,8.0
2533,yogurt,8.0
2533,whipped/sour cream,8.0
2533,domestic eggs,8.0
2533,sugar,6.0
2533,bottled water,8.0
2533,salty snack,8.0
2533,candy,8.0
2533,hygiene articles,7.0
2536,pip fruit,9.0
2536,other vegetables,9.0
2536,whole milk,8.0
2536,butter,8.0
2536,curd,8.0
2536,rolls/buns,8.0
2536,margarine,8.0
2536,baking powder,6.0
2536,bottled water,8.0
2536,bottled beer,8.0
2536,canned beer,8.0
2536,cooking chocolate,6.0
2536,napkins,7.0
2538,pork,8.0
2538,tropical fruit,9.0
2538,root vegetables,9.0
2538,onions,9.0
2538,other vegetables,9.0
2538,shopping bags,8.0
2541,curd,8.0
2541,dessert,6.0
2541,soda,4.0
2541,fruit/vegetable juice,8.0
2541,candy,8.0
2541,hygiene articles,7.0
2541,shopping bags,8.0
2542,tropical fruit,9.0
2542,pip fruit,9.0
2542,UHT-milk,8.0
2542,rolls/buns,8.0
2542,pastry,6.0
2542,salt,8.0
2543,pip fruit,9.0
2543,other vegetables,9.0
2543,whole milk,8.0
2543,yogurt,8.0
2543,brown bread,6.0
2543,pastry,6.0
2544,chicken,8.0
2544,beef,8.0
2544,tropical fruit,9.0
2544,root vegetables,9.0
2544,onions,9.0
2544,other vegetables,9.0
2544,pickled vegetables,8.0
2544,canned fish,8.0
2544,bottled water,8.0
2544,misc. beverages,8.0
2544,fruit/vegetable juice,8.0
2544,napkins,7.0
2546,citrus fruit,9.0
2546,other vegetables,9.0
2546,yogurt,8.0
2546,spread cheese,8.0
2546,rolls/buns,8.0
2546,soda,4.0
2546,chocolate,8.0
2546,newspapers,7.0
2548,pip fruit,9.0
2548,nuts/prunes,9.0
2548,root vegetables,9.0
2548,condensed milk,8.0
2548,rolls/buns,8.0
2548,pickled vegetables,8.0
2548,coffee,8.0
2548,canned beer,8.0
2548,liquor (appetizer),8.0
2551,frankfurter,8.0
2551,tropical fruit,9.0
2551,root vegetables,9.0
2551,whole milk,8.0
2551,butter,8.0
2551,curd,8.0
2551,yogurt,8.0
2553,UHT-milk,8.0
2553,ice cream,8.0
2553,domestic eggs,8.0
2553,oil,8.0
2553,soda,4.0
2553,cling film/bags,8.0
2554,organic sausage,9.0
2554,chicken,8.0
2554,citrus fruit,9.0
2554,grapes,8.0
2554,other vegetables,9.0
2554,butter,8.0
2554,yogurt,8.0
2554,whipped/sour cream,8.0
2554,rolls/buns,8.0
2554,seasonal products,8.0
2554,hygiene articles,7.0
2559,soft cheese,8.0
2559,hard cheese,8.0
2559,bottled water,8.0
2559,soda,4.0
2559,liquor (appetizer),8.0
2559,waffles,6.0
2559,chocolate,8.0
2559,candles,8.0
2560,sausage,8.0
2560,other vegetables,9.0
2560,yogurt,8.0
2560,mayonnaise,8.0
2560,rolls/buns,8.0
2560,bottled water,8.0
2560,soda,4.0
2560,canned beer,8.0
2560,shopping bags,8.0
2561,sausage,8.0
2561,citrus fruit,9.0
2561,pip fruit,9.0
2561,whole milk,8.0
2561,cream cheese ,8.0
2561,tidbits,8.0
2561,domestic eggs,8.0
2561,pastry,6.0
2561,sugar,6.0
2561,fruit/vegetable juice,8.0
2561,chocolate,8.0
2561,chocolate marshmallow,8.0
2566,tropical fruit,9.0
2566,herbs,9.0
2566,whole milk,8.0
2566,yogurt,8.0
2566,whipped/sour cream,8.0
2566,soda,4.0
2574,frankfurter,8.0
2574,pip fruit,9.0
2574,root vegetables,9.0
2574,other vegetables,9.0
2574,whole milk,8.0
2574,soft cheese,8.0
2574,cream cheese ,8.0
2574,frozen vegetables,8.0
2574,salt,8.0
2574,specialty fat,8.0
2574,sugar,6.0
2574,jam,8.0
2574,canned fish,8.0
2574,coffee,8.0
2574,fruit/vegetable juice,8.0
2574,long life bakery product,4.0
2574,waffles,6.0
2574,chocolate,8.0
2574,shopping bags,8.0
2577,frankfurter,8.0
2577,root vegetables,9.0
2577,whole milk,8.0
2577,frozen vegetables,8.0
2577,coffee,8.0
2577,soda,4.0
2577,long life bakery product,4.0
2577,napkins,7.0
2577,house keeping products,8.0
2577,newspapers,7.0
2577,shopping bags,8.0
2581,other vegetables,9.0
2581,butter,8.0
2581,yogurt,8.0
2581,rolls/buns,8.0
2581,pastry,6.0
2581,margarine,8.0
2583,sausage,8.0
2583,citrus fruit,9.0
2583,whole milk,8.0
2583,yogurt,8.0
2583,beverages,8.0
2583,pasta,8.0
2583,waffles,6.0
2583,specialty chocolate,8.0
2585,sausage,8.0
2585,citrus fruit,9.0
2585,other vegetables,9.0
2585,hard cheese,8.0
2585,cream cheese ,8.0
2585,frozen dessert,8.0
2585,artif. sweetener,8.0
2585,coffee,8.0
2585,cling film/bags,8.0
2585,newspapers,7.0
2588,other vegetables,9.0
2588,whole milk,8.0
2588,yogurt,8.0
2588,specialty cheese,8.0
2588,bottled water,8.0
2588,misc. beverages,8.0
2588,fruit/vegetable juice,8.0
2590,beef,8.0
2590,root vegetables,9.0
2590,other vegetables,9.0
2590,whole milk,8.0
2590,domestic eggs,8.0
2590,hygiene articles,7.0
2594,ham,8.0
2594,citrus fruit,9.0
2594,root vegetables,9.0
2594,whipped/sour cream,8.0
2594,canned beer,8.0
2594,napkins,7.0
2597,pork,8.0
2597,hamburger meat,8.0
2597,pip fruit,9.0
2597,herbs,9.0
2597,other vegetables,9.0
2597,whole milk,8.0
2597,butter,8.0
2597,sliced cheese,8.0
2597,processed cheese,8.0
2597,rolls/buns,8.0
2597,pastry,6.0
2597,roll products ,8.0
2597,margarine,8.0
2599,chicken,8.0
2599,other vegetables,9.0
2599,bottled water,8.0
2599,chewing gum,8.0
2599,softener,8.0
2600,sausage,8.0
2600,ham,8.0
2600,pip fruit,9.0
2600,whole milk,8.0
2600,butter milk,8.0
2600,yogurt,8.0
2600,hard cheese,8.0
2600,spread cheese,8.0
2600,rolls/buns,8.0
2600,pastry,6.0
2600,margarine,8.0
2600,salty snack,8.0
2600,shopping bags,8.0
2604,frankfurter,8.0
2604,beef,8.0
2604,citrus fruit,9.0
2604,whole milk,8.0
2604,rolls/buns,8.0
2604,semi-finished bread,8.0
2604,coffee,8.0
2604,bottled beer,8.0
2611,hamburger meat,8.0
2611,pip fruit,9.0
2611,whole milk,8.0
2611,hard cheese,8.0
2611,chocolate,8.0
2615,berries,9.0
2615,root vegetables,9.0
2615,whole milk,8.0
2615,curd,8.0
2615,frozen fish,8.0
2615,domestic eggs,8.0
2615,rolls/buns,8.0
2621,liver loaf,8.0
2621,beef,8.0
2621,onions,9.0
2621,specialty chocolate,8.0
2621,napkins,7.0
2621,shopping bags,8.0
2625,chicken,8.0
2625,pip fruit,9.0
2625,whole milk,8.0
2625,pastry,6.0
2625,coffee,8.0
2630,ham,8.0
2630,hamburger meat,8.0
2630,other vegetables,9.0
2630,whole milk,8.0
2630,curd,8.0
2630,mayonnaise,8.0
2630,domestic eggs,8.0
2630,rolls/buns,8.0
2630,margarine,8.0
2632,chicken,8.0
2632,other vegetables,9.0
2632,whole milk,8.0
2632,yogurt,8.0
2632,frozen vegetables,8.0
2632,coffee,8.0
2632,bottled beer,8.0
2632,red/blush wine,8.0
2634,frankfurter,8.0
2634,hamburger meat,8.0
2634,tropical fruit,9.0
2634,root vegetables,9.0
2634,domestic eggs,8.0
2634,Instant food products,8.0
2634,detergent,6.0
2635,citrus fruit,9.0
2635,pip fruit,9.0
2635,whole milk,8.0
2635,curd,8.0
2635,whipped/sour cream,8.0
2635,bottled water,8.0
2635,bottled beer,8.0
2635,specialty chocolate,8.0
2635,shopping bags,8.0
2636,tropical fruit,9.0
2636,whole milk,8.0
2636,cat food,8.0
2636,popcorn,8.0
2636,specialty bar,8.0
2637,citrus fruit,9.0
2637,other vegetables,9.0
2637,butter,8.0
2637,brown bread,6.0
2637,baking powder,6.0
2637,bottled water,8.0
2637,soda,4.0
2641,citrus fruit,9.0
2641,rolls/buns,8.0
2641,pastry,6.0
2641,soda,4.0
2641,pot plants,8.0
2641,shopping bags,8.0
2642,chicken,8.0
2642,onions,9.0
2642,other vegetables,9.0
2642,whole milk,8.0
2642,frozen fish,8.0
2642,brown bread,6.0
2642,soda,4.0
2642,white wine,8.0
2645,pork,8.0
2645,tropical fruit,9.0
2645,whole milk,8.0
2645,curd,8.0
2645,frozen meals,8.0
2645,domestic eggs,8.0
2645,margarine,8.0
2645,pickled vegetables,8.0
2645,soda,4.0
2645,bottled beer,8.0
2645,pot plants,8.0
2647,whole milk,8.0
2647,frozen vegetables,8.0
2647,rolls/buns,8.0
2647,pastry,6.0
2647,kitchen towels,8.0
2647,newspapers,7.0
2658,sausage,8.0
2658,pork,8.0
2658,beef,8.0
2658,hamburger meat,8.0
2658,grapes,8.0
2658,root vegetables,9.0
2658,other vegetables,9.0
2658,dessert,6.0
2658,rolls/buns,8.0
2658,dog food,8.0
2658,napkins,7.0
2661,tropical fruit,9.0
2661,grapes,8.0
2661,UHT-milk,8.0
2661,pickled vegetables,8.0
2661,jam,8.0
2661,coffee,8.0
2661,salty snack,8.0
2662,frankfurter,8.0
2662,pork,8.0
2662,root vegetables,9.0
2662,whole milk,8.0
2662,yogurt,8.0
2662,frozen fish,8.0
2662,soda,4.0
2663,sausage,8.0
2663,citrus fruit,9.0
2663,berries,9.0
2663,other vegetables,9.0
2663,hard cheese,8.0
2663,rolls/buns,8.0
2663,bottled water,8.0
2664,sausage,8.0
2664,butter milk,8.0
2664,rolls/buns,8.0
2664,bottled water,8.0
2664,soda,4.0
2664,canned beer,8.0
2664,shopping bags,8.0
2666,root vegetables,9.0
2666,herbs,9.0
2666,whole milk,8.0
2666,butter milk,8.0
2666,cream cheese ,8.0
2666,waffles,6.0
2666,napkins,7.0
2666,newspapers,7.0
2668,root vegetables,9.0
2668,other vegetables,9.0
2668,whole milk,8.0
2668,butter,8.0
2668,mustard,8.0
2668,bottled water,8.0
2668,flower (seeds),8.0
2671,meat,8.0
2671,whole milk,8.0
2671,yogurt,8.0
2671,soda,4.0
2671,male cosmetics,7.0
2680,ham,8.0
2680,citrus fruit,9.0
2680,tropical fruit,9.0
2680,whole milk,8.0
2680,yogurt,8.0
2680,whipped/sour cream,8.0
2680,soda,4.0
2682,pork,8.0
2682,root vegetables,9.0
2682,onions,9.0
2682,other vegetables,9.0
2682,margarine,8.0
2682,sugar,6.0
2682,spices,9.0
2684,citrus fruit,9.0
2684,pip fruit,9.0
2684,root vegetables,9.0
2684,onions,9.0
2684,herbs,9.0
2684,other vegetables,9.0
2684,whole milk,8.0
2684,butter,8.0
2684,processed cheese,8.0
2684,frozen vegetables,8.0
2684,bottled water,8.0
2684,red/blush wine,8.0
2684,long life bakery product,4.0
2684,chocolate,8.0
2684,rubbing alcohol,6.0
2684,hygiene articles,7.0
2684,napkins,7.0
2685,meat,8.0
2685,finished products,8.0
2685,white bread,8.0
2685,long life bakery product,4.0
2685,shopping bags,8.0
2689,sausage,8.0
2689,other vegetables,9.0
2689,yogurt,8.0
2689,bottled water,8.0
2689,soda,4.0
2689,canned beer,8.0
2689,shopping bags,8.0
2695,frankfurter,8.0
2695,sausage,8.0
2695,pip fruit,9.0
2695,other vegetables,9.0
2695,rolls/buns,8.0
2695,sweet spreads,8.0
2695,chocolate,8.0
2696,sausage,8.0
2696,yogurt,8.0
2696,rolls/buns,8.0
2696,pastry,6.0
2696,dog food,8.0
2696,soda,4.0
2700,ham,8.0
2700,pork,8.0
2700,other vegetables,9.0
2700,whole milk,8.0
2700,frozen vegetables,8.0
2700,rolls/buns,8.0
2700,rum,8.0
2703,chicken,8.0
2703,citrus fruit,9.0
2703,tropical fruit,9.0
2703,other vegetables,9.0
2703,whole milk,8.0
2703,whipped/sour cream,8.0
2703,rolls/buns,8.0
2703,pastry,6.0
2703,flour,6.0
2703,specialty chocolate,8.0
2705,frankfurter,8.0
2705,sausage,8.0
2705,citrus fruit,9.0
2705,root vegetables,9.0
2705,other vegetables,9.0
2705,whole milk,8.0
2705,yogurt,8.0
2705,whipped/sour cream,8.0
2705,frozen vegetables,8.0
2705,white bread,8.0
2705,brown bread,6.0
2705,pasta,8.0
2705,vinegar,8.0
2705,soda,4.0
2705,salty snack,8.0
2705,detergent,6.0
2710,beef,8.0
2710,root vegetables,9.0
2710,other vegetables,9.0
2710,whole milk,8.0
2710,dessert,6.0
2710,yogurt,8.0
2710,rolls/buns,8.0
2710,margarine,8.0
2710,jam,8.0
2710,soda,4.0
2710,liquor (appetizer),8.0
2710,waffles,6.0
2710,chocolate marshmallow,8.0
2710,candy,8.0
2710,bathroom cleaner,7.0
2710,light bulbs,8.0
2713,sausage,8.0
2713,turkey,6.0
2713,beef,8.0
2713,citrus fruit,9.0
2713,herbs,9.0
2713,flour,6.0
2713,margarine,8.0
2713,Instant food products,8.0
2713,bottled water,8.0
2717,ham,8.0
2717,whole milk,8.0
2717,domestic eggs,8.0
2717,tea,8.0
2717,bottled water,8.0
2717,bottled beer,8.0
2718,finished products,8.0
2718,chicken,8.0
2718,pork,8.0
2718,beef,8.0
2718,hamburger meat,8.0
2718,berries,9.0
2718,butter,8.0
2718,domestic eggs,8.0
2718,rolls/buns,8.0
2718,brown bread,6.0
2718,pastry,6.0
2718,flour,6.0
2718,Instant food products,8.0
2718,soda,4.0
2718,salty snack,8.0
2718,chocolate,8.0
2718,specialty chocolate,8.0
2718,hygiene articles,7.0
2718,flower (seeds),8.0
2721,sausage,8.0
2721,liver loaf,8.0
2721,misc. beverages,8.0
2721,fruit/vegetable juice,8.0
2721,canned beer,8.0
2721,salty snack,8.0
2721,shopping bags,8.0
2722,citrus fruit,9.0
2722,soda,4.0
2722,misc. beverages,8.0
2722,canned beer,8.0
2722,chocolate,8.0
2722,specialty chocolate,8.0
2722,candy,8.0
2722,shopping bags,8.0
2726,root vegetables,9.0
2726,whole milk,8.0
2726,oil,8.0
2726,mustard,8.0
2726,fruit/vegetable juice,8.0
2726,waffles,6.0
2726,dishes,8.0
2726,shopping bags,8.0
2728,pork,8.0
2728,tropical fruit,9.0
2728,other vegetables,9.0
2728,coffee,8.0
2728,shopping bags,8.0
2729,dessert,6.0
2729,yogurt,8.0
2729,rolls/buns,8.0
2729,meat spreads,8.0
2729,bottled water,8.0
2729,soda,4.0
2729,chocolate,8.0
2729,shopping bags,8.0
2731,citrus fruit,9.0
2731,root vegetables,9.0
2731,other vegetables,9.0
2731,whipped/sour cream,8.0
2731,processed cheese,8.0
2731,rolls/buns,8.0
2731,newspapers,7.0
2732,hamburger meat,8.0
2732,root vegetables,9.0
2732,frozen vegetables,8.0
2732,rolls/buns,8.0
2732,brown bread,6.0
2732,margarine,8.0
2732,soda,4.0
2732,fruit/vegetable juice,8.0
2732,white wine,8.0
2732,kitchen towels,8.0
2732,newspapers,7.0
2733,citrus fruit,9.0
2733,tropical fruit,9.0
2733,pip fruit,9.0
2733,grapes,8.0
2733,berries,9.0
2733,root vegetables,9.0
2733,other vegetables,9.0
2733,beverages,8.0
2733,Instant food products,8.0
2733,long life bakery product,4.0
2737,ham,8.0
2737,other vegetables,9.0
2737,condensed milk,8.0
2737,domestic eggs,8.0
2737,salty snack,8.0
2741,frankfurter,8.0
2741,sausage,8.0
2741,whole milk,8.0
2741,margarine,8.0
2741,sauces,8.0
2741,chocolate,8.0
2744,frankfurter,8.0
2744,pork,8.0
2744,herbs,9.0
2744,other vegetables,9.0
2744,butter,8.0
2744,rolls/buns,8.0
2745,frankfurter,8.0
2745,sausage,8.0
2745,other vegetables,9.0
2745,whole milk,8.0
2745,butter,8.0
2745,curd,8.0
2745,dessert,6.0
2745,yogurt,8.0
2745,brown bread,6.0
2745,pastry,6.0
2745,waffles,6.0
2745,chocolate,8.0
2745,dishes,8.0
2747,whipped/sour cream,8.0
2747,condensed milk,8.0
2747,domestic eggs,8.0
2747,flour,6.0
2747,oil,8.0
2747,sugar,6.0
2750,chicken,8.0
2750,beef,8.0
2750,pip fruit,9.0
2750,berries,9.0
2750,other vegetables,9.0
2750,whole milk,8.0
2750,whipped/sour cream,8.0
2750,frozen fruits,8.0
2750,frozen meals,8.0
2750,domestic eggs,8.0
2750,salty snack,8.0
2753,pip fruit,9.0
2753,other vegetables,9.0
2753,whole milk,8.0
2753,whipped/sour cream,8.0
2753,coffee,8.0
2755,chicken,8.0
2755,UHT-milk,8.0
2755,frozen vegetables,8.0
2755,ice cream,8.0
2755,pickled vegetables,8.0
2755,bottled beer,8.0
2755,newspapers,7.0
2755,shopping bags,8.0
2756,sausage,8.0
2756,tropical fruit,9.0
2756,other vegetables,9.0
2756,butter,8.0
2756,sliced cheese,8.0
2756,domestic eggs,8.0
2756,rolls/buns,8.0
2756,brown bread,6.0
2756,napkins,7.0
2758,pork,8.0
2758,yogurt,8.0
2758,beverages,8.0
2758,frozen vegetables,8.0
2758,frozen meals,8.0
2758,rolls/buns,8.0
2758,potato products,9.0
2758,bottled beer,8.0
2758,chocolate marshmallow,8.0
2758,kitchen towels,8.0
2760,citrus fruit,9.0
2760,root vegetables,9.0
2760,domestic eggs,8.0
2760,margarine,8.0
2760,dishes,8.0
2761,rolls/buns,8.0
2761,pastry,6.0
2761,pasta,8.0
2761,soda,4.0
2761,fruit/vegetable juice,8.0
2761,specialty chocolate,8.0
2762,tropical fruit,9.0
2762,nuts/prunes,9.0
2762,whole milk,8.0
2762,whipped/sour cream,8.0
2762,waffles,6.0
2762,newspapers,7.0
2763,other vegetables,9.0
2763,whole milk,8.0
2763,whipped/sour cream,8.0
2763,condensed milk,8.0
2763,rolls/buns,8.0
2763,shopping bags,8.0
2766,pork,8.0
2766,tropical fruit,9.0
2766,root vegetables,9.0
2766,whipped/sour cream,8.0
2766,UHT-milk,8.0
2766,frozen vegetables,8.0
2766,roll products ,8.0
2766,oil,8.0
2766,bottled water,8.0
2766,candy,8.0
2767,pastry,6.0
2767,sugar,6.0
2767,mustard,8.0
2767,chewing gum,8.0
2767,shopping bags,8.0
2773,whole milk,8.0
2773,butter,8.0
2773,curd,8.0
2773,frozen vegetables,8.0
2773,bottled water,8.0
2773,bottled beer,8.0
2773,detergent,6.0
2773,pot plants,8.0
2773,shopping bags,8.0
2775,sausage,8.0
2775,sliced cheese,8.0
2775,cream cheese ,8.0
2775,candy,8.0
2775,shopping bags,8.0
2776,hamburger meat,8.0
2776,other vegetables,9.0
2776,margarine,8.0
2776,sugar,6.0
2776,baking powder,6.0
2776,sweet spreads,8.0
2776,fruit/vegetable juice,8.0
2776,chewing gum,8.0
2776,specialty bar,8.0
2779,chicken,8.0
2779,whole milk,8.0
2779,frozen vegetables,8.0
2779,brown bread,6.0
2779,sugar,6.0
2779,dog food,8.0
2781,pork,8.0
2781,tropical fruit,9.0
2781,root vegetables,9.0
2781,herbs,9.0
2781,whole milk,8.0
2781,butter,8.0
2781,domestic eggs,8.0
2781,rolls/buns,8.0
2781,baking powder,6.0
2781,bottled water,8.0
2781,rum,8.0
2781,salty snack,8.0
2781,chocolate,8.0
2781,hygiene articles,7.0
2782,citrus fruit,9.0
2782,pip fruit,9.0
2782,other vegetables,9.0
2782,whole milk,8.0
2782,butter,8.0
2782,yogurt,8.0
2782,salt,8.0
2784,ham,8.0
2784,meat,8.0
2784,chicken,8.0
2784,tropical fruit,9.0
2784,berries,9.0
2784,soft cheese,8.0
2784,specialty cheese,8.0
2784,long life bakery product,4.0
2784,flower (seeds),8.0
2786,soda,4.0
2786,misc. beverages,8.0
2786,sparkling wine,8.0
2786,chewing gum,8.0
2786,specialty chocolate,8.0
2786,shopping bags,8.0
2796,tropical fruit,9.0
2796,onions,9.0
2796,spread cheese,8.0
2796,coffee,8.0
2796,canned beer,8.0
2796,liquor (appetizer),8.0
2796,red/blush wine,8.0
2796,dental care,8.0
2796,light bulbs,8.0
2796,newspapers,7.0
2803,sausage,8.0
2803,meat,8.0
2803,pork,8.0
2803,root vegetables,9.0
2803,other vegetables,9.0
2803,sliced cheese,8.0
2803,margarine,8.0
2803,cat food,8.0
2803,coffee,8.0
2803,dental care,8.0
2815,pip fruit,9.0
2815,whole milk,8.0
2815,rolls/buns,8.0
2815,pickled vegetables,8.0
2815,waffles,6.0
2816,hamburger meat,8.0
2816,other vegetables,9.0
2816,frozen vegetables,8.0
2816,frozen meals,8.0
2816,cat food,8.0
2816,fruit/vegetable juice,8.0
2818,ham,8.0
2818,whipped/sour cream,8.0
2818,beverages,8.0
2818,domestic eggs,8.0
2818,fruit/vegetable juice,8.0
2825,brown bread,6.0
2825,bottled water,8.0
2825,soda,4.0
2825,fruit/vegetable juice,8.0
2825,bottled beer,8.0
2825,newspapers,7.0
2825,photo/film,8.0
2826,beef,8.0
2826,root vegetables,9.0
2826,other vegetables,9.0
2826,margarine,8.0
2826,salty snack,8.0
2826,waffles,6.0
2826,specialty chocolate,8.0
2826,kitchen towels,8.0
2826,newspapers,7.0
2832,sausage,8.0
2832,finished products,8.0
2832,beverages,8.0
2832,domestic eggs,8.0
2832,pastry,6.0
2832,salty snack,8.0
2834,citrus fruit,9.0
2834,tropical fruit,9.0
2834,frozen meals,8.0
2834,frozen dessert,8.0
2834,rolls/buns,8.0
2834,misc. beverages,8.0
2837,pip fruit,9.0
2837,whole milk,8.0
2837,pastry,6.0
2837,waffles,6.0
2837,cake bar,6.0
2837,specialty bar,8.0
2837,shopping bags,8.0
2841,frankfurter,8.0
2841,beef,8.0
2841,brown bread,6.0
2841,margarine,8.0
2841,soda,4.0
2841,candy,8.0
2843,ham,8.0
2843,tropical fruit,9.0
2843,pip fruit,9.0
2843,grapes,8.0
2843,berries,9.0
2843,other vegetables,9.0
2843,curd,8.0
2843,dessert,6.0
2843,yogurt,8.0
2843,rolls/buns,8.0
2843,margarine,8.0
2843,honey,9.0
2843,specialty chocolate,8.0
2843,detergent,6.0
2843,napkins,7.0
2843,cling film/bags,8.0
2847,pip fruit,9.0
2847,zwieback,8.0
2847,salty snack,8.0
2847,cake bar,6.0
2847,specialty bar,8.0
2848,sausage,8.0
2848,root vegetables,9.0
2848,whole milk,8.0
2848,rolls/buns,8.0
2848,brown bread,6.0
2848,margarine,8.0
2848,soda,4.0
2848,long life bakery product,4.0
2848,cake bar,6.0
2850,pork,8.0
2850,brown bread,6.0
2850,salt,8.0
2850,liquor,8.0
2850,shopping bags,8.0
2851,whole milk,8.0
2851,yogurt,8.0
2851,rolls/buns,8.0
2851,waffles,6.0
2851,specialty bar,8.0
2857,chicken,8.0
2857,citrus fruit,9.0
2857,root vegetables,9.0
2857,other vegetables,9.0
2857,beverages,8.0
2857,ice cream,8.0
2857,rice,9.0
2857,Instant food products,8.0
2857,sweet spreads,8.0
2857,canned fish,8.0
2857,soda,4.0
2857,fruit/vegetable juice,8.0
2857,red/blush wine,8.0
2857,newspapers,7.0
2857,shopping bags,8.0
2864,meat,8.0
2864,citrus fruit,9.0
2864,root vegetables,9.0
2864,whole milk,8.0
2864,dessert,6.0
2864,yogurt,8.0
2864,waffles,6.0
2864,detergent,6.0
2866,whole milk,8.0
2866,sliced cheese,8.0
2866,long life bakery product,4.0
2866,candy,8.0
2866,hair spray,7.0
2869,whole milk,8.0
2869,dessert,6.0
2869,yogurt,8.0
2869,sliced cheese,8.0
2869,rolls/buns,8.0
2869,soda,4.0
2869,seasonal products,8.0
2876,ham,8.0
2876,frozen meals,8.0
2876,rolls/buns,8.0
2876,canned fish,8.0
2876,coffee,8.0
2876,instant coffee,8.0
2879,pork,8.0
2879,frozen potato products,8.0
2879,rolls/buns,8.0
2879,margarine,8.0
2879,coffee,8.0
2879,female sanitary products,7.0
2881,tropical fruit,9.0
2881,root vegetables,9.0
2881,other vegetables,9.0
2881,butter,8.0
2881,dessert,6.0
2881,sliced cheese,8.0
2881,frozen vegetables,8.0
2881,ice cream,8.0
2881,frozen dessert,8.0
2881,rolls/buns,8.0
2881,Instant food products,8.0
2881,baking powder,6.0
2881,canned fish,8.0
2881,fruit/vegetable juice,8.0
2881,newspapers,7.0
2881,shopping bags,8.0
2882,whole milk,8.0
2882,pastry,6.0
2882,sugar,6.0
2882,soda,4.0
2882,hygiene articles,7.0
2889,pork,8.0
2889,tropical fruit,9.0
2889,white bread,8.0
2889,soda,4.0
2889,bottled beer,8.0
2899,pork,8.0
2899,beef,8.0
2899,other vegetables,9.0
2899,curd,8.0
2899,whipped/sour cream,8.0
2899,specialty cheese,8.0
2899,dental care,8.0
2899,shopping bags,8.0
2902,berries,9.0
2902,salt,8.0
2902,organic products,9.0
2902,cat food,8.0
2902,soda,4.0
2902,bottled beer,8.0
2902,female sanitary products,7.0
2907,margarine,8.0
2907,coffee,8.0
2907,instant coffee,8.0
2907,soda,4.0
2907,canned beer,8.0
2910,root vegetables,9.0
2910,onions,9.0
2910,other vegetables,9.0
2910,whole milk,8.0
2910,curd,8.0
2910,yogurt,8.0
2910,frozen fish,8.0
2910,waffles,6.0
2911,root vegetables,9.0
2911,onions,9.0
2911,other vegetables,9.0
2911,curd,8.0
2911,whipped/sour cream,8.0
2911,pickled vegetables,8.0
2911,specialty vegetables,9.0
2928,sausage,8.0
2928,hamburger meat,8.0
2928,citrus fruit,9.0
2928,other vegetables,9.0
2928,dessert,6.0
2928,yogurt,8.0
2928,frozen meals,8.0
2928,frozen potato products,8.0
2928,white bread,8.0
2928,fruit/vegetable juice,8.0
2928,long life bakery product,4.0
2928,chocolate,8.0
2928,candy,8.0
2928,house keeping products,8.0
2938,frankfurter,8.0
2938,pork,8.0
2938,tropical fruit,9.0
2938,whole milk,8.0
2938,whipped/sour cream,8.0
2938,frozen vegetables,8.0
2938,frozen fish,8.0
2938,margarine,8.0
2938,newspapers,7.0
2939,meat,8.0
2939,turkey,6.0
2939,tropical fruit,9.0
2939,root vegetables,9.0
2939,onions,9.0
2939,other vegetables,9.0
2939,whole milk,8.0
2939,butter,8.0
2939,yogurt,8.0
2939,whipped/sour cream,8.0
2939,sliced cheese,8.0
2939,hard cheese,8.0
2939,frozen meals,8.0
2939,frozen dessert,8.0
2939,domestic eggs,8.0
2939,white bread,8.0
2939,salt,8.0
2939,rice,9.0
2939,oil,8.0
2939,margarine,8.0
2939,mustard,8.0
2939,baking powder,6.0
2939,dog food,8.0
2939,bottled water,8.0
2939,fruit/vegetable juice,8.0
2939,rum,8.0
2939,long life bakery product,4.0
2939,chocolate,8.0
2939,cooking chocolate,6.0
2942,frozen potato products,8.0
2942,rolls/buns,8.0
2942,oil,8.0
2942,bottled water,8.0
2942,canned beer,8.0
2942,hygiene articles,7.0
2942,napkins,7.0
2943,other vegetables,9.0
2943,margarine,8.0
2943,coffee,8.0
2943,canned beer,8.0
2943,flower (seeds),8.0
2944,frankfurter,8.0
2944,pork,8.0
2944,whole milk,8.0
2944,pastry,6.0
2944,soda,4.0
2947,butter,8.0
2947,yogurt,8.0
2947,rolls/buns,8.0
2947,detergent,6.0
2947,shopping bags,8.0
2948,frankfurter,8.0
2948,pork,8.0
2948,beef,8.0
2948,hamburger meat,8.0
2948,other vegetables,9.0
2948,whole milk,8.0
2948,butter,8.0
2948,curd,8.0
2948,yogurt,8.0
2948,whipped/sour cream,8.0
2948,cream cheese ,8.0
2948,frozen vegetables,8.0
2948,domestic eggs,8.0
2948,rolls/buns,8.0
2948,sugar,6.0
2948,mustard,8.0
2948,ketchup,8.0
2948,meat spreads,8.0
2948,canned fish,8.0
2948,bottled beer,8.0
2948,chewing gum,8.0
2948,decalcifier,8.0
2948,hygiene articles,7.0
2951,other vegetables,9.0
2951,whole milk,8.0
2951,bottled water,8.0
2951,soda,4.0
2951,fruit/vegetable juice,8.0
2951,salty snack,8.0
2951,dental care,8.0
2951,newspapers,7.0
2953,sausage,8.0
2953,whole milk,8.0
2953,domestic eggs,8.0
2953,rolls/buns,8.0
2953,fruit/vegetable juice,8.0
2953,light bulbs,8.0
2954,frankfurter,8.0
2954,pork,8.0
2954,pip fruit,9.0
2954,root vegetables,9.0
2954,other vegetables,9.0
2954,whole milk,8.0
2954,butter milk,8.0
2954,yogurt,8.0
2954,cream cheese ,8.0
2954,rolls/buns,8.0
2954,brown bread,6.0
2954,soda,4.0
2955,liver loaf,8.0
2955,root vegetables,9.0
2955,other vegetables,9.0
2955,whole milk,8.0
2955,frozen vegetables,8.0
2955,white wine,8.0
2957,frankfurter,8.0
2957,tropical fruit,9.0
2957,root vegetables,9.0
2957,whole milk,8.0
2957,curd,8.0
2957,dessert,6.0
2957,frozen vegetables,8.0
2957,pastry,6.0
2957,instant coffee,8.0
2957,tea,8.0
2957,newspapers,7.0
2960,chicken,8.0
2960,soda,4.0
2960,liquor,8.0
2960,white wine,8.0
2960,shopping bags,8.0
2961,other vegetables,9.0
2961,hard cheese,8.0
2961,processed cheese,8.0
2961,cereals,8.0
2961,pickled vegetables,8.0
2961,long life bakery product,4.0
2961,specialty chocolate,8.0
2962,pip fruit,9.0
2962,whole milk,8.0
2962,dessert,6.0
2962,butter milk,8.0
2962,rolls/buns,8.0
2962,cereals,8.0
2963,other vegetables,9.0
2963,whole milk,8.0
2963,processed cheese,8.0
2963,white bread,8.0
2963,soda,4.0
2963,newspapers,7.0
2969,hamburger meat,8.0
2969,pip fruit,9.0
2969,other vegetables,9.0
2969,whole milk,8.0
2969,yogurt,8.0
2969,cream cheese ,8.0
2969,margarine,8.0
2969,sugar,6.0
2969,baking powder,6.0
2969,meat spreads,8.0
2969,bottled water,8.0
2969,chewing gum,8.0
2971,root vegetables,9.0
2971,other vegetables,9.0
2971,whole milk,8.0
2971,butter,8.0
2971,dessert,6.0
2971,frozen meals,8.0
2971,frozen fish,8.0
2971,rice,9.0
2971,bottled water,8.0
2971,fruit/vegetable juice,8.0
2971,long life bakery product,4.0
2971,chocolate,8.0
2972,sausage,8.0
2972,other vegetables,9.0
2972,whole milk,8.0
2972,butter,8.0
2972,cat food,8.0
2972,salty snack,8.0
2972,long life bakery product,4.0
2972,waffles,6.0
2972,chocolate,8.0
2973,whole milk,8.0
2973,rolls/buns,8.0
2973,salty snack,8.0
2973,chocolate,8.0
2973,newspapers,7.0
2974,beef,8.0
2974,hamburger meat,8.0
2974,tropical fruit,9.0
2974,root vegetables,9.0
2974,onions,9.0
2974,other vegetables,9.0
2974,whole milk,8.0
2974,butter,8.0
2974,yogurt,8.0
2974,whipped/sour cream,8.0
2974,sliced cheese,8.0
2974,mayonnaise,8.0
2974,frozen vegetables,8.0
2974,frozen potato products,8.0
2974,rolls/buns,8.0
2974,white bread,8.0
2974,rice,9.0
2974,oil,8.0
2974,specialty fat,8.0
2974,specialty vegetables,9.0
2974,canned fish,8.0
2974,coffee,8.0
2974,instant coffee,8.0
2974,bottled beer,8.0
2974,liquor (appetizer),8.0
2974,long life bakery product,4.0
2974,chocolate,8.0
2974,napkins,7.0
2974,house keeping products,8.0
2975,sausage,8.0
2975,meat,8.0
2975,whole milk,8.0
2975,rolls/buns,8.0
2975,bottled beer,8.0
2982,frankfurter,8.0
2982,other vegetables,9.0
2982,mustard,8.0
2982,soda,4.0
2982,napkins,7.0
2982,light bulbs,8.0
2983,tropical fruit,9.0
2983,other vegetables,9.0
2983,whole milk,8.0
2983,yogurt,8.0
2983,rolls/buns,8.0
2983,baking powder,6.0
2983,long life bakery product,4.0
2983,chocolate,8.0
2983,newspapers,7.0
2985,chicken,8.0
2985,citrus fruit,9.0
2985,curd,8.0
2985,yogurt,8.0
2985,domestic eggs,8.0
2985,rolls/buns,8.0
2985,spices,9.0
2985,bottled water,8.0
2985,waffles,6.0
2985,chocolate,8.0
2985,shopping bags,8.0
2988,citrus fruit,9.0
2988,tropical fruit,9.0
2988,other vegetables,9.0
2988,whole milk,8.0
2988,butter,8.0
2988,whipped/sour cream,8.0
2988,domestic eggs,8.0
2988,sugar,6.0
2988,salty snack,8.0
2988,long life bakery product,4.0
2988,napkins,7.0
2988,shopping bags,8.0
2992,chicken,8.0
2992,root vegetables,9.0
2992,onions,9.0
2992,other vegetables,9.0
2992,frozen vegetables,8.0
2992,cake bar,6.0
2996,berries,9.0
2996,root vegetables,9.0
2996,herbs,9.0
2996,other vegetables,9.0
2996,whole milk,8.0
2996,curd,8.0
2996,cream cheese ,8.0
2996,cereals,8.0
2996,long life bakery product,4.0
2996,waffles,6.0
2996,shopping bags,8.0
2997,frankfurter,8.0
2997,hamburger meat,8.0
2997,whole milk,8.0
2997,cream cheese ,8.0
2997,salty snack,8.0
2998,pork,8.0
2998,beef,8.0
2998,frozen vegetables,8.0
2998,frozen meals,8.0
2998,potato products,9.0
2998,margarine,8.0
2998,napkins,7.0
2998,cookware,8.0
2999,tropical fruit,9.0
2999,root vegetables,9.0
2999,whole milk,8.0
2999,rolls/buns,8.0
2999,bottled water,8.0
2999,napkins,7.0
2999,dishes,8.0
3000,frankfurter,8.0
3000,meat,8.0
3000,whole milk,8.0
3000,roll products ,8.0
3000,flour,6.0
3000,pickled vegetables,8.0
3000,bottled beer,8.0
3000,napkins,7.0
3000,shopping bags,8.0
3002,pork,8.0
3002,root vegetables,9.0
3002,onions,9.0
3002,bottled water,8.0
3002,soda,4.0
3003,citrus fruit,9.0
3003,tropical fruit,9.0
3003,root vegetables,9.0
3003,other vegetables,9.0
3003,whole milk,8.0
3003,yogurt,8.0
3003,sliced cheese,8.0
3003,hard cheese,8.0
3003,specialty cheese,8.0
3003,dog food,8.0
3003,bottled water,8.0
3003,newspapers,7.0
3005,other vegetables,9.0
3005,butter milk,8.0
3005,rolls/buns,8.0
3005,oil,8.0
3005,bottled water,8.0
3005,fruit/vegetable juice,8.0
3005,softener,8.0
3005,dishes,8.0
3006,frankfurter,8.0
3006,beef,8.0
3006,pip fruit,9.0
3006,whole milk,8.0
3006,yogurt,8.0
3006,whipped/sour cream,8.0
3006,cream cheese ,8.0
3006,frozen vegetables,8.0
3006,flour,6.0
3006,margarine,8.0
3006,canned vegetables,8.0
3006,pickled vegetables,8.0
3006,coffee,8.0
3006,bottled water,8.0
3006,soda,4.0
3006,misc. beverages,8.0
3006,fruit/vegetable juice,8.0
3006,salty snack,8.0
3006,waffles,6.0
3006,pot plants,8.0
3008,citrus fruit,9.0
3008,tropical fruit,9.0
3008,dessert,6.0
3008,condensed milk,8.0
3008,margarine,8.0
3010,citrus fruit,9.0
3010,root vegetables,9.0
3010,other vegetables,9.0
3010,whole milk,8.0
3010,whipped/sour cream,8.0
3010,soft cheese,8.0
3010,frozen vegetables,8.0
3010,white bread,8.0
3010,flour,6.0
3010,margarine,8.0
3010,baking powder,6.0
3010,waffles,6.0
3010,hygiene articles,7.0
3012,soda,4.0
3012,fruit/vegetable juice,8.0
3012,cake bar,6.0
3012,candy,8.0
3012,candles,8.0
3016,tropical fruit,9.0
3016,other vegetables,9.0
3016,whole milk,8.0
3016,curd,8.0
3016,butter milk,8.0
3016,yogurt,8.0
3016,whipped/sour cream,8.0
3016,cream cheese ,8.0
3016,rolls/buns,8.0
3016,pastry,6.0
3017,root vegetables,9.0
3017,onions,9.0
3017,other vegetables,9.0
3017,frozen fruits,8.0
3017,canned beer,8.0
3018,other vegetables,9.0
3018,whole milk,8.0
3018,yogurt,8.0
3018,rolls/buns,8.0
3018,newspapers,7.0
3019,root vegetables,9.0
3019,other vegetables,9.0
3019,yogurt,8.0
3019,rolls/buns,8.0
3019,flour,6.0
3023,tropical fruit,9.0
3023,pip fruit,9.0
3023,other vegetables,9.0
3023,frozen vegetables,8.0
3023,ice cream,8.0
3023,brown bread,6.0
3023,pastry,6.0
3023,flour,6.0
3023,pickled vegetables,8.0
3023,coffee,8.0
3023,soda,4.0
3023,misc. beverages,8.0
3023,fruit/vegetable juice,8.0
3024,butter,8.0
3024,curd,8.0
3024,dessert,6.0
3024,cream cheese ,8.0
3024,canned beer,8.0
3024,candy,8.0
3024,shopping bags,8.0
3027,other vegetables,9.0
3027,dessert,6.0
3027,candy,8.0
3027,abrasive cleaner,7.0
3027,dishes,8.0
3027,cling film/bags,8.0
3027,candles,8.0
3028,other vegetables,9.0
3028,curd,8.0
3028,yogurt,8.0
3028,UHT-milk,8.0
3028,brown bread,6.0
3028,bottled water,8.0
3028,newspapers,7.0
3028,shopping bags,8.0
3032,pork,8.0
3032,root vegetables,9.0
3032,other vegetables,9.0
3032,whole milk,8.0
3032,butter,8.0
3032,whipped/sour cream,8.0
3032,processed cheese,8.0
3032,domestic eggs,8.0
3032,rolls/buns,8.0
3032,white bread,8.0
3032,pastry,6.0
3032,jam,8.0
3032,soda,4.0
3032,waffles,6.0
3032,candy,8.0
3032,napkins,7.0
3036,sausage,8.0
3036,ham,8.0
3036,grapes,8.0
3036,other vegetables,9.0
3036,bottled water,8.0
3036,misc. beverages,8.0
3036,brandy,8.0
3036,shopping bags,8.0
3037,tropical fruit,9.0
3037,frozen meals,8.0
3037,rolls/buns,8.0
3037,bottled beer,8.0
3037,newspapers,7.0
3039,pip fruit,9.0
3039,grapes,8.0
3039,whole milk,8.0
3039,yogurt,8.0
3039,spread cheese,8.0
3039,brown bread,6.0
3039,semi-finished bread,8.0
3039,rice,9.0
3039,pickled vegetables,8.0
3039,bottled beer,8.0
3039,newspapers,7.0
3039,pot plants,8.0
3042,sausage,8.0
3042,beef,8.0
3042,citrus fruit,9.0
3042,tropical fruit,9.0
3042,nuts/prunes,9.0
3042,root vegetables,9.0
3042,other vegetables,9.0
3042,whole milk,8.0
3042,mayonnaise,8.0
3042,oil,8.0
3042,baking powder,6.0
3042,pickled vegetables,8.0
3042,chocolate,8.0
3042,newspapers,7.0
3043,frankfurter,8.0
3043,pip fruit,9.0
3043,nuts/prunes,9.0
3043,onions,9.0
3043,specialty cheese,8.0
3043,brown bread,6.0
3043,soda,4.0
3043,fruit/vegetable juice,8.0
3043,salty snack,8.0
3043,chocolate,8.0
3043,male cosmetics,7.0
3043,shopping bags,8.0
3044,citrus fruit,9.0
3044,whole milk,8.0
3044,soft cheese,8.0
3044,rice,9.0
3044,margarine,8.0
3044,sugar,6.0
3044,soups,4.0
3044,bottled water,8.0
3046,citrus fruit,9.0
3046,tropical fruit,9.0
3046,other vegetables,9.0
3046,whole milk,8.0
3046,butter,8.0
3046,yogurt,8.0
3046,whipped/sour cream,8.0
3046,soft cheese,8.0
3046,sliced cheese,8.0
3046,hard cheese,8.0
3046,roll products ,8.0
3046,margarine,8.0
3046,soda,4.0
3046,misc. beverages,8.0
3046,fruit/vegetable juice,8.0
3046,chocolate,8.0
3046,newspapers,7.0
3047,flour,6.0
3047,sugar,6.0
3047,cat food,8.0
3047,misc. beverages,8.0
3047,waffles,6.0
3049,finished products,8.0
3049,tropical fruit,9.0
3049,pip fruit,9.0
3049,other vegetables,9.0
3049,whole milk,8.0
3049,frozen fish,8.0
3049,pastry,6.0
3049,canned fish,8.0
3049,seasonal products,8.0
3049,dental care,8.0
3049,hygiene articles,7.0
3049,pot plants,8.0
3051,chicken,8.0
3051,curd,8.0
3051,UHT-milk,8.0
3051,cream cheese ,8.0
3051,margarine,8.0
3051,coffee,8.0
3051,salty snack,8.0
3051,waffles,6.0
3051,dishes,8.0
3052,chicken,8.0
3052,other vegetables,9.0
3052,whole milk,8.0
3052,domestic eggs,8.0
3052,oil,8.0
3052,margarine,8.0
3052,sugar,6.0
3052,coffee,8.0
3052,bottled beer,8.0
3052,specialty bar,8.0
3052,candy,8.0
3059,sausage,8.0
3059,root vegetables,9.0
3059,onions,9.0
3059,herbs,9.0
3059,other vegetables,9.0
3059,UHT-milk,8.0
3059,hard cheese,8.0
3059,cream cheese ,8.0
3059,frozen vegetables,8.0
3059,rolls/buns,8.0
3059,bottled water,8.0
3059,soda,4.0
3059,bottled beer,8.0
3059,red/blush wine,8.0
3060,frankfurter,8.0
3060,sausage,8.0
3060,tropical fruit,9.0
3060,oil,8.0
3060,spices,9.0
3060,pickled vegetables,8.0
3060,bottled water,8.0
3060,misc. beverages,8.0
3062,chicken,8.0
3062,tropical fruit,9.0
3062,pip fruit,9.0
3062,whipped/sour cream,8.0
3062,sugar,6.0
3062,baking powder,6.0
3062,instant coffee,8.0
3062,soda,4.0
3064,whole milk,8.0
3064,whipped/sour cream,8.0
3064,semi-finished bread,8.0
3064,baking powder,6.0
3064,pickled vegetables,8.0
3064,bottled water,8.0
3064,soda,4.0
3064,napkins,7.0
3066,berries,9.0
3066,whole milk,8.0
3066,frozen meals,8.0
3066,frozen dessert,8.0
3066,rolls/buns,8.0
3066,soda,4.0
3066,shopping bags,8.0
3067,chicken,8.0
3067,pork,8.0
3067,other vegetables,9.0
3067,whole milk,8.0
3067,butter,8.0
3067,curd,8.0
3067,margarine,8.0
3067,pickled vegetables,8.0
3067,waffles,6.0
3067,specialty chocolate,8.0
3067,hygiene articles,7.0
3069,beef,8.0
3069,root vegetables,9.0
3069,herbs,9.0
3069,packaged fruit/vegetables,9.0
3069,whipped/sour cream,8.0
3069,cream cheese ,8.0
3069,vinegar,8.0
3069,oil,8.0
3069,margarine,8.0
3069,soups,4.0
3069,pickled vegetables,8.0
3069,meat spreads,8.0
3069,canned fish,8.0
3069,fruit/vegetable juice,8.0
3069,candles,8.0
3070,root vegetables,9.0
3070,whole milk,8.0
3070,semi-finished bread,8.0
3070,cat food,8.0
3070,fruit/vegetable juice,8.0
3070,canned beer,8.0
3070,liquor (appetizer),8.0
3070,waffles,6.0
3070,hygiene articles,7.0
3070,newspapers,7.0
3070,shopping bags,8.0
3073,citrus fruit,9.0
3073,butter,8.0
3073,dessert,6.0
3073,processed cheese,8.0
3073,white bread,8.0
3073,pickled vegetables,8.0
3073,seasonal products,8.0
3073,dental care,8.0
3074,sausage,8.0
3074,citrus fruit,9.0
3074,whole milk,8.0
3074,UHT-milk,8.0
3074,specialty cheese,8.0
3074,frozen vegetables,8.0
3074,tea,8.0
3074,bottled water,8.0
3074,fruit/vegetable juice,8.0
3076,UHT-milk,8.0
3076,cat food,8.0
3076,coffee,8.0
3076,bottled beer,8.0
3076,white wine,8.0
3076,sparkling wine,8.0
3076,shopping bags,8.0
3079,whole milk,8.0
3079,processed cheese,8.0
3079,mayonnaise,8.0
3079,margarine,8.0
3079,mustard,8.0
3079,cat food,8.0
3079,coffee,8.0
3079,bottled water,8.0
3080,frankfurter,8.0
3080,pork,8.0
3080,tropical fruit,9.0
3080,root vegetables,9.0
3080,other vegetables,9.0
3080,whole milk,8.0
3080,curd,8.0
3080,butter milk,8.0
3080,yogurt,8.0
3080,frozen dessert,8.0
3080,chewing gum,8.0
3084,tropical fruit,9.0
3084,other vegetables,9.0
3084,butter milk,8.0
3084,curd cheese,6.0
3084,sugar,6.0
3084,fruit/vegetable juice,8.0
3084,bottled beer,8.0
3084,chocolate,8.0
3084,candles,8.0
3085,beef,8.0
3085,fish,8.0
3085,yogurt,8.0
3085,pastry,6.0
3085,soda,4.0
3085,specialty chocolate,8.0
3087,tropical fruit,9.0
3087,pip fruit,9.0
3087,other vegetables,9.0
3087,butter milk,8.0
3087,yogurt,8.0
3087,whipped/sour cream,8.0
3087,UHT-milk,8.0
3087,margarine,8.0
3087,sugar,6.0
3087,waffles,6.0
3090,frankfurter,8.0
3090,sausage,8.0
3090,butter,8.0
3090,dessert,6.0
3090,spread cheese,8.0
3090,white bread,8.0
3090,pastry,6.0
3090,coffee,8.0
3090,waffles,6.0
3091,pip fruit,9.0
3091,other vegetables,9.0
3091,whole milk,8.0
3091,butter milk,8.0
3091,yogurt,8.0
3091,cream cheese ,8.0
3091,pasta,8.0
3091,fruit/vegetable juice,8.0
3091,dental care,8.0
3091,hygiene articles,7.0
3091,kitchen towels,8.0
3091,photo/film,8.0
3100,dessert,6.0
3100,yogurt,8.0
3100,brown bread,6.0
3100,pastry,6.0
3100,soda,4.0
3100,long life bakery product,4.0
3100,cake bar,6.0
3100,light bulbs,8.0
3104,sausage,8.0
3104,other vegetables,9.0
3104,cream cheese ,8.0
3104,domestic eggs,8.0
3104,soda,4.0
3109,meat,8.0
3109,chicken,8.0
3109,berries,9.0
3109,yogurt,8.0
3109,whipped/sour cream,8.0
3109,cream cheese ,8.0
3109,mayonnaise,8.0
3109,brown bread,6.0
3109,long life bakery product,4.0
3113,citrus fruit,9.0
3113,pip fruit,9.0
3113,root vegetables,9.0
3113,other vegetables,9.0
3113,butter,8.0
3113,UHT-milk,8.0
3113,frozen vegetables,8.0
3113,pastry,6.0
3113,margarine,8.0
3113,sugar,6.0
3113,soups,4.0
3113,soda,4.0
3113,bottled beer,8.0
3113,long life bakery product,4.0
3113,softener,8.0
3118,frankfurter,8.0
3118,UHT-milk,8.0
3118,oil,8.0
3118,bottled water,8.0
3118,canned beer,8.0
3119,pork,8.0
3119,citrus fruit,9.0
3119,pip fruit,9.0
3119,root vegetables,9.0
3119,other vegetables,9.0
3119,dessert,6.0
3119,butter milk,8.0
3119,sliced cheese,8.0
3119,processed cheese,8.0
3119,fruit/vegetable juice,8.0
3119,chocolate,8.0
3119,shopping bags,8.0
3120,yogurt,8.0
3120,hard cheese,8.0
3120,rolls/buns,8.0
3120,sweet spreads,8.0
3120,soda,4.0
3120,misc. beverages,8.0
3120,specialty chocolate,8.0
3120,hygiene articles,7.0
3120,napkins,7.0
3126,sausage,8.0
3126,domestic eggs,8.0
3126,pastry,6.0
3126,bottled water,8.0
3126,newspapers,7.0
3128,sausage,8.0
3128,ham,8.0
3128,meat,8.0
3128,butter,8.0
3128,UHT-milk,8.0
3128,mayonnaise,8.0
3128,baking powder,6.0
3128,bottled water,8.0
3128,fruit/vegetable juice,8.0
3133,finished products,8.0
3133,pip fruit,9.0
3133,other vegetables,9.0
3133,domestic eggs,8.0
3133,margarine,8.0
3133,bottled beer,8.0
3133,newspapers,7.0
3134,chicken,8.0
3134,other vegetables,9.0
3134,bottled beer,8.0
3134,canned beer,8.0
3134,sparkling wine,8.0
3134,chocolate,8.0
3134,newspapers,7.0
3134,pot plants,8.0
3136,ham,8.0
3136,root vegetables,9.0
3136,other vegetables,9.0
3136,dessert,6.0
3136,brown bread,6.0
3136,pasta,8.0
3136,margarine,8.0
3136,bottled water,8.0
3136,fruit/vegetable juice,8.0
3136,red/blush wine,8.0
3140,citrus fruit,9.0
3140,tropical fruit,9.0
3140,yogurt,8.0
3140,UHT-milk,8.0
3140,domestic eggs,8.0
3140,mustard,8.0
3140,canned fish,8.0
3141,tropical fruit,9.0
3141,dessert,6.0
3141,yogurt,8.0
3141,domestic eggs,8.0
3141,oil,8.0
3141,fruit/vegetable juice,8.0
3142,beef,8.0
3142,citrus fruit,9.0
3142,root vegetables,9.0
3142,bottled water,8.0
3142,soda,4.0
3142,fruit/vegetable juice,8.0
3142,pot plants,8.0
3144,chicken,8.0
3144,butter,8.0
3144,UHT-milk,8.0
3144,spread cheese,8.0
3144,bottled beer,8.0
3144,salty snack,8.0
3144,waffles,6.0
3144,chewing gum,8.0
3149,beef,8.0
3149,root vegetables,9.0
3149,whole milk,8.0
3149,butter,8.0
3149,yogurt,8.0
3149,soda,4.0
3149,abrasive cleaner,7.0
3149,newspapers,7.0
3150,ham,8.0
3150,meat,8.0
3150,berries,9.0
3150,other vegetables,9.0
3150,whole milk,8.0
3150,butter,8.0
3150,yogurt,8.0
3150,processed cheese,8.0
3150,specialty cheese,8.0
3150,white bread,8.0
3150,margarine,8.0
3150,specialty bar,8.0
3151,sausage,8.0
3151,meat,8.0
3151,other vegetables,9.0
3151,frozen vegetables,8.0
3151,rolls/buns,8.0
3152,sausage,8.0
3152,brown bread,6.0
3152,roll products ,8.0
3152,coffee,8.0
3152,dish cleaner,8.0
3153,ham,8.0
3153,other vegetables,9.0
3153,yogurt,8.0
3153,domestic eggs,8.0
3153,semi-finished bread,8.0
3153,newspapers,7.0
3154,pork,8.0
3154,other vegetables,9.0
3154,rolls/buns,8.0
3154,canned fish,8.0
3154,chocolate,8.0
3157,beef,8.0
3157,hamburger meat,8.0
3157,tropical fruit,9.0
3157,pip fruit,9.0
3157,other vegetables,9.0
3157,whole milk,8.0
3157,butter milk,8.0
3157,yogurt,8.0
3157,ice cream,8.0
3157,rolls/buns,8.0
3157,pastry,6.0
3157,fruit/vegetable juice,8.0
3158,yogurt,8.0
3158,condensed milk,8.0
3158,pet care,8.0
3158,house keeping products,8.0
3158,shopping bags,8.0
3160,chicken,8.0
3160,root vegetables,9.0
3160,rolls/buns,8.0
3160,margarine,8.0
3160,bottled water,8.0
3168,ham,8.0
3168,citrus fruit,9.0
3168,tropical fruit,9.0
3168,pip fruit,9.0
3168,herbs,9.0
3168,other vegetables,9.0
3168,whole milk,8.0
3168,yogurt,8.0
3168,spread cheese,8.0
3168,brown bread,6.0
3168,dog food,8.0
3168,fruit/vegetable juice,8.0
3171,ham,8.0
3171,tropical fruit,9.0
3171,beverages,8.0
3171,hard cheese,8.0
3171,waffles,6.0
3171,chocolate,8.0
3171,specialty chocolate,8.0
3171,specialty bar,8.0
3172,yogurt,8.0
3172,frozen vegetables,8.0
3172,napkins,7.0
3172,newspapers,7.0
3172,pot plants,8.0
3175,root vegetables,9.0
3175,UHT-milk,8.0
3175,rolls/buns,8.0
3175,brown bread,6.0
3175,pastry,6.0
3175,bottled water,8.0
3176,frankfurter,8.0
3176,liver loaf,8.0
3176,pip fruit,9.0
3176,whole milk,8.0
3176,yogurt,8.0
3176,beverages,8.0
3176,cream cheese ,8.0
3176,frozen vegetables,8.0
3176,frozen meals,8.0
3176,brown bread,6.0
3176,pastry,6.0
3176,cereals,8.0
3176,bottled water,8.0
3176,soda,4.0
3176,fruit/vegetable juice,8.0
3176,kitchen towels,8.0
3178,hamburger meat,8.0
3178,pip fruit,9.0
3178,root vegetables,9.0
3178,other vegetables,9.0
3178,whole milk,8.0
3178,curd,8.0
3178,domestic eggs,8.0
3178,salt,8.0
3178,vinegar,8.0
3178,oil,8.0
3178,margarine,8.0
3178,spices,9.0
3178,coffee,8.0
3178,bottled beer,8.0
3178,newspapers,7.0
3179,sausage,8.0
3179,packaged fruit/vegetables,9.0
3179,whole milk,8.0
3179,brown bread,6.0
3179,bottled water,8.0
3179,newspapers,7.0
3180,chicken,8.0
3180,beef,8.0
3180,root vegetables,9.0
3180,brown bread,6.0
3180,margarine,8.0
3180,cat food,8.0
3180,bottled water,8.0
3180,soda,4.0
3182,pork,8.0
3182,root vegetables,9.0
3182,sliced cheese,8.0
3182,specialty chocolate,8.0
3182,specialty bar,8.0
3182,napkins,7.0
3182,shopping bags,8.0
3183,frankfurter,8.0
3183,chicken,8.0
3183,pork,8.0
3183,citrus fruit,9.0
3183,root vegetables,9.0
3183,whole milk,8.0
3183,yogurt,8.0
3183,brown bread,6.0
3183,instant coffee,8.0
3183,seasonal products,8.0
3186,chicken,8.0
3186,beef,8.0
3186,root vegetables,9.0
3186,whole milk,8.0
3186,cream cheese ,8.0
3186,pet care,8.0
3186,newspapers,7.0
3190,sausage,8.0
3190,ham,8.0
3190,grapes,8.0
3190,other vegetables,9.0
3190,UHT-milk,8.0
3190,frozen meals,8.0
3190,frozen potato products,8.0
3190,rolls/buns,8.0
3190,waffles,6.0
3190,chocolate,8.0
3190,candy,8.0
3191,frankfurter,8.0
3191,sausage,8.0
3191,pork,8.0
3191,sliced cheese,8.0
3191,pastry,6.0
3191,margarine,8.0
3191,newspapers,7.0
3193,other vegetables,9.0
3193,whole milk,8.0
3193,yogurt,8.0
3193,ice cream,8.0
3193,flour,6.0
3193,margarine,8.0
3193,baking powder,6.0
3193,pudding powder,8.0
3195,frankfurter,8.0
3195,pork,8.0
3195,citrus fruit,9.0
3195,other vegetables,9.0
3195,domestic eggs,8.0
3195,pastry,6.0
3195,ketchup,8.0
3195,pickled vegetables,8.0
3195,soda,4.0
3195,syrup,6.0
3195,skin care,7.0
3195,newspapers,7.0
3196,sausage,8.0
3196,whole milk,8.0
3196,UHT-milk,8.0
3196,rolls/buns,8.0
3196,sugar,6.0
3196,canned beer,8.0
3196,shopping bags,8.0
3197,frankfurter,8.0
3197,chicken,8.0
3197,hamburger meat,8.0
3197,pip fruit,9.0
3197,other vegetables,9.0
3197,whole milk,8.0
3197,butter,8.0
3197,curd,8.0
3197,whipped/sour cream,8.0
3197,salad dressing,8.0
3197,frozen dessert,8.0
3197,frozen potato products,8.0
3197,pastry,6.0
3197,rice,9.0
3199,beef,8.0
3199,citrus fruit,9.0
3199,pip fruit,9.0
3199,root vegetables,9.0
3199,other vegetables,9.0
3199,pastry,6.0
3199,flour,6.0
3199,canned beer,8.0
3199,red/blush wine,8.0
3203,pork,8.0
3203,whipped/sour cream,8.0
3203,ice cream,8.0
3203,rolls/buns,8.0
3203,bottled water,8.0
3203,chocolate,8.0
3203,dish cleaner,8.0
3204,tropical fruit,9.0
3204,berries,9.0
3204,other vegetables,9.0
3204,butter,8.0
3204,curd,8.0
3204,UHT-milk,8.0
3204,hard cheese,8.0
3204,domestic eggs,8.0
3204,rolls/buns,8.0
3207,meat,8.0
3207,other vegetables,9.0
3207,whole milk,8.0
3207,whipped/sour cream,8.0
3207,rolls/buns,8.0
3207,margarine,8.0
3207,soda,4.0
3207,shopping bags,8.0
3209,citrus fruit,9.0
3209,tropical fruit,9.0
3209,root vegetables,9.0
3209,other vegetables,9.0
3209,whole milk,8.0
3209,whipped/sour cream,8.0
3209,curd cheese,6.0
3209,frozen vegetables,8.0
3209,soups,4.0
3209,cat food,8.0
3209,chewing gum,8.0
3214,tropical fruit,9.0
3214,other vegetables,9.0
3214,whipped/sour cream,8.0
3214,beverages,8.0
3214,hard cheese,8.0
3214,cream cheese ,8.0
3214,flour,6.0
3214,sweet spreads,8.0
3214,soda,4.0
3214,long life bakery product,4.0
3215,hamburger meat,8.0
3215,other vegetables,9.0
3215,sauces,8.0
3215,soda,4.0
3215,salty snack,8.0
3215,newspapers,7.0
3216,sausage,8.0
3216,other vegetables,9.0
3216,dessert,6.0
3216,pastry,6.0
3216,waffles,6.0
3216,dish cleaner,8.0
3217,whole milk,8.0
3217,curd,8.0
3217,semi-finished bread,8.0
3217,baking powder,6.0
3217,soda,4.0
3220,turkey,6.0
3220,other vegetables,9.0
3220,whipped/sour cream,8.0
3220,canned vegetables,8.0
3220,instant coffee,8.0
3220,bottled water,8.0
3220,red/blush wine,8.0
3221,pip fruit,9.0
3221,berries,9.0
3221,other vegetables,9.0
3221,whole milk,8.0
3221,yogurt,8.0
3221,domestic eggs,8.0
3221,rolls/buns,8.0
3221,pastry,6.0
3221,margarine,8.0
3222,chicken,8.0
3222,hamburger meat,8.0
3222,root vegetables,9.0
3222,onions,9.0
3222,other vegetables,9.0
3222,whole milk,8.0
3222,butter,8.0
3222,curd,8.0
3222,butter milk,8.0
3222,frozen vegetables,8.0
3222,domestic eggs,8.0
3222,oil,8.0
3222,canned vegetables,8.0
3222,popcorn,8.0
3223,root vegetables,9.0
3223,whole milk,8.0
3223,yogurt,8.0
3223,whipped/sour cream,8.0
3223,rolls/buns,8.0
3223,baking powder,6.0
3224,sausage,8.0
3224,meat,8.0
3224,rolls/buns,8.0
3224,canned beer,8.0
3224,popcorn,8.0
3224,waffles,6.0
3224,shopping bags,8.0
3225,pickled vegetables,8.0
3225,canned fish,8.0
3225,soda,4.0
3225,bottled beer,8.0
3225,chewing gum,8.0
3225,candles,8.0
3227,meat,8.0
3227,frozen meals,8.0
3227,roll products ,8.0
3227,bottled beer,8.0
3227,long life bakery product,4.0
3228,berries,9.0
3228,butter milk,8.0
3228,yogurt,8.0
3228,pet care,8.0
3228,soda,4.0
3228,napkins,7.0
3234,frankfurter,8.0
3234,onions,9.0
3234,herbs,9.0
3234,other vegetables,9.0
3234,yogurt,8.0
3234,whipped/sour cream,8.0
3234,fruit/vegetable juice,8.0
3239,yogurt,8.0
3239,beverages,8.0
3239,fruit/vegetable juice,8.0
3239,detergent,6.0
3239,cleaner,6.0
3242,tropical fruit,9.0
3242,berries,9.0
3242,other vegetables,9.0
3242,whole milk,8.0
3242,yogurt,8.0
3242,whipped/sour cream,8.0
3242,frozen vegetables,8.0
3242,coffee,8.0
3242,bottled water,8.0
3242,soda,4.0
3242,salty snack,8.0
3242,long life bakery product,4.0
3242,specialty bar,8.0
3243,organic sausage,9.0
3243,whole milk,8.0
3243,yogurt,8.0
3243,soft cheese,8.0
3243,cream cheese ,8.0
3243,fruit/vegetable juice,8.0
3243,napkins,7.0
3243,shopping bags,8.0
3244,ham,8.0
3244,other vegetables,9.0
3244,whole milk,8.0
3244,butter,8.0
3244,yogurt,8.0
3244,flour,6.0
3244,oil,8.0
3244,spices,9.0
3245,sausage,8.0
3245,hamburger meat,8.0
3245,berries,9.0
3245,UHT-milk,8.0
3245,cat food,8.0
3245,soda,4.0
3245,salty snack,8.0
3245,napkins,7.0
3249,pork,8.0
3249,other vegetables,9.0
3249,yogurt,8.0
3249,white bread,8.0
3249,bottled beer,8.0
3249,napkins,7.0
3249,shopping bags,8.0
3256,whole milk,8.0
3256,butter,8.0
3256,curd,8.0
3256,yogurt,8.0
3256,whipped/sour cream,8.0
3256,rolls/buns,8.0
3258,pip fruit,9.0
3258,root vegetables,9.0
3258,butter,8.0
3258,UHT-milk,8.0
3258,rolls/buns,8.0
3258,coffee,8.0
3258,soda,4.0
3258,bottled beer,8.0
3258,red/blush wine,8.0
3260,frankfurter,8.0
3260,other vegetables,9.0
3260,whole milk,8.0
3260,spread cheese,8.0
3260,sugar,6.0
3260,soda,4.0
3260,bottled beer,8.0
3260,house keeping products,8.0
3261,pip fruit,9.0
3261,onions,9.0
3261,other vegetables,9.0
3261,whole milk,8.0
3261,butter,8.0
3261,soft cheese,8.0
3261,domestic eggs,8.0
3261,white bread,8.0
3261,margarine,8.0
3261,cocoa drinks,8.0
3261,bottled water,8.0
3261,fruit/vegetable juice,8.0
3261,chocolate,8.0
3262,rolls/buns,8.0
3262,rice,9.0
3262,canned fish,8.0
3262,cocoa drinks,8.0
3262,bottled beer,8.0
3262,red/blush wine,8.0
3262,waffles,6.0
3262,chocolate,8.0
3263,sausage,8.0
3263,ham,8.0
3263,other vegetables,9.0
3263,whole milk,8.0
3263,curd,8.0
3263,cream cheese ,8.0
3263,processed cheese,8.0
3263,frozen potato products,8.0
3263,pastry,6.0
3268,meat,8.0
3268,dessert,6.0
3268,UHT-milk,8.0
3268,rice,9.0
3268,specialty bar,8.0
3268,napkins,7.0
3268,candles,8.0
3269,pip fruit,9.0
3269,root vegetables,9.0
3269,other vegetables,9.0
3269,dessert,6.0
3269,domestic eggs,8.0
3269,margarine,8.0
3269,cereals,8.0
3269,soda,4.0
3269,candles,8.0
3270,citrus fruit,9.0
3270,soft cheese,8.0
3270,domestic eggs,8.0
3270,pastry,6.0
3270,oil,8.0
3270,baking powder,6.0
3270,pickled vegetables,8.0
3270,dog food,8.0
3270,coffee,8.0
3271,sausage,8.0
3271,meat,8.0
3271,chicken,8.0
3271,pip fruit,9.0
3271,whole milk,8.0
3271,dessert,6.0
3271,whipped/sour cream,8.0
3271,processed cheese,8.0
3271,domestic eggs,8.0
3271,rolls/buns,8.0
3271,white bread,8.0
3271,pickled vegetables,8.0
3271,soda,4.0
3271,fruit/vegetable juice,8.0
3271,salty snack,8.0
3271,long life bakery product,4.0
3271,waffles,6.0
3271,pot plants,8.0
3272,frankfurter,8.0
3272,whipped/sour cream,8.0
3272,condensed milk,8.0
3272,rolls/buns,8.0
3272,bottled water,8.0
3272,soda,4.0
3272,bottled beer,8.0
3272,specialty bar,8.0
3275,other vegetables,9.0
3275,frozen potato products,8.0
3275,coffee,8.0
3275,salty snack,8.0
3275,specialty chocolate,8.0
3275,shopping bags,8.0
3279,ham,8.0
3279,frozen potato products,8.0
3279,white bread,8.0
3279,pastry,6.0
3279,cat food,8.0
3279,bottled water,8.0
3279,soda,4.0
3279,candy,8.0
3279,sound storage medium,8.0
3279,shopping bags,8.0
3285,root vegetables,9.0
3285,other vegetables,9.0
3285,whole milk,8.0
3285,specialty bar,8.0
3285,dishes,8.0
3289,whole milk,8.0
3289,pastry,6.0
3289,flour,6.0
3289,salt,8.0
3289,vinegar,8.0
3292,meat,8.0
3292,turkey,6.0
3292,citrus fruit,9.0
3292,tropical fruit,9.0
3292,herbs,9.0
3292,other vegetables,9.0
3292,frozen meals,8.0
3292,shopping bags,8.0
3295,sausage,8.0
3295,whole milk,8.0
3295,yogurt,8.0
3295,sliced cheese,8.0
3295,rolls/buns,8.0
3295,coffee,8.0
3295,soda,4.0
3295,canned beer,8.0
3295,specialty bar,8.0
3296,pork,8.0
3296,pip fruit,9.0
3296,other vegetables,9.0
3296,butter,8.0
3296,rice,9.0
3296,margarine,8.0
3296,soda,4.0
3296,waffles,6.0
3296,shopping bags,8.0
3301,pip fruit,9.0
3301,whole milk,8.0
3301,domestic eggs,8.0
3301,margarine,8.0
3301,soda,4.0
3301,chocolate,8.0
3301,napkins,7.0
3306,tropical fruit,9.0
3306,grapes,8.0
3306,onions,9.0
3306,other vegetables,9.0
3306,yogurt,8.0
3306,domestic eggs,8.0
3306,oil,8.0
3306,pudding powder,8.0
3306,pickled vegetables,8.0
3306,salty snack,8.0
3306,waffles,6.0
3306,specialty bar,8.0
3308,meat,8.0
3308,root vegetables,9.0
3308,whole milk,8.0
3308,yogurt,8.0
3308,whipped/sour cream,8.0
3308,domestic eggs,8.0
3308,seasonal products,8.0
3308,shopping bags,8.0
3309,meat,8.0
3309,whipped/sour cream,8.0
3309,coffee,8.0
3309,chewing gum,8.0
3309,dishes,8.0
3310,pork,8.0
3310,root vegetables,9.0
3310,cream cheese ,8.0
3310,frozen fish,8.0
3310,flour,6.0
3310,sugar,6.0
3310,decalcifier,8.0
3310,shopping bags,8.0
3316,organic sausage,9.0
3316,citrus fruit,9.0
3316,whole milk,8.0
3316,whipped/sour cream,8.0
3316,hard cheese,8.0
3316,rolls/buns,8.0
3316,pastry,6.0
3316,bottled beer,8.0
3316,long life bakery product,4.0
3316,detergent,6.0
3316,napkins,7.0
3316,house keeping products,8.0
3316,candles,8.0
3318,organic sausage,9.0
3318,pip fruit,9.0
3318,root vegetables,9.0
3318,other vegetables,9.0
3318,pastry,6.0
3318,salty snack,8.0
3318,dishes,8.0
3319,tropical fruit,9.0
3319,pip fruit,9.0
3319,other vegetables,9.0
3319,whole milk,8.0
3319,ice cream,8.0
3319,pastry,6.0
3319,red/blush wine,8.0
3321,frankfurter,8.0
3321,root vegetables,9.0
3321,packaged fruit/vegetables,9.0
3321,soda,4.0
3321,hygiene articles,7.0
3324,citrus fruit,9.0
3324,tropical fruit,9.0
3324,pip fruit,9.0
3324,yogurt,8.0
3324,pastry,6.0
3324,margarine,8.0
3324,cat food,8.0
3324,pet care,8.0
3324,bottled water,8.0
3324,chocolate,8.0
3324,specialty bar,8.0
3324,dental care,8.0
3324,napkins,7.0
3329,processed cheese,8.0
3329,rolls/buns,8.0
3329,detergent,6.0
3329,dish cleaner,8.0
3329,flower soil/fertilizer,8.0
3330,chicken,8.0
3330,tropical fruit,9.0
3330,pip fruit,9.0
3330,other vegetables,9.0
3330,whole milk,8.0
3330,whipped/sour cream,8.0
3330,frozen vegetables,8.0
3330,coffee,8.0
3331,tropical fruit,9.0
3331,other vegetables,9.0
3331,rolls/buns,8.0
3331,white bread,8.0
3331,bottled beer,8.0
3331,pot plants,8.0
3332,whole milk,8.0
3332,pickled vegetables,8.0
3332,bottled water,8.0
3332,fruit/vegetable juice,8.0
3332,candy,8.0
3335,sausage,8.0
3335,finished products,8.0
3335,beef,8.0
3335,citrus fruit,9.0
3335,onions,9.0
3335,other vegetables,9.0
3335,whole milk,8.0
3335,dessert,6.0
3335,frozen dessert,8.0
3335,brown bread,6.0
3335,canned vegetables,8.0
3335,soda,4.0
3337,pip fruit,9.0
3337,rolls/buns,8.0
3337,bottled water,8.0
3337,soda,4.0
3337,specialty chocolate,8.0
3338,other vegetables,9.0
3338,misc. beverages,8.0
3338,fruit/vegetable juice,8.0
3338,long life bakery product,4.0
3338,shopping bags,8.0
3339,sausage,8.0
3339,other vegetables,9.0
3339,spread cheese,8.0
3339,rolls/buns,8.0
3339,soda,4.0
3339,salty snack,8.0
3339,long life bakery product,4.0
3343,ham,8.0
3343,meat,8.0
3343,whole milk,8.0
3343,dessert,6.0
3343,butter milk,8.0
3343,whipped/sour cream,8.0
3343,sliced cheese,8.0
3343,rolls/buns,8.0
3343,soda,4.0
3343,fruit/vegetable juice,8.0
3345,sausage,8.0
3345,pork,8.0
3345,tropical fruit,9.0
3345,other vegetables,9.0
3345,yogurt,8.0
3345,bottled beer,8.0
3345,red/blush wine,8.0
3345,dishes,8.0
3347,frankfurter,8.0
3347,sausage,8.0
3347,ham,8.0
3347,hard cheese,8.0
3347,processed cheese,8.0
3352,berries,9.0
3352,root vegetables,9.0
3352,packaged fruit/vegetables,9.0
3352,whipped/sour cream,8.0
3352,UHT-milk,8.0
3352,instant coffee,8.0
3355,pork,8.0
3355,packaged fruit/vegetables,9.0
3355,whole milk,8.0
3355,white bread,8.0
3355,liquor,8.0
3355,chocolate marshmallow,8.0
3356,frankfurter,8.0
3356,root vegetables,9.0
3356,butter milk,8.0
3356,rolls/buns,8.0
3356,semi-finished bread,8.0
3356,bottled water,8.0
3356,misc. beverages,8.0
3356,shopping bags,8.0
3359,pip fruit,9.0
3359,white bread,8.0
3359,coffee,8.0
3359,soda,4.0
3359,fruit/vegetable juice,8.0
3359,bottled beer,8.0
3359,sparkling wine,8.0
3360,tropical fruit,9.0
3360,UHT-milk,8.0
3360,pastry,6.0
3360,chocolate,8.0
3360,napkins,7.0
3360,shopping bags,8.0
3364,pork,8.0
3364,tropical fruit,9.0
3364,herbs,9.0
3364,whole milk,8.0
3364,ice cream,8.0
3364,chocolate marshmallow,8.0
3364,candy,8.0
3364,toilet cleaner,7.0
3364,dental care,8.0
3366,pork,8.0
3366,bottled water,8.0
3366,rum,8.0
3366,white wine,8.0
3366,flower (seeds),8.0
3367,beverages,8.0
3367,frozen vegetables,8.0
3367,coffee,8.0
3367,soda,4.0
3367,fruit/vegetable juice,8.0
3367,cling film/bags,8.0
3368,sausage,8.0
3368,beef,8.0
3368,tropical fruit,9.0
3368,onions,9.0
3368,frozen vegetables,8.0
3368,domestic eggs,8.0
3368,white bread,8.0
3368,semi-finished bread,8.0
3368,sugar,6.0
3368,baking powder,6.0
3368,canned fish,8.0
3368,coffee,8.0
3368,seasonal products,8.0
3372,ham,8.0
3372,hamburger meat,8.0
3372,whole milk,8.0
3372,yogurt,8.0
3372,domestic eggs,8.0
3372,white bread,8.0
3372,Instant food products,8.0
3372,chocolate,8.0
3375,sausage,8.0
3375,pip fruit,9.0
3375,whole milk,8.0
3375,sliced cheese,8.0
3375,frozen vegetables,8.0
3375,frozen meals,8.0
3375,napkins,7.0
3375,shopping bags,8.0
3381,other vegetables,9.0
3381,yogurt,8.0
3381,soft cheese,8.0
3381,domestic eggs,8.0
3381,brown bread,6.0
3381,roll products ,8.0
3381,cat food,8.0
3381,coffee,8.0
3381,bottled water,8.0
3381,canned beer,8.0
3381,specialty chocolate,8.0
3381,specialty bar,8.0
3381,detergent,6.0
3381,softener,8.0
3381,napkins,7.0
3381,shopping bags,8.0
3382,chicken,8.0
3382,root vegetables,9.0
3382,whole milk,8.0
3382,butter milk,8.0
3382,rolls/buns,8.0
3382,soda,4.0
3382,dish cleaner,8.0
3382,baby cosmetics,8.0
3382,kitchen towels,8.0
3384,sausage,8.0
3384,pork,8.0
3384,other vegetables,9.0
3384,rolls/buns,8.0
3384,pickled vegetables,8.0
3384,specialty bar,8.0
3384,shopping bags,8.0
3388,chicken,8.0
3388,whipped/sour cream,8.0
3388,ice cream,8.0
3388,frozen potato products,8.0
3388,soda,4.0
3388,candy,8.0
3388,shopping bags,8.0
3390,frankfurter,8.0
3390,chicken,8.0
3390,tropical fruit,9.0
3390,pip fruit,9.0
3390,root vegetables,9.0
3390,other vegetables,9.0
3390,whole milk,8.0
3390,yogurt,8.0
3390,domestic eggs,8.0
3390,rolls/buns,8.0
3390,pastry,6.0
3390,oil,8.0
3390,bottled water,8.0
3390,soda,4.0
3390,canned beer,8.0
3390,shopping bags,8.0
3392,pip fruit,9.0
3392,berries,9.0
3392,whole milk,8.0
3392,yogurt,8.0
3392,hard cheese,8.0
3392,frozen vegetables,8.0
3392,popcorn,8.0
3395,yogurt,8.0
3395,ice cream,8.0
3395,soda,4.0
3395,long life bakery product,4.0
3395,candy,8.0
3396,pork,8.0
3396,root vegetables,9.0
3396,other vegetables,9.0
3396,dessert,6.0
3396,condensed milk,8.0
3396,hard cheese,8.0
3396,specialty cheese,8.0
3396,frozen vegetables,8.0
3396,ice cream,8.0
3396,pickled vegetables,8.0
3396,canned fish,8.0
3396,cat food,8.0
3396,salty snack,8.0
3396,waffles,6.0
3396,seasonal products,8.0
3401,rolls/buns,8.0
3401,pickled vegetables,8.0
3401,coffee,8.0
3401,bottled water,8.0
3401,red/blush wine,8.0
3402,frankfurter,8.0
3402,tropical fruit,9.0
3402,domestic eggs,8.0
3402,rolls/buns,8.0
3402,soda,4.0
3402,fruit/vegetable juice,8.0
3405,pork,8.0
3405,whole milk,8.0
3405,dessert,6.0
3405,frozen vegetables,8.0
3405,bottled water,8.0
3405,cleaner,6.0
3411,sausage,8.0
3411,tropical fruit,9.0
3411,berries,9.0
3411,whole milk,8.0
3411,butter,8.0
3411,rolls/buns,8.0
3411,roll products ,8.0
3411,vinegar,8.0
3411,sugar,6.0
3411,jam,8.0
3411,candles,8.0
3412,berries,9.0
3412,rolls/buns,8.0
3412,pastry,6.0
3412,soda,4.0
3412,shopping bags,8.0
3415,whole milk,8.0
3415,dessert,6.0
3415,yogurt,8.0
3415,whipped/sour cream,8.0
3415,specialty cheese,8.0
3415,kitchen towels,8.0
3429,whole milk,8.0
3429,whipped/sour cream,8.0
3429,fruit/vegetable juice,8.0
3429,canned beer,8.0
3429,salty snack,8.0
3429,waffles,6.0
3435,frankfurter,8.0
3435,whole milk,8.0
3435,frozen vegetables,8.0
3435,frozen fish,8.0
3435,cling film/bags,8.0
3435,house keeping products,8.0
3435,flower (seeds),8.0
3435,shopping bags,8.0
3437,pip fruit,9.0
3437,whole milk,8.0
3437,butter,8.0
3437,cream cheese ,8.0
3437,domestic eggs,8.0
3437,shopping bags,8.0
3439,onions,9.0
3439,mayonnaise,8.0
3439,rolls/buns,8.0
3439,mustard,8.0
3439,fruit/vegetable juice,8.0
3442,ham,8.0
3442,chicken,8.0
3442,citrus fruit,9.0
3442,tropical fruit,9.0
3442,yogurt,8.0
3442,whipped/sour cream,8.0
3442,domestic eggs,8.0
3443,root vegetables,9.0
3443,whole milk,8.0
3443,soda,4.0
3443,detergent,6.0
3443,softener,8.0
3443,dish cleaner,8.0
3443,photo/film,8.0
3446,dessert,6.0
3446,frozen meals,8.0
3446,frozen dessert,8.0
3446,white bread,8.0
3446,brown bread,6.0
3446,soda,4.0
3446,chocolate,8.0
3448,chicken,8.0
3448,pork,8.0
3448,frozen vegetables,8.0
3448,frozen meals,8.0
3448,rolls/buns,8.0
3448,soda,4.0
3448,long life bakery product,4.0
3449,whole milk,8.0
3449,cream cheese ,8.0
3449,brown bread,6.0
3449,misc. beverages,8.0
3449,shopping bags,8.0
3451,pork,8.0
3451,other vegetables,9.0
3451,butter milk,8.0
3451,yogurt,8.0
3451,pasta,8.0
3451,soda,4.0
3451,waffles,6.0
3451,photo/film,8.0
3454,citrus fruit,9.0
3454,whole milk,8.0
3454,yogurt,8.0
3454,sliced cheese,8.0
3454,brown bread,6.0
3454,margarine,8.0
3454,dog food,8.0
3454,shopping bags,8.0
3456,frankfurter,8.0
3456,berries,9.0
3456,whipped/sour cream,8.0
3456,domestic eggs,8.0
3456,rolls/buns,8.0
3456,cooking chocolate,6.0
3459,sugar,6.0
3459,waffles,6.0
3459,cleaner,6.0
3459,kitchen towels,8.0
3459,shopping bags,8.0
3463,yogurt,8.0
3463,whipped/sour cream,8.0
3463,frozen vegetables,8.0
3463,salt,8.0
3463,pasta,8.0
3463,baking powder,6.0
3463,soda,4.0
3463,misc. beverages,8.0
3463,fruit/vegetable juice,8.0
3466,other vegetables,9.0
3466,whole milk,8.0
3466,butter milk,8.0
3466,yogurt,8.0
3466,cream cheese ,8.0
3466,domestic eggs,8.0
3466,rolls/buns,8.0
3466,brown bread,6.0
3466,soda,4.0
3466,fruit/vegetable juice,8.0
3466,canned beer,8.0
3466,red/blush wine,8.0
3466,long life bakery product,4.0
3466,chocolate,8.0
3466,shopping bags,8.0
3468,hamburger meat,8.0
3468,whole milk,8.0
3468,yogurt,8.0
3468,soft cheese,8.0
3468,frozen potato products,8.0
3468,pasta,8.0
3468,canned vegetables,8.0
3468,fruit/vegetable juice,8.0
3468,popcorn,8.0
3469,hamburger meat,8.0
3469,whole milk,8.0
3469,mayonnaise,8.0
3469,pastry,6.0
3469,Instant food products,8.0
3470,sausage,8.0
3470,tropical fruit,9.0
3470,whole milk,8.0
3470,rolls/buns,8.0
3470,soda,4.0
3474,UHT-milk,8.0
3474,brandy,8.0
3474,liquor (appetizer),8.0
3474,specialty bar,8.0
3474,hygiene articles,7.0
3475,citrus fruit,9.0
3475,tropical fruit,9.0
3475,herbs,9.0
3475,other vegetables,9.0
3475,whole milk,8.0
3475,whipped/sour cream,8.0
3475,bottled water,8.0
3476,sausage,8.0
3476,whole milk,8.0
3476,condensed milk,8.0
3476,canned fish,8.0
3476,soda,4.0
3476,dishes,8.0
3480,beef,8.0
3480,berries,9.0
3480,dessert,6.0
3480,bottled water,8.0
3480,hygiene articles,7.0
3486,pip fruit,9.0
3486,yogurt,8.0
3486,frozen vegetables,8.0
3486,domestic eggs,8.0
3486,white bread,8.0
3486,long life bakery product,4.0
3488,tropical fruit,9.0
3488,frozen meals,8.0
3488,frozen fish,8.0
3488,salty snack,8.0
3488,long life bakery product,4.0
3488,chocolate,8.0
3488,specialty chocolate,8.0
3490,ham,8.0
3490,root vegetables,9.0
3490,whole milk,8.0
3490,curd,8.0
3490,yogurt,8.0
3490,frozen meals,8.0
3490,domestic eggs,8.0
3490,white bread,8.0
3490,roll products ,8.0
3490,flour,6.0
3490,pasta,8.0
3490,sugar,6.0
3490,meat spreads,8.0
3490,chewing gum,8.0
3493,sausage,8.0
3493,tropical fruit,9.0
3493,nuts/prunes,9.0
3493,other vegetables,9.0
3493,curd,8.0
3494,dessert,6.0
3494,UHT-milk,8.0
3494,cream cheese ,8.0
3494,domestic eggs,8.0
3494,brown bread,6.0
3494,coffee,8.0
3494,bottled water,8.0
3494,soda,4.0
3494,shopping bags,8.0
3495,tropical fruit,9.0
3495,nuts/prunes,9.0
3495,root vegetables,9.0
3495,whole milk,8.0
3495,yogurt,8.0
3495,rolls/buns,8.0
3495,waffles,6.0
3495,napkins,7.0
3495,newspapers,7.0
3500,pip fruit,9.0
3500,berries,9.0
3500,root vegetables,9.0
3500,yogurt,8.0
3500,soft cheese,8.0
3500,hard cheese,8.0
3500,frozen meals,8.0
3500,frozen fish,8.0
3500,frozen dessert,8.0
3500,white bread,8.0
3500,pastry,6.0
3500,pasta,8.0
3500,cereals,8.0
3500,soda,4.0
3500,long life bakery product,4.0
3500,cake bar,6.0
3500,detergent,6.0
3501,sausage,8.0
3501,turkey,6.0
3501,hamburger meat,8.0
3501,grapes,8.0
3501,other vegetables,9.0
3501,whole milk,8.0
3501,curd,8.0
3501,dessert,6.0
3501,yogurt,8.0
3501,soft cheese,8.0
3501,frozen vegetables,8.0
3501,coffee,8.0
3501,long life bakery product,4.0
3501,chocolate marshmallow,8.0
3503,beef,8.0
3503,citrus fruit,9.0
3503,tropical fruit,9.0
3503,root vegetables,9.0
3503,other vegetables,9.0
3503,pickled vegetables,8.0
3504,whipped/sour cream,8.0
3504,dog food,8.0
3504,soda,4.0
3504,fruit/vegetable juice,8.0
3504,shopping bags,8.0
3506,hamburger meat,8.0
3506,packaged fruit/vegetables,9.0
3506,whole milk,8.0
3506,curd,8.0
3506,yogurt,8.0
3506,pastry,6.0
3507,meat,8.0
3507,beef,8.0
3507,citrus fruit,9.0
3507,pip fruit,9.0
3507,canned beer,8.0
3507,chewing gum,8.0
3507,shopping bags,8.0
3508,tropical fruit,9.0
3508,nuts/prunes,9.0
3508,whole milk,8.0
3508,cream cheese ,8.0
3508,domestic eggs,8.0
3508,rolls/buns,8.0
3508,white bread,8.0
3508,flour,6.0
3508,margarine,8.0
3508,cat food,8.0
3508,bottled water,8.0
3508,bottled beer,8.0
3508,softener,8.0
3508,hygiene articles,7.0
3508,napkins,7.0
3509,sausage,8.0
3509,pip fruit,9.0
3509,whole milk,8.0
3509,butter,8.0
3509,yogurt,8.0
3509,dish cleaner,8.0
3520,curd,8.0
3520,UHT-milk,8.0
3520,spread cheese,8.0
3520,pasta,8.0
3520,Instant food products,8.0
3520,soda,4.0
3520,shopping bags,8.0
3530,tropical fruit,9.0
3530,berries,9.0
3530,rolls/buns,8.0
3530,pastry,6.0
3530,margarine,8.0
3530,coffee,8.0
3530,shopping bags,8.0
3533,root vegetables,9.0
3533,whipped/sour cream,8.0
3533,frozen vegetables,8.0
3533,domestic eggs,8.0
3533,rolls/buns,8.0
3539,hamburger meat,8.0
3539,dessert,6.0
3539,sliced cheese,8.0
3539,pickled vegetables,8.0
3539,toilet cleaner,7.0
3540,berries,9.0
3540,butter milk,8.0
3540,yogurt,8.0
3540,pastry,6.0
3540,bathroom cleaner,7.0
3541,sausage,8.0
3541,whole milk,8.0
3541,pastry,6.0
3541,salty snack,8.0
3541,kitchen towels,8.0
3548,tropical fruit,9.0
3548,grapes,8.0
3548,whole milk,8.0
3548,pastry,6.0
3548,dog food,8.0
3548,soda,4.0
3548,waffles,6.0
3548,specialty bar,8.0
3548,cleaner,6.0
3548,shopping bags,8.0
3549,chicken,8.0
3549,tropical fruit,9.0
3549,brown bread,6.0
3549,pickled vegetables,8.0
3549,soda,4.0
3549,canned beer,8.0
3551,other vegetables,9.0
3551,whole milk,8.0
3551,whipped/sour cream,8.0
3551,jam,8.0
3551,soda,4.0
3551,shopping bags,8.0
3552,butter,8.0
3552,brown bread,6.0
3552,bottled beer,8.0
3552,white wine,8.0
3552,shopping bags,8.0
3556,pork,8.0
3556,pip fruit,9.0
3556,onions,9.0
3556,other vegetables,9.0
3556,whole milk,8.0
3556,dessert,6.0
3556,yogurt,8.0
3557,whole milk,8.0
3557,curd,8.0
3557,yogurt,8.0
3557,chocolate marshmallow,8.0
3557,candy,8.0
3557,newspapers,7.0
3558,sausage,8.0
3558,chicken,8.0
3558,pork,8.0
3558,beef,8.0
3558,citrus fruit,9.0
3558,tropical fruit,9.0
3558,whole milk,8.0
3558,processed cheese,8.0
3558,frozen meals,8.0
3558,domestic eggs,8.0
3558,brown bread,6.0
3558,semi-finished bread,8.0
3558,soda,4.0
3558,chocolate,8.0
3560,root vegetables,9.0
3560,herbs,9.0
3560,other vegetables,9.0
3560,whole milk,8.0
3560,rolls/buns,8.0
3560,roll products ,8.0
3560,soda,4.0
3560,shopping bags,8.0
3576,pork,8.0
3576,tropical fruit,9.0
3576,onions,9.0
3576,herbs,9.0
3576,whole milk,8.0
3576,butter,8.0
3576,frozen vegetables,8.0
3576,rolls/buns,8.0
3576,jam,8.0
3576,bottled water,8.0
3576,liquor (appetizer),8.0
3577,other vegetables,9.0
3577,UHT-milk,8.0
3577,sauces,8.0
3577,fruit/vegetable juice,8.0
3577,shopping bags,8.0
3583,sausage,8.0
3583,grapes,8.0
3583,sliced cheese,8.0
3583,cream cheese ,8.0
3583,ice cream,8.0
3583,salty snack,8.0
3583,waffles,6.0
3583,chewing gum,8.0
3583,napkins,7.0
3586,tropical fruit,9.0
3586,root vegetables,9.0
3586,whole milk,8.0
3586,frozen vegetables,8.0
3586,domestic eggs,8.0
3586,brown bread,6.0
3586,semi-finished bread,8.0
3586,canned beer,8.0
3588,tropical fruit,9.0
3588,pip fruit,9.0
3588,UHT-milk,8.0
3588,sugar,6.0
3588,cat food,8.0
3588,coffee,8.0
3588,long life bakery product,4.0
3588,chocolate,8.0
3588,hygiene articles,7.0
3590,ham,8.0
3590,turkey,6.0
3590,tropical fruit,9.0
3590,whole milk,8.0
3590,butter,8.0
3590,frozen meals,8.0
3590,pastry,6.0
3590,roll products ,8.0
3590,semi-finished bread,8.0
3590,cat food,8.0
3590,soda,4.0
3590,waffles,6.0
3590,cake bar,6.0
3590,specialty chocolate,8.0
3590,kitchen towels,8.0
3590,shopping bags,8.0
3591,sausage,8.0
3591,tropical fruit,9.0
3591,pip fruit,9.0
3591,root vegetables,9.0
3591,whipped/sour cream,8.0
3591,pastry,6.0
3591,cat food,8.0
3591,pet care,8.0
3591,bottled beer,8.0
3593,whole milk,8.0
3593,butter,8.0
3593,whipped/sour cream,8.0
3593,sliced cheese,8.0
3593,cream cheese ,8.0
3593,spices,9.0
3593,specialty bar,8.0
3594,other vegetables,9.0
3594,butter,8.0
3594,curd,8.0
3594,frozen vegetables,8.0
3594,brown bread,6.0
3594,hygiene articles,7.0
3596,ham,8.0
3596,whole milk,8.0
3596,dessert,6.0
3596,processed cheese,8.0
3596,domestic eggs,8.0
3596,white bread,8.0
3596,pickled vegetables,8.0
3596,specialty vegetables,9.0
3596,coffee,8.0
3596,specialty chocolate,8.0
3596,dental care,8.0
3596,hygiene articles,7.0
3597,frankfurter,8.0
3597,sausage,8.0
3597,processed cheese,8.0
3597,rolls/buns,8.0
3597,liquor,8.0
3604,ham,8.0
3604,tropical fruit,9.0
3604,pip fruit,9.0
3604,root vegetables,9.0
3604,domestic eggs,8.0
3604,napkins,7.0
3604,newspapers,7.0
3607,butter,8.0
3607,oil,8.0
3607,margarine,8.0
3607,specialty fat,8.0
3607,chocolate,8.0
3607,candy,8.0
3608,berries,9.0
3608,other vegetables,9.0
3608,yogurt,8.0
3608,pastry,6.0
3608,shopping bags,8.0
3609,frankfurter,8.0
3609,other vegetables,9.0
3609,frozen vegetables,8.0
3609,waffles,6.0
3609,cake bar,6.0
3610,tropical fruit,9.0
3610,yogurt,8.0
3610,condensed milk,8.0
3610,brown bread,6.0
3610,soda,4.0
3610,bottled beer,8.0
3611,beef,8.0
3611,pip fruit,9.0
3611,root vegetables,9.0
3611,whole milk,8.0
3611,yogurt,8.0
3611,flour,6.0
3611,dog food,8.0
3611,canned beer,8.0
3612,frankfurter,8.0
3612,rolls/buns,8.0
3612,pastry,6.0
3612,vinegar,8.0
3612,mustard,8.0
3612,specialty chocolate,8.0
3615,whole milk,8.0
3615,rolls/buns,8.0
3615,hygiene articles,7.0
3615,napkins,7.0
3615,house keeping products,8.0
3617,frankfurter,8.0
3617,sausage,8.0
3617,butter,8.0
3617,flour,6.0
3617,sugar,6.0
3617,soda,4.0
3617,chocolate,8.0
3619,sausage,8.0
3619,cream cheese ,8.0
3619,mayonnaise,8.0
3619,rolls/buns,8.0
3619,margarine,8.0
3619,soda,4.0
3622,frankfurter,8.0
3622,sausage,8.0
3622,citrus fruit,9.0
3622,root vegetables,9.0
3622,other vegetables,9.0
3622,yogurt,8.0
3622,soft cheese,8.0
3622,spread cheese,8.0
3622,rolls/buns,8.0
3622,bottled water,8.0
3625,other vegetables,9.0
3625,frozen vegetables,8.0
3625,domestic eggs,8.0
3625,rolls/buns,8.0
3625,canned vegetables,8.0
3625,soda,4.0
3625,hygiene articles,7.0
3625,flower (seeds),8.0
3625,shopping bags,8.0
3626,sausage,8.0
3626,yogurt,8.0
3626,white wine,8.0
3626,red/blush wine,8.0
3626,shopping bags,8.0
3627,beef,8.0
3627,curd,8.0
3627,cream cheese ,8.0
3627,soda,4.0
3627,photo/film,8.0
3630,other vegetables,9.0
3630,frozen vegetables,8.0
3630,frozen fish,8.0
3630,rolls/buns,8.0
3630,pickled vegetables,8.0
3632,root vegetables,9.0
3632,other vegetables,9.0
3632,whole milk,8.0
3632,rolls/buns,8.0
3632,pastry,6.0
3632,bottled water,8.0
3632,soda,4.0
3632,waffles,6.0
3632,cake bar,6.0
3633,cat food,8.0
3633,bottled water,8.0
3633,soda,4.0
3633,white wine,8.0
3633,salty snack,8.0
3633,napkins,7.0
3633,kitchen towels,8.0
3641,sausage,8.0
3641,pip fruit,9.0
3641,whole milk,8.0
3641,yogurt,8.0
3641,sliced cheese,8.0
3641,cream cheese ,8.0
3641,pastry,6.0
3641,soda,4.0
3641,shopping bags,8.0
3656,meat,8.0
3656,pork,8.0
3656,root vegetables,9.0
3656,other vegetables,9.0
3656,yogurt,8.0
3656,cream cheese ,8.0
3656,rolls/buns,8.0
3656,white bread,8.0
3656,vinegar,8.0
3656,soda,4.0
3656,cake bar,6.0
3656,napkins,7.0
3666,other vegetables,9.0
3666,whole milk,8.0
3666,yogurt,8.0
3666,rolls/buns,8.0
3666,brown bread,6.0
3666,coffee,8.0
3666,soda,4.0
3666,fruit/vegetable juice,8.0
3666,bottled beer,8.0
3666,chocolate,8.0
3666,specialty chocolate,8.0
3666,specialty bar,8.0
3666,napkins,7.0
3666,dishes,8.0
3669,ham,8.0
3669,chicken,8.0
3669,citrus fruit,9.0
3669,tropical fruit,9.0
3669,berries,9.0
3669,root vegetables,9.0
3669,other vegetables,9.0
3669,whole milk,8.0
3669,yogurt,8.0
3669,whipped/sour cream,8.0
3669,beverages,8.0
3669,soft cheese,8.0
3669,sliced cheese,8.0
3669,rolls/buns,8.0
3669,pastry,6.0
3669,semi-finished bread,8.0
3669,oil,8.0
3669,fruit/vegetable juice,8.0
3672,citrus fruit,9.0
3672,pip fruit,9.0
3672,whole milk,8.0
3672,condensed milk,8.0
3672,cream cheese ,8.0
3672,domestic eggs,8.0
3672,fruit/vegetable juice,8.0
3673,sausage,8.0
3673,root vegetables,9.0
3673,other vegetables,9.0
3673,brown bread,6.0
3673,long life bakery product,4.0
3674,frankfurter,8.0
3674,citrus fruit,9.0
3674,tropical fruit,9.0
3674,pip fruit,9.0
3674,grapes,8.0
3674,root vegetables,9.0
3674,other vegetables,9.0
3674,whole milk,8.0
3674,yogurt,8.0
3674,frozen meals,8.0
3674,frozen fish,8.0
3674,frozen dessert,8.0
3674,brown bread,6.0
3676,pork,8.0
3676,grapes,8.0
3676,berries,9.0
3676,other vegetables,9.0
3676,whipped/sour cream,8.0
3676,frozen dessert,8.0
3676,domestic eggs,8.0
3676,rolls/buns,8.0
3676,pastry,6.0
3676,sugar,6.0
3676,baking powder,6.0
3676,bottled water,8.0
3676,dishes,8.0
3678,herbs,9.0
3678,other vegetables,9.0
3678,whipped/sour cream,8.0
3678,red/blush wine,8.0
3678,shopping bags,8.0
3679,grapes,8.0
3679,root vegetables,9.0
3679,other vegetables,9.0
3679,whipped/sour cream,8.0
3679,cat food,8.0
3679,chewing gum,8.0
3679,decalcifier,8.0
3679,bathroom cleaner,7.0
3679,napkins,7.0
3679,dishes,8.0
3679,kitchen towels,8.0
3684,frankfurter,8.0
3684,hamburger meat,8.0
3684,brown bread,6.0
3684,salt,8.0
3684,pasta,8.0
3684,canned vegetables,8.0
3687,tropical fruit,9.0
3687,grapes,8.0
3687,other vegetables,9.0
3687,whole milk,8.0
3687,brown bread,6.0
3687,pastry,6.0
3687,fruit/vegetable juice,8.0
3687,long life bakery product,4.0
3687,pot plants,8.0
3689,ham,8.0
3689,citrus fruit,9.0
3689,butter milk,8.0
3689,yogurt,8.0
3689,cream cheese ,8.0
3689,rolls/buns,8.0
3689,dog food,8.0
3689,female sanitary products,7.0
3689,napkins,7.0
3689,pot plants,8.0
3691,chicken,8.0
3691,tropical fruit,9.0
3691,pip fruit,9.0
3691,other vegetables,9.0
3691,yogurt,8.0
3691,pastry,6.0
3691,bottled beer,8.0
3691,red/blush wine,8.0
3692,tropical fruit,9.0
3692,pip fruit,9.0
3692,whole milk,8.0
3692,rolls/buns,8.0
3692,pastry,6.0
3692,fruit/vegetable juice,8.0
3692,salty snack,8.0
3692,detergent,6.0
3692,make up remover,7.0
3693,citrus fruit,9.0
3693,whole milk,8.0
3693,butter,8.0
3693,curd,8.0
3693,yogurt,8.0
3693,soft cheese,8.0
3694,tropical fruit,9.0
3694,whole milk,8.0
3694,yogurt,8.0
3694,beverages,8.0
3694,brown bread,6.0
3694,newspapers,7.0
3695,beef,8.0
3695,citrus fruit,9.0
3695,tropical fruit,9.0
3695,root vegetables,9.0
3695,ice cream,8.0
3695,roll products ,8.0
3695,soda,4.0
3695,canned beer,8.0
3695,red/blush wine,8.0
3701,curd,8.0
3701,dessert,6.0
3701,yogurt,8.0
3701,white bread,8.0
3701,long life bakery product,4.0
3701,shopping bags,8.0
3702,citrus fruit,9.0
3702,tropical fruit,9.0
3702,other vegetables,9.0
3702,salt,8.0
3702,misc. beverages,8.0
3702,fruit/vegetable juice,8.0
3702,napkins,7.0
3703,citrus fruit,9.0
3703,frozen vegetables,8.0
3703,domestic eggs,8.0
3703,brown bread,6.0
3703,soda,4.0
3703,chocolate,8.0
3703,house keeping products,8.0
3706,tropical fruit,9.0
3706,whole milk,8.0
3706,ice cream,8.0
3706,red/blush wine,8.0
3706,chocolate,8.0
3706,shopping bags,8.0
3708,pip fruit,9.0
3708,onions,9.0
3708,other vegetables,9.0
3708,rolls/buns,8.0
3708,Instant food products,8.0
3708,tea,8.0
3708,bottled water,8.0
3708,salty snack,8.0
3711,pip fruit,9.0
3711,rolls/buns,8.0
3711,pet care,8.0
3711,soda,4.0
3711,waffles,6.0
3711,chocolate marshmallow,8.0
3711,napkins,7.0
3716,other vegetables,9.0
3716,whole milk,8.0
3716,curd,8.0
3716,dessert,6.0
3716,yogurt,8.0
3716,cream cheese ,8.0
3716,cat food,8.0
3718,grapes,8.0
3718,berries,9.0
3718,other vegetables,9.0
3718,curd,8.0
3718,sliced cheese,8.0
3718,pastry,6.0
3718,misc. beverages,8.0
3718,salty snack,8.0
3718,detergent,6.0
3718,hygiene articles,7.0
3718,napkins,7.0
3720,tropical fruit,9.0
3720,root vegetables,9.0
3720,other vegetables,9.0
3720,frozen dessert,8.0
3720,margarine,8.0
3725,root vegetables,9.0
3725,other vegetables,9.0
3725,dessert,6.0
3725,whipped/sour cream,8.0
3725,domestic eggs,8.0
3725,pastry,6.0
3725,chocolate,8.0
3725,softener,8.0
3726,chicken,8.0
3726,beef,8.0
3726,yogurt,8.0
3726,rolls/buns,8.0
3726,newspapers,7.0
3728,sausage,8.0
3728,tropical fruit,9.0
3728,semi-finished bread,8.0
3728,soda,4.0
3728,salty snack,8.0
3728,shopping bags,8.0
3730,sausage,8.0
3730,tropical fruit,9.0
3730,whole milk,8.0
3730,butter milk,8.0
3730,yogurt,8.0
3730,white bread,8.0
3730,meat spreads,8.0
3730,soda,4.0
3730,fruit/vegetable juice,8.0
3730,shopping bags,8.0
3731,UHT-milk,8.0
3731,rolls/buns,8.0
3731,popcorn,8.0
3731,snack products,8.0
3731,chocolate,8.0
3738,hamburger meat,8.0
3738,tropical fruit,9.0
3738,root vegetables,9.0
3738,whole milk,8.0
3738,frozen meals,8.0
3738,rolls/buns,8.0
3738,pasta,8.0
3738,waffles,6.0
3740,pork,8.0
3740,root vegetables,9.0
3740,whipped/sour cream,8.0
3740,domestic eggs,8.0
3740,red/blush wine,8.0
3740,salty snack,8.0
3741,meat,8.0
3741,hamburger meat,8.0
3741,whole milk,8.0
3741,UHT-milk,8.0
3741,hard cheese,8.0
3741,pastry,6.0
3741,sugar,6.0
3741,pickled vegetables,8.0
3741,long life bakery product,4.0
3742,hamburger meat,8.0
3742,tropical fruit,9.0
3742,pip fruit,9.0
3742,root vegetables,9.0
3742,Instant food products,8.0
3742,soda,4.0
3742,waffles,6.0
3742,newspapers,7.0
3742,shopping bags,8.0
3748,citrus fruit,9.0
3748,frozen dessert,8.0
3748,domestic eggs,8.0
3748,rolls/buns,8.0
3748,pastry,6.0
3750,whipped/sour cream,8.0
3750,rolls/buns,8.0
3750,pastry,6.0
3750,soda,4.0
3750,salty snack,8.0
3750,chewing gum,8.0
3750,cleaner,6.0
3750,female sanitary products,7.0
3750,shopping bags,8.0
3751,chicken,8.0
3751,hamburger meat,8.0
3751,citrus fruit,9.0
3751,whole milk,8.0
3751,butter,8.0
3751,yogurt,8.0
3751,whipped/sour cream,8.0
3751,curd cheese,6.0
3751,pickled vegetables,8.0
3752,sausage,8.0
3752,other vegetables,9.0
3752,yogurt,8.0
3752,whipped/sour cream,8.0
3752,cream cheese ,8.0
3752,soda,4.0
3752,hygiene articles,7.0
3752,cling film/bags,8.0
3755,other vegetables,9.0
3755,whole milk,8.0
3755,frozen fish,8.0
3755,white bread,8.0
3755,pickled vegetables,8.0
3755,long life bakery product,4.0
3756,root vegetables,9.0
3756,brown bread,6.0
3756,baking powder,6.0
3756,napkins,7.0
3756,photo/film,8.0
3757,root vegetables,9.0
3757,curd,8.0
3757,mayonnaise,8.0
3757,domestic eggs,8.0
3757,margarine,8.0
3757,mustard,8.0
3757,shopping bags,8.0
3759,other vegetables,9.0
3759,beverages,8.0
3759,spread cheese,8.0
3759,domestic eggs,8.0
3759,rolls/buns,8.0
3759,pastry,6.0
3762,tropical fruit,9.0
3762,root vegetables,9.0
3762,other vegetables,9.0
3762,bottled water,8.0
3762,soda,4.0
3762,bottled beer,8.0
3762,prosecco,8.0
3762,chocolate,8.0
3762,hygiene articles,7.0
3771,hamburger meat,8.0
3771,tropical fruit,9.0
3771,hard cheese,8.0
3771,white wine,8.0
3771,shopping bags,8.0
3773,sausage,8.0
3773,meat,8.0
3773,citrus fruit,9.0
3773,yogurt,8.0
3773,ice cream,8.0
3773,rolls/buns,8.0
3773,brown bread,6.0
3773,pickled vegetables,8.0
3773,jam,8.0
3773,liquor,8.0
3773,newspapers,7.0
3779,ham,8.0
3779,curd,8.0
3779,dessert,6.0
3779,beverages,8.0
3779,UHT-milk,8.0
3779,cream cheese ,8.0
3779,brown bread,6.0
3779,mustard,8.0
3779,sweet spreads,8.0
3781,beef,8.0
3781,other vegetables,9.0
3781,butter milk,8.0
3781,soups,4.0
3781,sparkling wine,8.0
3786,pip fruit,9.0
3786,root vegetables,9.0
3786,UHT-milk,8.0
3786,frozen dessert,8.0
3786,domestic eggs,8.0
3786,margarine,8.0
3786,pickled vegetables,8.0
3787,hamburger meat,8.0
3787,onions,9.0
3787,cream cheese ,8.0
3787,brown bread,6.0
3787,pastry,6.0
3787,sugar,6.0
3787,cereals,8.0
3787,pet care,8.0
3795,citrus fruit,9.0
3795,onions,9.0
3795,hard cheese,8.0
3795,specialty cheese,8.0
3795,frozen vegetables,8.0
3795,frozen dessert,8.0
3795,domestic eggs,8.0
3795,rolls/buns,8.0
3800,sausage,8.0
3800,root vegetables,9.0
3800,whole milk,8.0
3800,fruit/vegetable juice,8.0
3800,popcorn,8.0
3800,candy,8.0
3808,pork,8.0
3808,tropical fruit,9.0
3808,root vegetables,9.0
3808,margarine,8.0
3808,soda,4.0
3808,bottled beer,8.0
3808,waffles,6.0
3811,pork,8.0
3811,citrus fruit,9.0
3811,tropical fruit,9.0
3811,whole milk,8.0
3811,frozen vegetables,8.0
3811,domestic eggs,8.0
3811,honey,9.0
3811,canned vegetables,8.0
3811,red/blush wine,8.0
3811,chocolate marshmallow,8.0
3811,napkins,7.0
3816,frankfurter,8.0
3816,tropical fruit,9.0
3816,onions,9.0
3816,dessert,6.0
3816,ice cream,8.0
3816,dishes,8.0
3816,candles,8.0
3819,sausage,8.0
3819,citrus fruit,9.0
3819,tropical fruit,9.0
3819,pip fruit,9.0
3819,yogurt,8.0
3819,pastry,6.0
3819,bottled water,8.0
3819,long life bakery product,4.0
3823,frankfurter,8.0
3823,rolls/buns,8.0
3823,soda,4.0
3823,fruit/vegetable juice,8.0
3823,shopping bags,8.0
3825,pip fruit,9.0
3825,rolls/buns,8.0
3825,prosecco,8.0
3825,seasonal products,8.0
3825,pot plants,8.0
3825,shopping bags,8.0
3831,pet care,8.0
3831,soda,4.0
3831,bottled beer,8.0
3831,snack products,8.0
3831,candy,8.0
3832,rolls/buns,8.0
3832,fruit/vegetable juice,8.0
3832,bottled beer,8.0
3832,canned beer,8.0
3832,chocolate,8.0
3834,ham,8.0
3834,whole milk,8.0
3834,yogurt,8.0
3834,soda,4.0
3834,red/blush wine,8.0
3838,frankfurter,8.0
3838,whole milk,8.0
3838,rolls/buns,8.0
3838,coffee,8.0
3838,salty snack,8.0
3838,kitchen towels,8.0
3839,whole milk,8.0
3839,domestic eggs,8.0
3839,soda,4.0
3839,canned beer,8.0
3839,liquor (appetizer),8.0
3839,shopping bags,8.0
3845,pork,8.0
3845,tropical fruit,9.0
3845,whole milk,8.0
3845,butter,8.0
3845,dessert,6.0
3845,yogurt,8.0
3845,frozen vegetables,8.0
3845,frozen meals,8.0
3845,frozen chicken,8.0
3845,coffee,8.0
3845,fruit/vegetable juice,8.0
3845,chocolate,8.0
3845,dental care,8.0
3845,kitchen towels,8.0
3845,newspapers,7.0
3846,chicken,8.0
3846,tropical fruit,9.0
3846,pip fruit,9.0
3846,other vegetables,9.0
3846,yogurt,8.0
3846,soft cheese,8.0
3846,domestic eggs,8.0
3846,roll products ,8.0
3846,fruit/vegetable juice,8.0
3846,dish cleaner,8.0
3849,other vegetables,9.0
3849,whole milk,8.0
3849,butter,8.0
3849,specialty cheese,8.0
3849,frozen vegetables,8.0
3849,semi-finished bread,8.0
3849,pot plants,8.0
3850,pip fruit,9.0
3850,other vegetables,9.0
3850,whole milk,8.0
3850,frozen vegetables,8.0
3850,domestic eggs,8.0
3850,shopping bags,8.0
3852,sausage,8.0
3852,chicken,8.0
3852,beef,8.0
3852,other vegetables,9.0
3852,butter,8.0
3852,dessert,6.0
3852,whipped/sour cream,8.0
3852,UHT-milk,8.0
3852,soft cheese,8.0
3852,frozen meals,8.0
3852,brown bread,6.0
3852,pasta,8.0
3852,oil,8.0
3852,specialty fat,8.0
3852,pudding powder,8.0
3852,pickled vegetables,8.0
3852,specialty bar,8.0
3855,other vegetables,9.0
3855,whipped/sour cream,8.0
3855,cream cheese ,8.0
3855,rolls/buns,8.0
3855,coffee,8.0
3865,pip fruit,9.0
3865,onions,9.0
3865,whole milk,8.0
3865,yogurt,8.0
3865,frozen vegetables,8.0
3865,frozen fish,8.0
3865,rolls/buns,8.0
3865,semi-finished bread,8.0
3865,margarine,8.0
3865,bottled beer,8.0
3866,pork,8.0
3866,citrus fruit,9.0
3866,tropical fruit,9.0
3866,spread cheese,8.0
3866,bottled water,8.0
3867,frankfurter,8.0
3867,pork,8.0
3867,yogurt,8.0
3867,soft cheese,8.0
3867,sugar,6.0
3867,bottled water,8.0
3867,soda,4.0
3867,fruit/vegetable juice,8.0
3867,shopping bags,8.0
3876,chicken,8.0
3876,root vegetables,9.0
3876,whole milk,8.0
3876,rolls/buns,8.0
3876,brown bread,6.0
3878,pork,8.0
3878,citrus fruit,9.0
3878,root vegetables,9.0
3878,whole milk,8.0
3878,bottled water,8.0
3878,dish cleaner,8.0
3884,sausage,8.0
3884,hamburger meat,8.0
3884,tropical fruit,9.0
3884,pip fruit,9.0
3884,whole milk,8.0
3884,beverages,8.0
3884,frozen vegetables,8.0
3884,frozen meals,8.0
3884,white bread,8.0
3884,pasta,8.0
3884,pickled vegetables,8.0
3884,sweet spreads,8.0
3884,bottled water,8.0
3884,fruit/vegetable juice,8.0
3884,long life bakery product,4.0
3884,specialty bar,8.0
3884,detergent,6.0
3884,newspapers,7.0
3885,frankfurter,8.0
3885,tropical fruit,9.0
3885,other vegetables,9.0
3885,whole milk,8.0
3885,rolls/buns,8.0
3885,pet care,8.0
3885,soda,4.0
3885,fruit/vegetable juice,8.0
3885,make up remover,7.0
3889,sausage,8.0
3889,yogurt,8.0
3889,rolls/buns,8.0
3889,bottled water,8.0
3889,soda,4.0
3891,sausage,8.0
3891,beef,8.0
3891,tropical fruit,9.0
3891,pip fruit,9.0
3891,berries,9.0
3891,root vegetables,9.0
3891,other vegetables,9.0
3891,whole milk,8.0
3891,mustard,8.0
3891,candles,8.0
3895,frankfurter,8.0
3895,beef,8.0
3895,other vegetables,9.0
3895,whole milk,8.0
3895,butter,8.0
3895,yogurt,8.0
3895,soft cheese,8.0
3895,pastry,6.0
3895,oil,8.0
3895,coffee,8.0
3895,bottled water,8.0
3895,soda,4.0
3895,cake bar,6.0
3895,specialty bar,8.0
3895,detergent,6.0
3895,hygiene articles,7.0
3895,dishes,8.0
3896,meat,8.0
3896,chicken,8.0
3896,hamburger meat,8.0
3896,citrus fruit,9.0
3896,whole milk,8.0
3896,butter,8.0
3896,butter milk,8.0
3896,yogurt,8.0
3896,soft cheese,8.0
3896,frozen vegetables,8.0
3896,domestic eggs,8.0
3896,rolls/buns,8.0
3896,fruit/vegetable juice,8.0
3896,seasonal products,8.0
3902,tropical fruit,9.0
3902,cream cheese ,8.0
3902,mayonnaise,8.0
3902,rolls/buns,8.0
3902,white bread,8.0
3902,baking powder,6.0
3902,canned fish,8.0
3902,long life bakery product,4.0
3903,tropical fruit,9.0
3903,other vegetables,9.0
3903,whole milk,8.0
3903,curd,8.0
3903,yogurt,8.0
3903,frozen vegetables,8.0
3903,frozen dessert,8.0
3903,rolls/buns,8.0
3903,soda,4.0
3903,liquor (appetizer),8.0
3903,waffles,6.0
3903,candy,8.0
3903,seasonal products,8.0
3903,candles,8.0
3904,citrus fruit,9.0
3904,tropical fruit,9.0
3904,pip fruit,9.0
3904,whole milk,8.0
3904,butter milk,8.0
3905,chicken,8.0
3905,hamburger meat,8.0
3905,citrus fruit,9.0
3905,other vegetables,9.0
3905,coffee,8.0
3906,dessert,6.0
3906,yogurt,8.0
3906,UHT-milk,8.0
3906,cream cheese ,8.0
3906,frozen vegetables,8.0
3906,rolls/buns,8.0
3906,bottled water,8.0
3906,napkins,7.0
3909,onions,9.0
3909,cat food,8.0
3909,pet care,8.0
3909,popcorn,8.0
3909,dental care,8.0
3911,chicken,8.0
3911,hamburger meat,8.0
3911,pip fruit,9.0
3911,other vegetables,9.0
3911,UHT-milk,8.0
3911,sliced cheese,8.0
3911,specialty cheese,8.0
3911,dog food,8.0
3911,coffee,8.0
3911,brandy,8.0
3911,softener,8.0
3911,pot plants,8.0
3912,chicken,8.0
3912,pip fruit,9.0
3912,whole milk,8.0
3912,whipped/sour cream,8.0
3912,margarine,8.0
3912,newspapers,7.0
3912,flower (seeds),8.0
3914,meat,8.0
3914,chicken,8.0
3914,pork,8.0
3914,root vegetables,9.0
3914,whole milk,8.0
3914,rolls/buns,8.0
3914,detergent,6.0
3915,ham,8.0
3915,chicken,8.0
3915,turkey,6.0
3915,beef,8.0
3915,onions,9.0
3915,whole milk,8.0
3915,butter,8.0
3915,frozen potato products,8.0
3915,domestic eggs,8.0
3915,pastry,6.0
3915,salt,8.0
3915,sugar,6.0
3915,jam,8.0
3915,coffee,8.0
3916,citrus fruit,9.0
3916,pip fruit,9.0
3916,whole milk,8.0
3916,sliced cheese,8.0
3916,salty snack,8.0
3918,frankfurter,8.0
3918,chicken,8.0
3918,turkey,6.0
3918,beef,8.0
3918,whole milk,8.0
3918,brown bread,6.0
3918,pastry,6.0
3918,bottled water,8.0
3920,pork,8.0
3920,pip fruit,9.0
3920,curd,8.0
3920,roll products ,8.0
3920,margarine,8.0
3920,soups,4.0
3920,coffee,8.0
3920,napkins,7.0
3920,newspapers,7.0
3921,butter milk,8.0
3921,UHT-milk,8.0
3921,cream cheese ,8.0
3921,spread cheese,8.0
3921,brown bread,6.0
3921,coffee,8.0
3923,chicken,8.0
3923,tropical fruit,9.0
3923,frozen fish,8.0
3923,domestic eggs,8.0
3923,roll products ,8.0
3923,seasonal products,8.0
3923,dish cleaner,8.0
3927,berries,9.0
3927,root vegetables,9.0
3927,yogurt,8.0
3927,whipped/sour cream,8.0
3927,specialty fat,8.0
3927,white wine,8.0
3927,kitchen towels,8.0
3928,hamburger meat,8.0
3928,tropical fruit,9.0
3928,yogurt,8.0
3928,frozen vegetables,8.0
3928,domestic eggs,8.0
3928,rolls/buns,8.0
3928,meat spreads,8.0
3928,cat food,8.0
3928,soda,4.0
3928,misc. beverages,8.0
3930,turkey,6.0
3930,tropical fruit,9.0
3930,root vegetables,9.0
3930,other vegetables,9.0
3930,curd,8.0
3930,whipped/sour cream,8.0
3930,liquor (appetizer),8.0
3936,hamburger meat,8.0
3936,root vegetables,9.0
3936,whole milk,8.0
3936,rolls/buns,8.0
3936,long life bakery product,4.0
3936,waffles,6.0
3940,beef,8.0
3940,citrus fruit,9.0
3940,tropical fruit,9.0
3940,whole milk,8.0
3940,yogurt,8.0
3940,margarine,8.0
3940,specialty fat,8.0
3940,mustard,8.0
3940,canned vegetables,8.0
3940,napkins,7.0
3942,sausage,8.0
3942,root vegetables,9.0
3942,curd,8.0
3942,yogurt,8.0
3942,whipped/sour cream,8.0
3942,sliced cheese,8.0
3942,processed cheese,8.0
3942,domestic eggs,8.0
3942,oil,8.0
3942,Instant food products,8.0
3942,soda,4.0
3942,red/blush wine,8.0
3942,candy,8.0
3942,newspapers,7.0
3944,pork,8.0
3944,butter,8.0
3944,curd,8.0
3944,frozen vegetables,8.0
3944,margarine,8.0
3944,sugar,6.0
3944,chewing gum,8.0
3944,napkins,7.0
3944,newspapers,7.0
3948,pork,8.0
3948,root vegetables,9.0
3948,other vegetables,9.0
3948,mayonnaise,8.0
3948,domestic eggs,8.0
3948,rolls/buns,8.0
3948,mustard,8.0
3948,fruit/vegetable juice,8.0
3948,chewing gum,8.0
3948,dishes,8.0
3950,other vegetables,9.0
3950,whole milk,8.0
3950,butter,8.0
3950,white bread,8.0
3950,canned vegetables,8.0
3950,soda,4.0
3950,snack products,8.0
3950,cake bar,6.0
3950,chocolate,8.0
3952,citrus fruit,9.0
3952,root vegetables,9.0
3952,onions,9.0
3952,other vegetables,9.0
3952,domestic eggs,8.0
3952,white bread,8.0
3952,cake bar,6.0
3953,other vegetables,9.0
3953,whole milk,8.0
3953,rolls/buns,8.0
3953,brown bread,6.0
3953,soda,4.0
3953,hygiene articles,7.0
3953,newspapers,7.0
3954,other vegetables,9.0
3954,whole milk,8.0
3954,curd,8.0
3954,frozen vegetables,8.0
3954,frozen dessert,8.0
3954,misc. beverages,8.0
3954,rum,8.0
3954,long life bakery product,4.0
3954,newspapers,7.0
3955,beef,8.0
3955,root vegetables,9.0
3955,herbs,9.0
3955,other vegetables,9.0
3955,whole milk,8.0
3955,butter,8.0
3955,curd,8.0
3955,whipped/sour cream,8.0
3955,rolls/buns,8.0
3955,pastry,6.0
3955,margarine,8.0
3956,meat,8.0
3956,chicken,8.0
3956,other vegetables,9.0
3956,butter milk,8.0
3956,yogurt,8.0
3956,roll products ,8.0
3956,flour,6.0
3956,cat food,8.0
3956,soda,4.0
3956,dishes,8.0
3957,sausage,8.0
3957,frozen vegetables,8.0
3957,frozen meals,8.0
3957,pickled vegetables,8.0
3957,coffee,8.0
3959,beef,8.0
3959,root vegetables,9.0
3959,frozen vegetables,8.0
3959,frozen potato products,8.0
3959,white bread,8.0
3959,detergent,6.0
3960,chicken,8.0
3960,hamburger meat,8.0
3960,herbs,9.0
3960,UHT-milk,8.0
3960,cream cheese ,8.0
3960,frozen vegetables,8.0
3960,soda,4.0
3960,dish cleaner,8.0
3960,pot plants,8.0
3962,sausage,8.0
3962,pip fruit,9.0
3962,yogurt,8.0
3962,white bread,8.0
3962,soda,4.0
3963,whole milk,8.0
3963,butter milk,8.0
3963,rolls/buns,8.0
3963,margarine,8.0
3963,bottled water,8.0
3963,fruit/vegetable juice,8.0
3965,sausage,8.0
3965,hamburger meat,8.0
3965,spread cheese,8.0
3965,canned fish,8.0
3965,napkins,7.0
3968,sausage,8.0
3968,curd,8.0
3968,yogurt,8.0
3968,cream cheese ,8.0
3968,brown bread,6.0
3968,pastry,6.0
3968,coffee,8.0
3968,seasonal products,8.0
3968,napkins,7.0
3970,chicken,8.0
3970,pork,8.0
3970,citrus fruit,9.0
3970,root vegetables,9.0
3970,herbs,9.0
3970,other vegetables,9.0
3970,whole milk,8.0
3970,butter,8.0
3970,frozen dessert,8.0
3970,domestic eggs,8.0
3970,rolls/buns,8.0
3970,bottled water,8.0
3970,bottled beer,8.0
3971,tropical fruit,9.0
3971,other vegetables,9.0
3971,yogurt,8.0
3971,domestic eggs,8.0
3971,rolls/buns,8.0
3971,pastry,6.0
3971,semi-finished bread,8.0
3971,zwieback,8.0
3971,oil,8.0
3971,margarine,8.0
3971,organic products,9.0
3971,coffee,8.0
3971,bottled water,8.0
3971,soda,4.0
3971,snack products,8.0
3971,waffles,6.0
3971,chocolate marshmallow,8.0
3971,candy,8.0
3971,seasonal products,8.0
3972,finished products,8.0
3972,other vegetables,9.0
3972,whole milk,8.0
3972,yogurt,8.0
3972,curd cheese,6.0
3972,brown bread,6.0
3972,pastry,6.0
3972,potato products,9.0
3972,baking powder,6.0
3972,soda,4.0
3972,specialty chocolate,8.0
3972,candy,8.0
3972,seasonal products,8.0
3974,beef,8.0
3974,root vegetables,9.0
3974,other vegetables,9.0
3974,frozen dessert,8.0
3974,pastry,6.0
3974,vinegar,8.0
3974,margarine,8.0
3974,sugar,6.0
3974,cat food,8.0
3974,coffee,8.0
3974,bottled beer,8.0
3974,cling film/bags,8.0
3974,candles,8.0
3974,pot plants,8.0
3978,beef,8.0
3978,citrus fruit,9.0
3978,tropical fruit,9.0
3978,other vegetables,9.0
3978,condensed milk,8.0
3978,processed cheese,8.0
3978,bottled water,8.0
3978,soda,4.0
3978,cling film/bags,8.0
3980,tropical fruit,9.0
3980,root vegetables,9.0
3980,sliced cheese,8.0
3980,processed cheese,8.0
3980,margarine,8.0
3980,bottled water,8.0
3980,soda,4.0
3980,misc. beverages,8.0
3982,sausage,8.0
3982,soft cheese,8.0
3982,rolls/buns,8.0
3982,bottled water,8.0
3982,specialty chocolate,8.0
3983,butter milk,8.0
3983,domestic eggs,8.0
3983,rolls/buns,8.0
3983,soda,4.0
3983,specialty chocolate,8.0
3984,sausage,8.0
3984,whole milk,8.0
3984,frozen dessert,8.0
3984,mustard,8.0
3984,jam,8.0
3984,bottled water,8.0
3984,hygiene articles,7.0
3985,frankfurter,8.0
3985,chicken,8.0
3985,pork,8.0
3985,other vegetables,9.0
3985,yogurt,8.0
3985,whipped/sour cream,8.0
3985,soft cheese,8.0
3985,rolls/buns,8.0
3985,instant coffee,8.0
3985,bottled water,8.0
3985,napkins,7.0
3986,rolls/buns,8.0
3986,soda,4.0
3986,fruit/vegetable juice,8.0
3986,bottled beer,8.0
3986,long life bakery product,4.0
3992,sausage,8.0
3992,citrus fruit,9.0
3992,other vegetables,9.0
3992,whole milk,8.0
3992,whipped/sour cream,8.0
3992,sliced cheese,8.0
3992,cream cheese ,8.0
3992,domestic eggs,8.0
3992,rolls/buns,8.0
3992,pastry,6.0
3992,sugar,6.0
3992,baking powder,6.0
3994,chicken,8.0
3994,other vegetables,9.0
3994,whole milk,8.0
3994,curd,8.0
3994,domestic eggs,8.0
3994,rolls/buns,8.0
3994,softener,8.0
3996,tropical fruit,9.0
3996,rolls/buns,8.0
3996,seasonal products,8.0
3996,bathroom cleaner,7.0
3996,newspapers,7.0
3996,shopping bags,8.0
3997,other vegetables,9.0
3997,whole milk,8.0
3997,domestic eggs,8.0
3997,margarine,8.0
3997,bottled water,8.0
3997,fruit/vegetable juice,8.0
3997,bottled beer,8.0
4001,sausage,8.0
4001,turkey,6.0
4001,citrus fruit,9.0
4001,other vegetables,9.0
4001,whole milk,8.0
4001,butter,8.0
4001,curd,8.0
4001,whipped/sour cream,8.0
4001,tidbits,8.0
4001,ice cream,8.0
4001,rolls/buns,8.0
4001,pastry,6.0
4001,soda,4.0
4001,newspapers,7.0
4003,citrus fruit,9.0
4003,yogurt,8.0
4003,UHT-milk,8.0
4003,domestic eggs,8.0
4003,rolls/buns,8.0
4010,beef,8.0
4010,pip fruit,9.0
4010,onions,9.0
4010,whole milk,8.0
4010,margarine,8.0
4010,specialty fat,8.0
4010,soda,4.0
4010,fruit/vegetable juice,8.0
4010,napkins,7.0
4012,root vegetables,9.0
4012,whole milk,8.0
4012,whipped/sour cream,8.0
4012,frozen meals,8.0
4012,flour,6.0
4012,oil,8.0
4012,waffles,6.0
4012,seasonal products,8.0
4012,napkins,7.0
4012,house keeping products,8.0
4012,photo/film,8.0
4012,shopping bags,8.0
4014,whole milk,8.0
4014,frozen meals,8.0
4014,soda,4.0
4014,napkins,7.0
4014,kitchen towels,8.0
4017,finished products,8.0
4017,beef,8.0
4017,citrus fruit,9.0
4017,pip fruit,9.0
4017,root vegetables,9.0
4017,whole milk,8.0
4017,semi-finished bread,8.0
4017,potato products,9.0
4017,rice,9.0
4017,soda,4.0
4017,fruit/vegetable juice,8.0
4017,candy,8.0
4017,pot plants,8.0
4017,shopping bags,8.0
4019,beverages,8.0
4019,frozen vegetables,8.0
4019,soda,4.0
4019,fruit/vegetable juice,8.0
4019,popcorn,8.0
4019,newspapers,7.0
4025,citrus fruit,9.0
4025,pip fruit,9.0
4025,butter,8.0
4025,rolls/buns,8.0
4025,oil,8.0
4025,soda,4.0
4025,bottled beer,8.0
4025,brandy,8.0
4025,red/blush wine,8.0
4025,sparkling wine,8.0
4032,liver loaf,8.0
4032,citrus fruit,9.0
4032,other vegetables,9.0
4032,curd,8.0
4032,salad dressing,8.0
4032,semi-finished bread,8.0
4032,abrasive cleaner,7.0
4033,citrus fruit,9.0
4033,tropical fruit,9.0
4033,root vegetables,9.0
4033,other vegetables,9.0
4033,yogurt,8.0
4033,whipped/sour cream,8.0
4033,frozen vegetables,8.0
4033,ice cream,8.0
4033,rolls/buns,8.0
4033,salt,8.0
4033,sugar,6.0
4033,soda,4.0
4033,napkins,7.0
4033,newspapers,7.0
4034,frankfurter,8.0
4034,pip fruit,9.0
4034,onions,9.0
4034,whole milk,8.0
4034,curd,8.0
4034,yogurt,8.0
4034,pastry,6.0
4034,Instant food products,8.0
4034,kitchen utensil,8.0
4036,ham,8.0
4036,root vegetables,9.0
4036,onions,9.0
4036,other vegetables,9.0
4036,whole milk,8.0
4036,whipped/sour cream,8.0
4036,soft cheese,8.0
4036,sliced cheese,8.0
4036,hard cheese,8.0
4036,cream cheese ,8.0
4036,specialty cheese,8.0
4036,domestic eggs,8.0
4036,salt,8.0
4036,canned fish,8.0
4036,napkins,7.0
4039,sausage,8.0
4039,beverages,8.0
4039,rolls/buns,8.0
4039,misc. beverages,8.0
4039,waffles,6.0
4039,shopping bags,8.0
4040,yogurt,8.0
4040,rolls/buns,8.0
4040,instant coffee,8.0
4040,soda,4.0
4040,canned beer,8.0
4040,waffles,6.0
4045,root vegetables,9.0
4045,other vegetables,9.0
4045,yogurt,8.0
4045,UHT-milk,8.0
4045,sugar,6.0
4045,coffee,8.0
4045,soda,4.0
4045,misc. beverages,8.0
4045,canned beer,8.0
4045,dishes,8.0
4045,newspapers,7.0
4047,beef,8.0
4047,pip fruit,9.0
4047,whole milk,8.0
4047,butter,8.0
4047,curd,8.0
4047,margarine,8.0
4047,cat food,8.0
4047,coffee,8.0
4047,waffles,6.0
4048,pip fruit,9.0
4048,whole milk,8.0
4048,butter,8.0
4048,whipped/sour cream,8.0
4048,beverages,8.0
4048,newspapers,7.0
4048,flower (seeds),8.0
4049,chicken,8.0
4049,citrus fruit,9.0
4049,root vegetables,9.0
4049,other vegetables,9.0
4049,brown bread,6.0
4049,pastry,6.0
4049,salty snack,8.0
4049,napkins,7.0
4052,sausage,8.0
4052,citrus fruit,9.0
4052,tropical fruit,9.0
4052,other vegetables,9.0
4052,whole milk,8.0
4052,butter,8.0
4052,whipped/sour cream,8.0
4052,hard cheese,8.0
4052,domestic eggs,8.0
4052,dishes,8.0
4054,tropical fruit,9.0
4054,yogurt,8.0
4054,UHT-milk,8.0
4054,cream cheese ,8.0
4054,processed cheese,8.0
4054,rolls/buns,8.0
4054,pastry,6.0
4054,margarine,8.0
4054,waffles,6.0
4054,hygiene articles,7.0
4056,chicken,8.0
4056,packaged fruit/vegetables,9.0
4056,whole milk,8.0
4056,curd,8.0
4056,whipped/sour cream,8.0
4056,frozen vegetables,8.0
4056,frozen dessert,8.0
4056,rolls/buns,8.0
4056,white bread,8.0
4056,brown bread,6.0
4056,margarine,8.0
4056,soda,4.0
4056,long life bakery product,4.0
4056,specialty chocolate,8.0
4056,candy,8.0
4057,hamburger meat,8.0
4057,mustard,8.0
4057,soups,4.0
4057,Instant food products,8.0
4057,sweet spreads,8.0
4057,soda,4.0
4057,newspapers,7.0
4059,citrus fruit,9.0
4059,pip fruit,9.0
4059,root vegetables,9.0
4059,yogurt,8.0
4059,margarine,8.0
4059,dishes,8.0
4060,ham,8.0
4060,tropical fruit,9.0
4060,pip fruit,9.0
4060,other vegetables,9.0
4060,whole milk,8.0
4060,yogurt,8.0
4060,whipped/sour cream,8.0
4060,spread cheese,8.0
4060,curd cheese,6.0
4060,ice cream,8.0
4060,sugar,6.0
4060,baking powder,6.0
4060,fruit/vegetable juice,8.0
4060,salty snack,8.0
4060,waffles,6.0
4060,decalcifier,8.0
4060,hygiene articles,7.0
4060,napkins,7.0
4060,light bulbs,8.0
4061,whole milk,8.0
4061,yogurt,8.0
4061,whipped/sour cream,8.0
4061,beverages,8.0
4061,brown bread,6.0
4064,sausage,8.0
4064,citrus fruit,9.0
4064,other vegetables,9.0
4064,yogurt,8.0
4064,whipped/sour cream,8.0
4064,frozen meals,8.0
4064,pasta,8.0
4064,coffee,8.0
4064,bottled water,8.0
4064,shopping bags,8.0
4066,frankfurter,8.0
4066,citrus fruit,9.0
4066,onions,9.0
4066,other vegetables,9.0
4066,curd,8.0
4066,whipped/sour cream,8.0
4066,frozen dessert,8.0
4066,domestic eggs,8.0
4066,white bread,8.0
4066,vinegar,8.0
4066,baking powder,6.0
4068,root vegetables,9.0
4068,other vegetables,9.0
4068,whole milk,8.0
4068,hard cheese,8.0
4068,rolls/buns,8.0
4068,baking powder,6.0
4069,rolls/buns,8.0
4069,sugar,6.0
4069,coffee,8.0
4069,canned beer,8.0
4069,shopping bags,8.0
4070,berries,9.0
4070,margarine,8.0
4070,coffee,8.0
4070,specialty bar,8.0
4070,shopping bags,8.0
4072,beef,8.0
4072,hamburger meat,8.0
4072,whole milk,8.0
4072,curd,8.0
4072,yogurt,8.0
4072,cream cheese ,8.0
4072,spices,9.0
4072,pickled vegetables,8.0
4072,sweet spreads,8.0
4072,cat food,8.0
4072,soda,4.0
4072,chocolate,8.0
4072,cleaner,6.0
4073,chicken,8.0
4073,turkey,6.0
4073,whole milk,8.0
4073,butter,8.0
4073,curd,8.0
4073,cream cheese ,8.0
4074,sausage,8.0
4074,meat,8.0
4074,other vegetables,9.0
4074,yogurt,8.0
4074,whipped/sour cream,8.0
4074,domestic eggs,8.0
4074,semi-finished bread,8.0
4074,instant coffee,8.0
4074,bottled water,8.0
4074,soda,4.0
4074,bottled beer,8.0
4074,newspapers,7.0
4074,shopping bags,8.0
4079,pork,8.0
4079,root vegetables,9.0
4079,whole milk,8.0
4079,dog food,8.0
4079,soda,4.0
4079,hygiene articles,7.0
4079,shopping bags,8.0
4080,pork,8.0
4080,root vegetables,9.0
4080,other vegetables,9.0
4080,pastry,6.0
4080,shopping bags,8.0
4081,sausage,8.0
4081,hamburger meat,8.0
4081,pip fruit,9.0
4081,other vegetables,9.0
4081,butter milk,8.0
4081,mayonnaise,8.0
4081,frozen vegetables,8.0
4081,dental care,8.0
4083,tropical fruit,9.0
4083,pip fruit,9.0
4083,coffee,8.0
4083,soda,4.0
4083,fruit/vegetable juice,8.0
4083,salty snack,8.0
4084,pip fruit,9.0
4084,nuts/prunes,9.0
4084,whole milk,8.0
4084,yogurt,8.0
4084,whipped/sour cream,8.0
4084,cream cheese ,8.0
4084,rolls/buns,8.0
4084,waffles,6.0
4084,chocolate,8.0
4084,newspapers,7.0
4087,sausage,8.0
4087,meat,8.0
4087,pork,8.0
4087,citrus fruit,9.0
4087,curd,8.0
4087,UHT-milk,8.0
4087,brown bread,6.0
4087,sugar,6.0
4087,soda,4.0
4087,fruit/vegetable juice,8.0
4087,cookware,8.0
4087,house keeping products,8.0
4089,whole milk,8.0
4089,whipped/sour cream,8.0
4089,hard cheese,8.0
4089,rolls/buns,8.0
4089,semi-finished bread,8.0
4089,pet care,8.0
4089,newspapers,7.0
4090,berries,9.0
4090,other vegetables,9.0
4090,whole milk,8.0
4090,sliced cheese,8.0
4090,margarine,8.0
4090,bottled water,8.0
4090,pot plants,8.0
4091,ham,8.0
4091,beef,8.0
4091,whole milk,8.0
4091,yogurt,8.0
4091,cat food,8.0
4092,curd,8.0
4092,white bread,8.0
4092,pastry,6.0
4092,soda,4.0
4092,salty snack,8.0
4092,popcorn,8.0
4092,waffles,6.0
4092,chewing gum,8.0
4092,chocolate,8.0
4092,specialty chocolate,8.0
4096,meat,8.0
4096,pip fruit,9.0
4096,root vegetables,9.0
4096,whole milk,8.0
4096,frozen vegetables,8.0
4097,citrus fruit,9.0
4097,tropical fruit,9.0
4097,whole milk,8.0
4097,butter,8.0
4097,curd,8.0
4097,yogurt,8.0
4097,whipped/sour cream,8.0
4097,rolls/buns,8.0
4097,pastry,6.0
4101,whole milk,8.0
4101,beverages,8.0
4101,frozen vegetables,8.0
4101,margarine,8.0
4101,liquor (appetizer),8.0
4101,newspapers,7.0
4105,frankfurter,8.0
4105,chicken,8.0
4105,beef,8.0
4105,hamburger meat,8.0
4105,tropical fruit,9.0
4105,other vegetables,9.0
4105,butter,8.0
4105,curd,8.0
4105,butter milk,8.0
4105,yogurt,8.0
4105,whipped/sour cream,8.0
4105,UHT-milk,8.0
4105,frozen vegetables,8.0
4105,pastry,6.0
4105,flour,6.0
4105,margarine,8.0
4105,canned fish,8.0
4105,coffee,8.0
4105,fruit/vegetable juice,8.0
4105,salty snack,8.0
4105,specialty chocolate,8.0
4107,meat,8.0
4107,tropical fruit,9.0
4107,root vegetables,9.0
4107,other vegetables,9.0
4107,whole milk,8.0
4107,butter,8.0
4107,whipped/sour cream,8.0
4107,frozen meals,8.0
4107,rolls/buns,8.0
4107,hygiene articles,7.0
4108,other vegetables,9.0
4108,yogurt,8.0
4108,pastry,6.0
4108,vinegar,8.0
4108,bottled water,8.0
4108,dishes,8.0
4111,yogurt,8.0
4111,whipped/sour cream,8.0
4111,UHT-milk,8.0
4111,baking powder,6.0
4111,bottled water,8.0
4111,soda,4.0
4112,chicken,8.0
4112,citrus fruit,9.0
4112,whole milk,8.0
4112,yogurt,8.0
4112,mustard,8.0
4112,cat food,8.0
4112,soda,4.0
4112,newspapers,7.0
4114,curd,8.0
4114,whipped/sour cream,8.0
4114,pudding powder,8.0
4114,coffee,8.0
4114,long life bakery product,4.0
4116,frankfurter,8.0
4116,pork,8.0
4116,UHT-milk,8.0
4116,rolls/buns,8.0
4116,canned fish,8.0
4116,bottled water,8.0
4116,soda,4.0
4119,tropical fruit,9.0
4119,pip fruit,9.0
4119,root vegetables,9.0
4119,curd,8.0
4119,yogurt,8.0
4119,flour,6.0
4119,margarine,8.0
4119,sugar,6.0
4119,bottled water,8.0
4119,newspapers,7.0
4120,tropical fruit,9.0
4120,pip fruit,9.0
4120,whole milk,8.0
4120,yogurt,8.0
4120,ice cream,8.0
4120,frozen dessert,8.0
4120,domestic eggs,8.0
4120,pastry,6.0
4120,flour,6.0
4120,margarine,8.0
4120,coffee,8.0
4120,cake bar,6.0
4120,napkins,7.0
4120,shopping bags,8.0
4121,sausage,8.0
4121,pip fruit,9.0
4121,rolls/buns,8.0
4121,pastry,6.0
4121,soda,4.0
4121,fruit/vegetable juice,8.0
4121,canned beer,8.0
4121,salty snack,8.0
4121,candy,8.0
4121,hygiene articles,7.0
4124,pork,8.0
4124,whole milk,8.0
4124,butter,8.0
4124,yogurt,8.0
4124,soft cheese,8.0
4124,cream cheese ,8.0
4124,coffee,8.0
4124,pot plants,8.0
4125,beef,8.0
4125,dessert,6.0
4125,frozen vegetables,8.0
4125,rice,9.0
4125,long life bakery product,4.0
4125,cling film/bags,8.0
4125,shopping bags,8.0
4126,sausage,8.0
4126,ham,8.0
4126,other vegetables,9.0
4126,beverages,8.0
4126,mayonnaise,8.0
4126,rolls/buns,8.0
4126,soda,4.0
4126,bottled beer,8.0
4126,chocolate,8.0
4126,chocolate marshmallow,8.0
4126,candy,8.0
4127,citrus fruit,9.0
4127,tropical fruit,9.0
4127,root vegetables,9.0
4127,other vegetables,9.0
4127,whole milk,8.0
4127,yogurt,8.0
4127,oil,8.0
4127,cat food,8.0
4127,soda,4.0
4127,misc. beverages,8.0
4127,fruit/vegetable juice,8.0
4127,newspapers,7.0
4128,pip fruit,9.0
4128,whole milk,8.0
4128,margarine,8.0
4128,cocoa drinks,8.0
4128,bottled water,8.0
4130,other vegetables,9.0
4130,whole milk,8.0
4130,specialty chocolate,8.0
4130,candy,8.0
4130,newspapers,7.0
4134,ham,8.0
4134,domestic eggs,8.0
4134,pastry,6.0
4134,long life bakery product,4.0
4134,waffles,6.0
4134,specialty chocolate,8.0
4134,dishes,8.0
4134,shopping bags,8.0
4137,ham,8.0
4137,onions,9.0
4137,other vegetables,9.0
4137,whole milk,8.0
4137,whipped/sour cream,8.0
4137,soft cheese,8.0
4137,sliced cheese,8.0
4137,brown bread,6.0
4137,canned vegetables,8.0
4137,sweet spreads,8.0
4137,salty snack,8.0
4137,specialty chocolate,8.0
4137,dishes,8.0
4138,chicken,8.0
4138,pork,8.0
4138,frozen vegetables,8.0
4138,soda,4.0
4138,canned beer,8.0
4138,liquor (appetizer),8.0
4138,hygiene articles,7.0
4138,newspapers,7.0
4140,whole milk,8.0
4140,pickled vegetables,8.0
4140,bottled water,8.0
4140,bottled beer,8.0
4140,chocolate,8.0
4141,frankfurter,8.0
4141,sausage,8.0
4141,ham,8.0
4141,tropical fruit,9.0
4141,rolls/buns,8.0
4141,pastry,6.0
4141,chocolate,8.0
4141,napkins,7.0
4145,citrus fruit,9.0
4145,tropical fruit,9.0
4145,other vegetables,9.0
4145,whole milk,8.0
4145,yogurt,8.0
4145,beverages,8.0
4145,cream cheese ,8.0
4145,bottled water,8.0
4145,pot plants,8.0
4153,sausage,8.0
4153,pip fruit,9.0
4153,oil,8.0
4153,cat food,8.0
4153,bottled water,8.0
4153,soda,4.0
4153,bottled beer,8.0
4153,white wine,8.0
4155,frankfurter,8.0
4155,tropical fruit,9.0
4155,root vegetables,9.0
4155,rolls/buns,8.0
4155,mustard,8.0
4155,canned fish,8.0
4155,misc. beverages,8.0
4155,bottled beer,8.0
4155,shopping bags,8.0
4156,frankfurter,8.0
4156,root vegetables,9.0
4156,whipped/sour cream,8.0
4156,rolls/buns,8.0
4156,roll products ,8.0
4156,salt,8.0
4156,shopping bags,8.0
4157,frankfurter,8.0
4157,sausage,8.0
4157,pork,8.0
4157,onions,9.0
4157,other vegetables,9.0
4157,rolls/buns,8.0
4157,semi-finished bread,8.0
4157,newspapers,7.0
4157,shopping bags,8.0
4158,tropical fruit,9.0
4158,pip fruit,9.0
4158,yogurt,8.0
4158,frozen vegetables,8.0
4158,pastry,6.0
4158,bottled beer,8.0
4159,frankfurter,8.0
4159,chicken,8.0
4159,pork,8.0
4159,citrus fruit,9.0
4159,tropical fruit,9.0
4159,pip fruit,9.0
4159,root vegetables,9.0
4159,herbs,9.0
4159,other vegetables,9.0
4159,whole milk,8.0
4159,butter milk,8.0
4159,beverages,8.0
4159,sliced cheese,8.0
4159,frozen vegetables,8.0
4159,roll products ,8.0
4159,pasta,8.0
4163,chicken,8.0
4163,other vegetables,9.0
4163,whipped/sour cream,8.0
4163,sliced cheese,8.0
4163,frozen vegetables,8.0
4163,frozen meals,8.0
4163,fruit/vegetable juice,8.0
4163,long life bakery product,4.0
4163,specialty chocolate,8.0
4164,other vegetables,9.0
4164,whipped/sour cream,8.0
4164,processed cheese,8.0
4164,frozen fruits,8.0
4164,domestic eggs,8.0
4164,rolls/buns,8.0
4164,cereals,8.0
4164,dog food,8.0
4164,specialty chocolate,8.0
4164,chocolate marshmallow,8.0
4164,napkins,7.0
4164,shopping bags,8.0
4166,sausage,8.0
4166,hamburger meat,8.0
4166,other vegetables,9.0
4166,yogurt,8.0
4166,cream cheese ,8.0
4166,meat spreads,8.0
4166,bottled water,8.0
4166,soda,4.0
4167,sausage,8.0
4167,tropical fruit,9.0
4167,whole milk,8.0
4167,yogurt,8.0
4167,whipped/sour cream,8.0
4167,white bread,8.0
4167,bottled water,8.0
4168,pork,8.0
4168,root vegetables,9.0
4168,onions,9.0
4168,other vegetables,9.0
4168,whole milk,8.0
4168,butter,8.0
4168,frozen vegetables,8.0
4168,domestic eggs,8.0
4168,rolls/buns,8.0
4168,bottled beer,8.0
4168,canned beer,8.0
4168,napkins,7.0
4170,butter milk,8.0
4170,ice cream,8.0
4170,long life bakery product,4.0
4170,chewing gum,8.0
4170,detergent,6.0
4172,chicken,8.0
4172,citrus fruit,9.0
4172,berries,9.0
4172,root vegetables,9.0
4172,yogurt,8.0
4172,soda,4.0
4173,frankfurter,8.0
4173,tropical fruit,9.0
4173,dessert,6.0
4173,UHT-milk,8.0
4173,frozen dessert,8.0
4173,pastry,6.0
4173,artif. sweetener,8.0
4173,mustard,8.0
4173,hygiene articles,7.0
4174,frankfurter,8.0
4174,whole milk,8.0
4174,frozen meals,8.0
4174,domestic eggs,8.0
4174,white bread,8.0
4174,pastry,6.0
4174,bottled beer,8.0
4174,chocolate,8.0
4175,sausage,8.0
4175,whole milk,8.0
4175,butter,8.0
4175,domestic eggs,8.0
4175,white bread,8.0
4175,margarine,8.0
4175,candy,8.0
4175,softener,8.0
4175,flower (seeds),8.0
4175,shopping bags,8.0
4179,pork,8.0
4179,whipped/sour cream,8.0
4179,hard cheese,8.0
4179,cream cheese ,8.0
4179,spread cheese,8.0
4179,mayonnaise,8.0
4179,white bread,8.0
4179,bottled water,8.0
4179,soda,4.0
4179,fruit/vegetable juice,8.0
4180,frankfurter,8.0
4180,meat,8.0
4180,pork,8.0
4180,beef,8.0
4180,hamburger meat,8.0
4180,citrus fruit,9.0
4180,root vegetables,9.0
4180,other vegetables,9.0
4180,whole milk,8.0
4180,domestic eggs,8.0
4180,brown bread,6.0
4180,cat food,8.0
4182,whipped/sour cream,8.0
4182,pet care,8.0
4182,soda,4.0
4182,canned beer,8.0
4182,softener,8.0
4182,shopping bags,8.0
4183,sausage,8.0
4183,citrus fruit,9.0
4183,root vegetables,9.0
4183,other vegetables,9.0
4183,whole milk,8.0
4183,rolls/buns,8.0
4183,brown bread,6.0
4183,cat food,8.0
4183,bottled water,8.0
4186,frankfurter,8.0
4186,root vegetables,9.0
4186,onions,9.0
4186,other vegetables,9.0
4186,butter,8.0
4186,domestic eggs,8.0
4186,pasta,8.0
4186,canned beer,8.0
4188,butter,8.0
4188,UHT-milk,8.0
4188,frozen vegetables,8.0
4188,ketchup,8.0
4188,bottled water,8.0
4188,soda,4.0
4188,bottled beer,8.0
4191,frankfurter,8.0
4191,chicken,8.0
4191,pork,8.0
4191,beef,8.0
4191,hamburger meat,8.0
4191,tropical fruit,9.0
4191,berries,9.0
4191,whole milk,8.0
4191,pastry,6.0
4191,roll products ,8.0
4191,oil,8.0
4191,margarine,8.0
4191,sugar,6.0
4191,artif. sweetener,8.0
4191,mustard,8.0
4191,soups,4.0
4191,cereals,8.0
4191,jam,8.0
4191,bottled water,8.0
4191,bottled beer,8.0
4191,candles,8.0
4191,pot plants,8.0
4192,canned beer,8.0
4192,white wine,8.0
4192,specialty chocolate,8.0
4192,seasonal products,8.0
4192,shopping bags,8.0
4193,other vegetables,9.0
4193,whole milk,8.0
4193,butter,8.0
4193,cream cheese ,8.0
4193,brown bread,6.0
4193,pastry,6.0
4193,seasonal products,8.0
4193,hair spray,7.0
4193,newspapers,7.0
4193,shopping bags,8.0
4194,pastry,6.0
4194,flour,6.0
4194,sugar,6.0
4194,baking powder,6.0
4194,coffee,8.0
4194,canned beer,8.0
4194,shopping bags,8.0
4201,berries,9.0
4201,whipped/sour cream,8.0
4201,oil,8.0
4201,dog food,8.0
4201,liquor,8.0
4201,dishes,8.0
4201,shopping bags,8.0
4205,tropical fruit,9.0
4205,other vegetables,9.0
4205,whole milk,8.0
4205,sliced cheese,8.0
4205,frozen dessert,8.0
4205,brown bread,6.0
4205,pastry,6.0
4205,semi-finished bread,8.0
4205,canned fish,8.0
4205,cat food,8.0
4205,soda,4.0
4205,napkins,7.0
4205,newspapers,7.0
4205,shopping bags,8.0
4206,finished products,8.0
4206,chicken,8.0
4206,citrus fruit,9.0
4206,root vegetables,9.0
4206,other vegetables,9.0
4206,dessert,6.0
4206,domestic eggs,8.0
4206,spices,9.0
4206,pickled vegetables,8.0
4206,bottled water,8.0
4206,soda,4.0
4206,popcorn,8.0
4206,chocolate marshmallow,8.0
4206,detergent,6.0
4209,chicken,8.0
4209,berries,9.0
4209,other vegetables,9.0
4209,pastry,6.0
4209,roll products ,8.0
4209,oil,8.0
4209,sugar,6.0
4211,herbs,9.0
4211,whole milk,8.0
4211,sliced cheese,8.0
4211,rolls/buns,8.0
4211,pastry,6.0
4211,bottled water,8.0
4211,waffles,6.0
4213,sausage,8.0
4213,root vegetables,9.0
4213,sugar,6.0
4213,sweet spreads,8.0
4213,fruit/vegetable juice,8.0
4213,bottled beer,8.0
4213,salty snack,8.0
4213,shopping bags,8.0
4214,sausage,8.0
4214,pip fruit,9.0
4214,other vegetables,9.0
4214,whole milk,8.0
4214,butter,8.0
4214,dessert,6.0
4214,butter milk,8.0
4214,yogurt,8.0
4214,whipped/sour cream,8.0
4214,hard cheese,8.0
4214,mayonnaise,8.0
4214,oil,8.0
4214,mustard,8.0
4214,baking powder,6.0
4214,popcorn,8.0
4214,long life bakery product,4.0
4214,chocolate,8.0
4214,candy,8.0
4215,tropical fruit,9.0
4215,dessert,6.0
4215,yogurt,8.0
4215,syrup,6.0
4215,hygiene articles,7.0
4217,frankfurter,8.0
4217,sausage,8.0
4217,liver loaf,8.0
4217,chicken,8.0
4217,pork,8.0
4217,root vegetables,9.0
4217,whole milk,8.0
4217,whipped/sour cream,8.0
4217,sliced cheese,8.0
4217,frozen vegetables,8.0
4217,bottled water,8.0
4217,fruit/vegetable juice,8.0
4217,salty snack,8.0
4217,long life bakery product,4.0
4219,chicken,8.0
4219,citrus fruit,9.0
4219,onions,9.0
4219,other vegetables,9.0
4219,whole milk,8.0
4219,frozen fish,8.0
4219,roll products ,8.0
4219,flour,6.0
4219,sugar,6.0
4219,pickled vegetables,8.0
4220,turkey,6.0
4220,citrus fruit,9.0
4220,butter,8.0
4220,whipped/sour cream,8.0
4220,hard cheese,8.0
4220,white bread,8.0
4222,berries,9.0
4222,root vegetables,9.0
4222,other vegetables,9.0
4222,butter milk,8.0
4222,yogurt,8.0
4222,mayonnaise,8.0
4222,zwieback,8.0
4222,shopping bags,8.0
4223,tropical fruit,9.0
4223,root vegetables,9.0
4223,other vegetables,9.0
4223,whipped/sour cream,8.0
4223,specialty cheese,8.0
4223,rolls/buns,8.0
4228,domestic eggs,8.0
4228,white bread,8.0
4228,specialty fat,8.0
4228,mustard,8.0
4228,specialty vegetables,9.0
4230,hamburger meat,8.0
4230,citrus fruit,9.0
4230,other vegetables,9.0
4230,whole milk,8.0
4230,butter,8.0
4230,rolls/buns,8.0
4230,baking powder,6.0
4230,cooking chocolate,6.0
4230,specialty chocolate,8.0
4230,male cosmetics,7.0
4231,sausage,8.0
4231,finished products,8.0
4231,hamburger meat,8.0
4231,citrus fruit,9.0
4231,tropical fruit,9.0
4231,pip fruit,9.0
4231,other vegetables,9.0
4231,butter,8.0
4231,UHT-milk,8.0
4231,specialty cheese,8.0
4231,pastry,6.0
4231,roll products ,8.0
4231,pasta,8.0
4231,organic products,9.0
4231,baking powder,6.0
4231,canned vegetables,8.0
4231,cat food,8.0
4231,chewing gum,8.0
4231,chocolate,8.0
4231,pot plants,8.0
4231,flower (seeds),8.0
4232,citrus fruit,9.0
4232,other vegetables,9.0
4232,whole milk,8.0
4232,butter,8.0
4232,pastry,6.0
4232,oil,8.0
4232,bottled water,8.0
4232,bottled beer,8.0
4232,detergent,6.0
4233,pork,8.0
4233,citrus fruit,9.0
4233,other vegetables,9.0
4233,dessert,6.0
4233,white bread,8.0
4233,kitchen towels,8.0
4233,candles,8.0
4233,newspapers,7.0
4234,pork,8.0
4234,whole milk,8.0
4234,yogurt,8.0
4234,UHT-milk,8.0
4234,sliced cheese,8.0
4234,ice cream,8.0
4234,soda,4.0
4234,fruit/vegetable juice,8.0
4234,napkins,7.0
4235,root vegetables,9.0
4235,onions,9.0
4235,other vegetables,9.0
4235,whole milk,8.0
4235,butter,8.0
4235,yogurt,8.0
4235,soft cheese,8.0
4235,domestic eggs,8.0
4235,rice,9.0
4235,bottled water,8.0
4235,soda,4.0
4236,sausage,8.0
4236,citrus fruit,9.0
4236,root vegetables,9.0
4236,whole milk,8.0
4236,waffles,6.0
4236,chocolate marshmallow,8.0
4238,herbs,9.0
4238,whole milk,8.0
4238,yogurt,8.0
4238,hard cheese,8.0
4238,domestic eggs,8.0
4238,flour,6.0
4238,margarine,8.0
4238,sugar,6.0
4238,baking powder,6.0
4238,canned fish,8.0
4238,misc. beverages,8.0
4238,canned beer,8.0
4245,whole milk,8.0
4245,white bread,8.0
4245,fruit/vegetable juice,8.0
4245,long life bakery product,4.0
4245,cake bar,6.0
4247,liver loaf,8.0
4247,chicken,8.0
4247,turkey,6.0
4247,berries,9.0
4247,packaged fruit/vegetables,9.0
4247,whole milk,8.0
4247,yogurt,8.0
4247,cream cheese ,8.0
4247,rolls/buns,8.0
4247,pastry,6.0
4247,bottled water,8.0
4247,soda,4.0
4247,bathroom cleaner,7.0
4248,frankfurter,8.0
4248,sausage,8.0
4248,pork,8.0
4248,root vegetables,9.0
4248,whole milk,8.0
4248,yogurt,8.0
4248,frozen meals,8.0
4248,bottled beer,8.0
4249,yogurt,8.0
4249,bottled water,8.0
4249,soda,4.0
4249,bottled beer,8.0
4249,chocolate,8.0
4249,female sanitary products,7.0
4252,whole milk,8.0
4252,dessert,6.0
4252,pastry,6.0
4252,bottled water,8.0
4252,soda,4.0
4252,long life bakery product,4.0
4252,chocolate,8.0
4252,napkins,7.0
4252,cling film/bags,8.0
4253,pork,8.0
4253,rolls/buns,8.0
4253,liquor,8.0
4253,salty snack,8.0
4253,popcorn,8.0
4257,chicken,8.0
4257,beef,8.0
4257,root vegetables,9.0
4257,whole milk,8.0
4257,curd,8.0
4257,whipped/sour cream,8.0
4257,flour,6.0
4257,oil,8.0
4257,sugar,6.0
4257,salty snack,8.0
4258,root vegetables,9.0
4258,other vegetables,9.0
4258,mayonnaise,8.0
4258,soda,4.0
4258,chocolate,8.0
4258,specialty chocolate,8.0
4260,citrus fruit,9.0
4260,tropical fruit,9.0
4260,coffee,8.0
4260,soda,4.0
4260,fruit/vegetable juice,8.0
4260,canned beer,8.0
4260,candy,8.0
4261,frankfurter,8.0
4261,citrus fruit,9.0
4261,berries,9.0
4261,whole milk,8.0
4261,yogurt,8.0
4261,domestic eggs,8.0
4261,salt,8.0
4261,waffles,6.0
4261,cake bar,6.0
4263,pip fruit,9.0
4263,bottled water,8.0
4263,soda,4.0
4263,fruit/vegetable juice,8.0
4263,canned beer,8.0
4263,newspapers,7.0
4269,pip fruit,9.0
4269,UHT-milk,8.0
4269,semi-finished bread,8.0
4269,cat food,8.0
4269,bottled water,8.0
4269,chocolate,8.0
4269,candy,8.0
4269,shopping bags,8.0
4272,other vegetables,9.0
4272,yogurt,8.0
4272,whipped/sour cream,8.0
4272,jam,8.0
4272,fruit/vegetable juice,8.0
4272,chocolate,8.0
4272,dishes,8.0
4272,newspapers,7.0
4280,root vegetables,9.0
4280,other vegetables,9.0
4280,whole milk,8.0
4280,butter milk,8.0
4280,processed cheese,8.0
4280,margarine,8.0
4282,sausage,8.0
4282,organic sausage,9.0
4282,pip fruit,9.0
4282,butter,8.0
4282,brown bread,6.0
4282,soda,4.0
4287,tropical fruit,9.0
4287,berries,9.0
4287,whole milk,8.0
4287,white bread,8.0
4287,margarine,8.0
4287,fruit/vegetable juice,8.0
4287,hygiene articles,7.0
4287,napkins,7.0
4287,shopping bags,8.0
4288,ham,8.0
4288,tropical fruit,9.0
4288,whole milk,8.0
4288,dessert,6.0
4288,butter milk,8.0
4288,yogurt,8.0
4288,hard cheese,8.0
4288,processed cheese,8.0
4288,white bread,8.0
4288,cat food,8.0
4288,fruit/vegetable juice,8.0
4288,napkins,7.0
4289,tropical fruit,9.0
4289,other vegetables,9.0
4289,butter,8.0
4289,whipped/sour cream,8.0
4289,semi-finished bread,8.0
4289,vinegar,8.0
4289,fruit/vegetable juice,8.0
4289,chocolate,8.0
4289,shopping bags,8.0
4291,whole milk,8.0
4291,curd,8.0
4291,pastry,6.0
4291,fruit/vegetable juice,8.0
4291,newspapers,7.0
4293,finished products,8.0
4293,fruit/vegetable juice,8.0
4293,white wine,8.0
4293,chocolate,8.0
4293,pot plants,8.0
4294,berries,9.0
4294,whole milk,8.0
4294,butter,8.0
4294,domestic eggs,8.0
4294,cake bar,6.0
4295,other vegetables,9.0
4295,bottled beer,8.0
4295,canned beer,8.0
4295,white wine,8.0
4295,detergent,6.0
4295,softener,8.0
4295,newspapers,7.0
4297,onions,9.0
4297,whole milk,8.0
4297,butter,8.0
4297,yogurt,8.0
4297,frozen fish,8.0
4297,fruit/vegetable juice,8.0
4302,turkey,6.0
4302,pip fruit,9.0
4302,other vegetables,9.0
4302,dessert,6.0
4302,brown bread,6.0
4302,soda,4.0
4303,pip fruit,9.0
4303,root vegetables,9.0
4303,whole milk,8.0
4303,yogurt,8.0
4303,white bread,8.0
4303,soda,4.0
4303,chocolate,8.0
4303,hygiene articles,7.0
4304,pip fruit,9.0
4304,rolls/buns,8.0
4304,bottled water,8.0
4304,soda,4.0
4304,newspapers,7.0
4307,pork,8.0
4307,root vegetables,9.0
4307,other vegetables,9.0
4307,whole milk,8.0
4307,whipped/sour cream,8.0
4307,domestic eggs,8.0
4307,pastry,6.0
4307,baking powder,6.0
4311,ham,8.0
4311,pork,8.0
4311,whole milk,8.0
4311,pastry,6.0
4311,roll products ,8.0
4311,flour,6.0
4311,sweet spreads,8.0
4311,soda,4.0
4311,bottled beer,8.0
4312,whole milk,8.0
4312,baking powder,6.0
4312,waffles,6.0
4312,cleaner,6.0
4312,newspapers,7.0
4313,beef,8.0
4313,whole milk,8.0
4313,butter,8.0
4313,yogurt,8.0
4313,frozen vegetables,8.0
4313,domestic eggs,8.0
4313,rolls/buns,8.0
4313,coffee,8.0
4313,bottled beer,8.0
4313,skin care,7.0
4314,pip fruit,9.0
4314,other vegetables,9.0
4314,curd,8.0
4314,yogurt,8.0
4314,whipped/sour cream,8.0
4314,sugar,6.0
4314,canned vegetables,8.0
4314,fruit/vegetable juice,8.0
4324,beef,8.0
4324,other vegetables,9.0
4324,UHT-milk,8.0
4324,margarine,8.0
4324,fruit/vegetable juice,8.0
4324,newspapers,7.0
4325,sausage,8.0
4325,ham,8.0
4325,whole milk,8.0
4325,rolls/buns,8.0
4325,fruit/vegetable juice,8.0
4325,red/blush wine,8.0
4325,chocolate,8.0
4325,specialty chocolate,8.0
4325,candy,8.0
4325,house keeping products,8.0
4325,shopping bags,8.0
4327,pork,8.0
4327,whole milk,8.0
4327,butter,8.0
4327,curd cheese,6.0
4327,frozen vegetables,8.0
4327,rolls/buns,8.0
4327,brown bread,6.0
4327,pastry,6.0
4330,root vegetables,9.0
4330,herbs,9.0
4330,other vegetables,9.0
4330,whole milk,8.0
4330,yogurt,8.0
4330,rolls/buns,8.0
4330,flour,6.0
4330,margarine,8.0
4330,cereals,8.0
4330,fruit/vegetable juice,8.0
4330,pot plants,8.0
4333,tropical fruit,9.0
4333,whole milk,8.0
4333,curd,8.0
4333,yogurt,8.0
4333,whipped/sour cream,8.0
4333,soft cheese,8.0
4333,domestic eggs,8.0
4333,napkins,7.0
4336,chicken,8.0
4336,beef,8.0
4336,hamburger meat,8.0
4336,pip fruit,9.0
4336,grapes,8.0
4336,root vegetables,9.0
4336,whole milk,8.0
4336,butter,8.0
4336,dessert,6.0
4336,yogurt,8.0
4336,whipped/sour cream,8.0
4336,cream cheese ,8.0
4336,pastry,6.0
4336,bottled water,8.0
4336,fruit/vegetable juice,8.0
4339,pork,8.0
4339,tropical fruit,9.0
4339,pip fruit,9.0
4339,other vegetables,9.0
4339,whipped/sour cream,8.0
4339,beverages,8.0
4339,white bread,8.0
4339,bottled beer,8.0
4339,kitchen towels,8.0
4343,sausage,8.0
4343,chicken,8.0
4343,pork,8.0
4343,beef,8.0
4343,root vegetables,9.0
4343,other vegetables,9.0
4343,yogurt,8.0
4343,mayonnaise,8.0
4343,spices,9.0
4343,chocolate,8.0
4343,candles,8.0
4344,pork,8.0
4344,root vegetables,9.0
4344,yogurt,8.0
4344,UHT-milk,8.0
4344,vinegar,8.0
4344,oil,8.0
4344,soda,4.0
4344,newspapers,7.0
4345,pork,8.0
4345,beef,8.0
4345,hamburger meat,8.0
4345,other vegetables,9.0
4345,whole milk,8.0
4345,rolls/buns,8.0
4346,tropical fruit,9.0
4346,pip fruit,9.0
4346,root vegetables,9.0
4346,other vegetables,9.0
4346,whole milk,8.0
4346,bottled water,8.0
4347,frankfurter,8.0
4347,sausage,8.0
4347,pork,8.0
4347,onions,9.0
4347,herbs,9.0
4347,whole milk,8.0
4347,sliced cheese,8.0
4347,curd cheese,6.0
4347,domestic eggs,8.0
4347,rolls/buns,8.0
4347,bottled beer,8.0
4347,candy,8.0
4349,sausage,8.0
4349,chicken,8.0
4349,whole milk,8.0
4349,butter,8.0
4349,beverages,8.0
4349,white wine,8.0
4354,pork,8.0
4354,root vegetables,9.0
4354,other vegetables,9.0
4354,whole milk,8.0
4354,domestic eggs,8.0
4354,pastry,6.0
4355,pip fruit,9.0
4355,root vegetables,9.0
4355,other vegetables,9.0
4355,whole milk,8.0
4355,rolls/buns,8.0
4355,brown bread,6.0
4355,canned beer,8.0
4355,newspapers,7.0
4355,pot plants,8.0
4358,beef,8.0
4358,other vegetables,9.0
4358,soft cheese,8.0
4358,pastry,6.0
4358,long life bakery product,5.0
4358,specialty chocolate,8.0
4360,sausage,8.0
4360,citrus fruit,9.0
4360,other vegetables,9.0
4360,specialty cheese,8.0
4360,baking powder,6.0
4360,bottled water,8.0
4360,detergent,6.0
4360,newspapers,7.0
4361,onions,9.0
4361,whole milk,8.0
4361,domestic eggs,8.0
4361,rolls/buns,8.0
4361,margarine,8.0
4361,bottled water,8.0
4361,newspapers,7.0
4363,frankfurter,8.0
4363,beef,8.0
4363,grapes,8.0
4363,other vegetables,9.0
4363,bottled beer,8.0
4363,red/blush wine,8.0
4363,napkins,7.0
4363,newspapers,7.0
4364,ham,8.0
4364,UHT-milk,8.0
4364,cream cheese ,8.0
4364,coffee,8.0
4364,bottled water,8.0
4364,napkins,7.0
4367,frankfurter,8.0
4367,hamburger meat,8.0
4367,berries,9.0
4367,onions,9.0
4367,other vegetables,9.0
4367,whole milk,8.0
4367,curd,8.0
4367,dessert,6.0
4367,rolls/buns,8.0
4367,cake bar,6.0
4367,newspapers,7.0
4369,other vegetables,9.0
4369,whole milk,8.0
4369,curd,8.0
4369,cream cheese ,8.0
4369,frozen vegetables,8.0
4369,roll products ,8.0
4369,sugar,6.0
4369,soda,5.0
4369,bottled beer,8.0
4369,salty snack,8.0
4369,popcorn,8.0
4372,pip fruit,9.0
4372,root vegetables,9.0
4372,onions,9.0
4372,other vegetables,9.0
4372,frozen vegetables,8.0
4372,pastry,6.0
4374,frankfurter,8.0
4374,chicken,8.0
4374,root vegetables,9.0
4374,whole milk,8.0
4374,domestic eggs,8.0
4374,flower (seeds),8.0
4375,frankfurter,8.0
4375,sausage,8.0
4375,beef,8.0
4375,tropical fruit,9.0
4375,berries,9.0
4375,root vegetables,9.0
4375,other vegetables,9.0
4375,whole milk,8.0
4375,yogurt,8.0
4375,beverages,8.0
4375,soft cheese,8.0
4375,specialty cheese,8.0
4375,frozen fish,8.0
4375,rolls/buns,8.0
4376,citrus fruit,9.0
4376,tropical fruit,9.0
4376,pip fruit,9.0
4376,root vegetables,9.0
4376,other vegetables,9.0
4378,other vegetables,9.0
4378,whole milk,8.0
4378,frozen vegetables,8.0
4378,semi-finished bread,8.0
4378,vinegar,8.0
4378,dog food,8.0
4378,salty snack,8.0
4378,long life bakery product,5.0
4378,pot plants,8.0
4381,pork,8.0
4381,citrus fruit,9.0
4381,other vegetables,9.0
4381,whole milk,8.0
4381,butter,8.0
4381,whipped/sour cream,8.0
4381,ice cream,8.0
4381,margarine,8.0
4381,sugar,6.0
4381,baking powder,6.0
4381,coffee,8.0
4381,newspapers,7.0
4382,citrus fruit,9.0
4382,whole milk,8.0
4382,yogurt,8.0
4382,whipped/sour cream,8.0
4382,rolls/buns,8.0
4383,sausage,8.0
4383,whole milk,8.0
4383,sliced cheese,8.0
4383,rolls/buns,8.0
4383,brown bread,6.0
4383,bottled beer,8.0
4385,citrus fruit,9.0
4385,butter,8.0
4385,condensed milk,8.0
4385,frozen meals,8.0
4385,margarine,8.0
4385,male cosmetics,7.0
4385,newspapers,7.0
4387,ham,8.0
4387,tropical fruit,9.0
4387,white bread,8.0
4387,pastry,6.0
4387,waffles,6.0
4387,specialty bar,8.0
4389,sausage,8.0
4389,chicken,8.0
4389,root vegetables,9.0
4389,other vegetables,9.0
4389,yogurt,8.0
4389,whipped/sour cream,8.0
4389,rolls/buns,8.0
4389,pastry,6.0
4390,sausage,8.0
4390,citrus fruit,9.0
4390,yogurt,8.0
4390,tidbits,8.0
4390,domestic eggs,8.0
4390,rolls/buns,8.0
4390,meat spreads,8.0
4390,soda,5.0
4391,sausage,8.0
4391,ham,8.0
4391,tropical fruit,9.0
4391,whole milk,8.0
4391,yogurt,8.0
4391,spread cheese,8.0
4391,rolls/buns,8.0
4391,zwieback,8.0
4391,long life bakery product,5.0
4391,napkins,7.0
4391,newspapers,7.0
4393,beef,8.0
4393,citrus fruit,9.0
4393,tropical fruit,9.0
4393,whole milk,8.0
4393,butter milk,8.0
4393,frozen vegetables,8.0
4393,rolls/buns,8.0
4393,brown bread,6.0
4393,pickled vegetables,8.0
4395,onions,9.0
4395,other vegetables,9.0
4395,whole milk,8.0
4395,butter,8.0
4395,butter milk,8.0
4395,whipped/sour cream,8.0
4395,ice cream,8.0
4395,rolls/buns,8.0
4395,bottled beer,8.0
4395,long life bakery product,5.0
4395,dental care,8.0
4395,napkins,7.0
4395,newspapers,7.0
4396,sausage,8.0
4396,citrus fruit,9.0
4396,root vegetables,9.0
4396,other vegetables,9.0
4396,rolls/buns,8.0
4396,soda,5.0
4396,fruit/vegetable juice,8.0
4396,bottled beer,8.0
4396,dental care,8.0
4397,sausage,8.0
4397,other vegetables,9.0
4397,rolls/buns,8.0
4397,canned vegetables,8.0
4397,coffee,8.0
4397,soda,5.0
4397,dish cleaner,8.0
4398,yogurt,8.0
4398,rolls/buns,8.0
4398,brown bread,6.0
4398,salty snack,8.0
4398,pot plants,8.0
4399,chicken,8.0
4399,herbs,9.0
4399,other vegetables,9.0
4399,butter,8.0
4399,brown bread,6.0
4399,pastry,6.0
4399,margarine,8.0
4399,candy,8.0
4400,beef,8.0
4400,hamburger meat,8.0
4400,pip fruit,9.0
4400,root vegetables,9.0
4400,whole milk,8.0
4400,butter milk,8.0
4400,yogurt,8.0
4400,whipped/sour cream,8.0
4400,pasta,8.0
4400,sugar,6.0
4400,cereals,8.0
4403,tropical fruit,9.0
4403,berries,9.0
4403,herbs,9.0
4403,rice,9.0
4403,shopping bags,8.0
4405,tropical fruit,9.0
4405,root vegetables,9.0
4405,other vegetables,9.0
4405,yogurt,8.0
4405,whipped/sour cream,8.0
4405,rolls/buns,8.0
4405,margarine,8.0
4405,instant coffee,8.0
4405,soda,5.0
4405,newspapers,7.0
4406,sausage,8.0
4406,chicken,8.0
4406,whole milk,8.0
4406,processed cheese,8.0
4406,frozen vegetables,8.0
4406,rolls/buns,8.0
4406,rice,9.0
4406,margarine,8.0
4406,sugar,6.0
4406,pickled vegetables,8.0
4406,hygiene articles,7.0
4410,citrus fruit,9.0
4410,root vegetables,9.0
4410,other vegetables,9.0
4410,whole milk,8.0
4410,butter,8.0
4410,curd,8.0
4410,oil,8.0
4410,canned vegetables,8.0
4410,hygiene articles,7.0
4410,newspapers,7.0
4412,turkey,6.0
4412,root vegetables,9.0
4412,other vegetables,9.0
4412,whole milk,8.0
4412,rolls/buns,8.0
4412,bottled water,8.0
4412,detergent,6.0
4412,dishes,8.0
4413,sausage,8.0
4413,UHT-milk,8.0
4413,pastry,6.0
4413,margarine,8.0
4413,canned fish,8.0
4413,cat food,8.0
4413,waffles,6.0
4415,hamburger meat,8.0
4415,citrus fruit,9.0
4415,herbs,9.0
4415,other vegetables,9.0
4415,whole milk,8.0
4415,butter,8.0
4415,domestic eggs,8.0
4415,pasta,8.0
4415,Instant food products,8.0
4415,pickled vegetables,8.0
4415,bottled water,8.0
4415,misc. beverages,8.0
4415,bottled beer,8.0
4415,hygiene articles,7.0
4416,chicken,8.0
4416,root vegetables,9.0
4416,onions,9.0
4416,other vegetables,9.0
4416,whole milk,8.0
4416,butter,8.0
4416,yogurt,8.0
4416,hard cheese,8.0
4416,specialty cheese,8.0
4416,rice,9.0
4416,sugar,6.0
4417,turkey,6.0
4417,tropical fruit,9.0
4417,pip fruit,9.0
4417,root vegetables,9.0
4417,herbs,9.0
4417,other vegetables,9.0
4417,packaged fruit/vegetables,9.0
4417,whole milk,8.0
4417,butter milk,8.0
4417,yogurt,8.0
4417,specialty cheese,8.0
4417,rolls/buns,8.0
4417,oil,8.0
4417,cat food,8.0
4417,coffee,8.0
4417,bottled water,8.0
4417,fruit/vegetable juice,8.0
4417,candy,8.0
4417,dish cleaner,8.0
4419,tropical fruit,9.0
4419,whole milk,8.0
4419,butter,8.0
4419,domestic eggs,8.0
4419,bottled water,8.0
4419,misc. beverages,8.0
4419,canned beer,8.0
4420,beef,8.0
4420,citrus fruit,9.0
4420,tropical fruit,9.0
4420,pip fruit,9.0
4420,berries,9.0
4420,root vegetables,9.0
4420,other vegetables,9.0
4420,whole milk,8.0
4420,dessert,6.0
4420,sliced cheese,8.0
4420,rolls/buns,8.0
4420,flour,6.0
4420,sugar,6.0
4420,pickled vegetables,8.0
4420,tea,8.0
4420,soda,5.0
4420,bottled beer,8.0
4420,chocolate,8.0
4420,napkins,7.0
4420,newspapers,7.0
4421,pork,8.0
4421,beef,8.0
4421,root vegetables,9.0
4421,other vegetables,9.0
4421,frozen vegetables,8.0
4421,margarine,8.0
4421,white wine,8.0
4423,root vegetables,9.0
4423,whole milk,8.0
4423,honey,9.0
4423,pudding powder,8.0
4423,newspapers,7.0
4427,tropical fruit,9.0
4427,whole milk,8.0
4427,curd,8.0
4427,yogurt,8.0
4427,rolls/buns,8.0
4427,specialty bar,8.0
4429,sausage,8.0
4429,ham,8.0
4429,pork,8.0
4429,other vegetables,9.0
4429,whole milk,8.0
4429,dessert,6.0
4429,whipped/sour cream,8.0
4429,semi-finished bread,8.0
4429,pudding powder,8.0
4429,fruit/vegetable juice,8.0
4429,salty snack,8.0
4429,long life bakery product,5.0
4430,turkey,6.0
4430,pork,8.0
4430,citrus fruit,9.0
4430,pip fruit,9.0
4430,frozen meals,8.0
4430,waffles,6.0
4430,chocolate,8.0
4430,hygiene articles,7.0
4430,shopping bags,8.0
4431,frankfurter,8.0
4431,sausage,8.0
4431,liver loaf,8.0
4431,beef,8.0
4431,tropical fruit,9.0
4431,pip fruit,9.0
4431,root vegetables,9.0
4431,onions,9.0
4431,whole milk,8.0
4431,butter,8.0
4431,yogurt,8.0
4431,whipped/sour cream,8.0
4431,sliced cheese,8.0
4431,cream cheese ,8.0
4431,frozen meals,8.0
4431,frozen potato products,8.0
4431,domestic eggs,8.0
4431,rolls/buns,8.0
4431,roll products ,8.0
4431,salt,8.0
4431,rice,9.0
4431,margarine,8.0
4431,jam,8.0
4431,coffee,8.0
4431,long life bakery product,5.0
4431,waffles,6.0
4431,hygiene articles,7.0
4432,chicken,8.0
4432,pork,8.0
4432,whole milk,8.0
4432,coffee,8.0
4432,soda,5.0
4432,canned beer,8.0
4432,napkins,7.0
4432,newspapers,7.0
4433,tropical fruit,9.0
4433,root vegetables,9.0
4433,whole milk,8.0
4433,whipped/sour cream,8.0
4433,frozen vegetables,8.0
4433,domestic eggs,8.0
4433,red/blush wine,8.0
4434,chicken,8.0
4434,pork,8.0
4434,citrus fruit,9.0
4434,berries,9.0
4434,yogurt,8.0
4435,root vegetables,9.0
4435,yogurt,8.0
4435,brown bread,6.0
4435,pastry,6.0
4435,flour,6.0
4435,bottled water,8.0
4435,pot plants,8.0
4436,chicken,8.0
4436,tropical fruit,9.0
4436,rolls/buns,8.0
4436,pastry,6.0
4436,bottled water,8.0
4436,red/blush wine,8.0
4436,chocolate,8.0
4436,newspapers,7.0
4440,tropical fruit,9.0
4440,whole milk,8.0
4440,domestic eggs,8.0
4440,pastry,6.0
4440,margarine,8.0
4440,coffee,8.0
4440,dental care,8.0
4440,hygiene articles,7.0
4440,cling film/bags,8.0
4444,pork,8.0
4444,pip fruit,9.0
4444,root vegetables,9.0
4444,other vegetables,9.0
4444,curd,8.0
4444,butter milk,8.0
4444,margarine,8.0
4444,newspapers,7.0
4445,pork,8.0
4445,tropical fruit,9.0
4445,root vegetables,9.0
4445,whipped/sour cream,8.0
4445,frozen vegetables,8.0
4445,roll products ,8.0
4446,pip fruit,9.0
4446,other vegetables,9.0
4446,yogurt,8.0
4446,whipped/sour cream,8.0
4446,domestic eggs,8.0
4446,brown bread,6.0
4446,specialty vegetables,9.0
4446,coffee,8.0
4446,specialty chocolate,8.0
4446,pot plants,8.0
4448,citrus fruit,9.0
4448,tropical fruit,9.0
4448,pip fruit,9.0
4448,other vegetables,9.0
4448,yogurt,8.0
4448,UHT-milk,8.0
4448,cream cheese ,8.0
4448,fruit/vegetable juice,8.0
4448,hygiene articles,7.0
4448,pot plants,8.0
4449,frankfurter,8.0
4449,turkey,6.0
4449,citrus fruit,9.0
4449,whole milk,8.0
4449,curd,8.0
4449,frozen potato products,8.0
4449,rolls/buns,8.0
4449,white bread,8.0
4449,pastry,6.0
4449,semi-finished bread,8.0
4449,pickled vegetables,8.0
4449,sweet spreads,8.0
4449,bottled water,8.0
4449,soda,5.0
4449,fruit/vegetable juice,8.0
4449,bottled beer,8.0
4449,white wine,8.0
4449,prosecco,8.0
4449,chocolate,8.0
4449,candy,8.0
4450,sausage,8.0
4450,beef,8.0
4450,tropical fruit,9.0
4450,other vegetables,9.0
4450,butter,8.0
4450,yogurt,8.0
4450,UHT-milk,8.0
4450,condensed milk,8.0
4450,sliced cheese,8.0
4450,salt,8.0
4450,soups,5.0
4450,sweet spreads,8.0
4450,newspapers,7.0
4451,root vegetables,9.0
4451,other vegetables,9.0
4451,whole milk,8.0
4451,sliced cheese,8.0
4451,rolls/buns,8.0
4451,cat food,8.0
4451,shopping bags,8.0
4453,tropical fruit,9.0
4453,UHT-milk,8.0
4453,brown bread,6.0
4453,Instant food products,8.0
4453,napkins,7.0
4454,pip fruit,9.0
4454,root vegetables,9.0
4454,ice cream,8.0
4454,rolls/buns,8.0
4454,syrup,6.0
4454,canned beer,8.0
4455,sausage,8.0
4455,tropical fruit,9.0
4455,whole milk,8.0
4455,dessert,6.0
4455,butter milk,8.0
4455,yogurt,8.0
4455,soft cheese,8.0
4455,sliced cheese,8.0
4455,ice cream,8.0
4455,white bread,8.0
4455,coffee,8.0
4455,soda,5.0
4455,salty snack,8.0
4455,long life bakery product,5.0
4455,chewing gum,8.0
4455,chocolate,8.0
4455,napkins,7.0
4455,newspapers,7.0
4455,shopping bags,8.0
4456,curd,8.0
4456,yogurt,8.0
4456,domestic eggs,8.0
4456,white bread,8.0
4456,instant coffee,8.0
4456,long life bakery product,5.0
4457,beef,8.0
4457,root vegetables,9.0
4457,other vegetables,9.0
4457,whole milk,8.0
4457,curd,8.0
4457,domestic eggs,8.0
4457,soda,5.0
4457,fruit/vegetable juice,8.0
4458,frankfurter,8.0
4458,root vegetables,9.0
4458,bottled water,8.0
4458,canned beer,8.0
4458,hygiene articles,7.0
4459,root vegetables,9.0
4459,other vegetables,9.0
4459,UHT-milk,8.0
4459,hard cheese,8.0
4459,rolls/buns,8.0
4459,sweet spreads,8.0
4459,salty snack,8.0
4459,popcorn,8.0
4459,waffles,6.0
4459,cake bar,6.0
4459,specialty bar,8.0
4460,frankfurter,8.0
4460,pip fruit,9.0
4460,root vegetables,9.0
4460,other vegetables,9.0
4460,whole milk,8.0
4460,butter milk,8.0
4460,organic products,9.0
4460,soda,5.0
4461,hamburger meat,8.0
4461,root vegetables,9.0
4461,other vegetables,9.0
4461,whole milk,8.0
4461,soft cheese,8.0
4461,house keeping products,8.0
4461,newspapers,7.0
4463,tropical fruit,9.0
4463,grapes,8.0
4463,root vegetables,9.0
4463,other vegetables,9.0
4463,rolls/buns,8.0
4463,tea,8.0
4463,bottled beer,8.0
4467,frankfurter,8.0
4467,meat,8.0
4467,chicken,8.0
4467,ice cream,8.0
4467,domestic eggs,8.0
4467,pastry,6.0
4467,pasta,8.0
4467,sugar,6.0
4467,coffee,8.0
4467,newspapers,7.0
4472,hamburger meat,8.0
4472,pip fruit,9.0
4472,root vegetables,9.0
4472,other vegetables,9.0
4472,whole milk,8.0
4472,whipped/sour cream,8.0
4472,cream cheese ,8.0
4472,brown bread,6.0
4472,soups,5.0
4472,sauces,8.0
4476,chicken,8.0
4476,pork,8.0
4476,other vegetables,9.0
4476,whole milk,8.0
4476,bottled water,8.0
4477,soft cheese,8.0
4477,rolls/buns,8.0
4477,brown bread,6.0
4477,syrup,6.0
4477,newspapers,7.0
4477,shopping bags,8.0
4480,hamburger meat,8.0
4480,grapes,8.0
4480,root vegetables,9.0
4480,other vegetables,9.0
4480,softener,8.0
4480,kitchen towels,8.0
4480,pot plants,8.0
4485,whole milk,8.0
4485,butter,8.0
4485,yogurt,8.0
4485,rolls/buns,8.0
4485,candles,8.0
4485,newspapers,7.0
4488,frankfurter,8.0
4488,other vegetables,9.0
4488,cream cheese ,8.0
4488,sweet spreads,8.0
4488,long life bakery product,5.0
4488,napkins,7.0
4490,hamburger meat,8.0
4490,condensed milk,8.0
4490,pastry,6.0
4490,fruit/vegetable juice,8.0
4490,salty snack,8.0
4490,candles,8.0
4492,sausage,8.0
4492,other vegetables,9.0
4492,whole milk,8.0
4492,dessert,6.0
4492,domestic eggs,8.0
4492,rolls/buns,8.0
4492,white bread,8.0
4492,bottled water,8.0
4492,soda,5.0
4492,chocolate,8.0
4492,detergent,6.0
4492,shopping bags,8.0
4493,yogurt,8.0
4493,UHT-milk,8.0
4493,frozen dessert,8.0
4493,bottled water,8.0
4493,bottled beer,8.0
4494,sausage,8.0
4494,root vegetables,9.0
4494,other vegetables,9.0
4494,whole milk,8.0
4494,oil,8.0
4494,mustard,8.0
4494,specialty chocolate,8.0
4494,newspapers,7.0
4499,chicken,8.0
4499,beef,8.0
4499,root vegetables,9.0
4499,other vegetables,9.0
4499,whole milk,8.0
4499,whipped/sour cream,8.0
4499,pasta,8.0
4499,soda,5.0
4504,chicken,8.0
4504,pork,8.0
4504,other vegetables,9.0
4504,UHT-milk,8.0
4504,white bread,8.0
4504,pastry,6.0
4504,pasta,8.0
4504,soda,5.0
4504,specialty bar,8.0
4505,beef,8.0
4505,root vegetables,9.0
4505,other vegetables,9.0
4505,whole milk,8.0
4505,domestic eggs,8.0
4505,rolls/buns,8.0
4505,brown bread,6.0
4505,soda,5.0
4505,fruit/vegetable juice,8.0
4505,red/blush wine,8.0
4505,snack products,8.0
4505,dishes,8.0
4505,light bulbs,8.0
4505,shopping bags,8.0
4506,root vegetables,9.0
4506,packaged fruit/vegetables,9.0
4506,rolls/buns,8.0
4506,sugar,6.0
4506,liquor,8.0
4513,whole milk,8.0
4513,frozen vegetables,8.0
4513,frozen meals,8.0
4513,cereals,8.0
4513,bottled beer,8.0
4516,other vegetables,9.0
4516,dessert,6.0
4516,cream cheese ,8.0
4516,rolls/buns,8.0
4516,white bread,8.0
4516,margarine,8.0
4516,salty snack,8.0
4516,waffles,6.0
4516,specialty bar,8.0
4516,female sanitary products,7.0
4516,newspapers,7.0
4517,fish,8.0
4517,tropical fruit,9.0
4517,pip fruit,9.0
4517,berries,9.0
4517,whole milk,8.0
4517,curd,8.0
4517,yogurt,8.0
4517,whipped/sour cream,8.0
4517,condensed milk,8.0
4517,instant coffee,8.0
4517,long life bakery product,5.0
4517,cake bar,6.0
4517,napkins,7.0
4518,pip fruit,9.0
4518,beverages,8.0
4518,frozen vegetables,8.0
4518,frozen meals,8.0
4518,bottled water,8.0
4518,soda,5.0
4518,salty snack,8.0
4519,citrus fruit,9.0
4519,tropical fruit,9.0
4519,pip fruit,9.0
4519,root vegetables,9.0
4519,onions,9.0
4519,other vegetables,9.0
4519,whole milk,8.0
4519,yogurt,8.0
4519,rolls/buns,8.0
4519,brown bread,6.0
4519,soda,5.0
4519,fruit/vegetable juice,8.0
4521,meat,8.0
4521,curd,8.0
4521,yogurt,8.0
4521,ice cream,8.0
4521,oil,8.0
4521,canned fish,8.0
4521,soda,5.0
4521,fruit/vegetable juice,8.0
4521,seasonal products,8.0
4522,pork,8.0
4522,onions,9.0
4522,other vegetables,9.0
4522,whole milk,8.0
4522,curd,8.0
4522,butter milk,8.0
4522,whipped/sour cream,8.0
4522,rolls/buns,8.0
4522,liquor (appetizer),8.0
4522,salty snack,8.0
4522,waffles,6.0
4522,newspapers,7.0
4523,sausage,8.0
4523,pip fruit,9.0
4523,root vegetables,9.0
4523,whole milk,8.0
4523,yogurt,8.0
4523,frozen potato products,8.0
4523,pasta,8.0
4523,bottled water,8.0
4523,fruit/vegetable juice,8.0
4524,pip fruit,9.0
4524,root vegetables,9.0
4524,UHT-milk,8.0
4524,condensed milk,8.0
4524,margarine,8.0
4524,sugar,6.0
4524,pudding powder,8.0
4524,cocoa drinks,8.0
4524,fruit/vegetable juice,8.0
4524,chocolate,8.0
4528,liver loaf,8.0
4528,pip fruit,9.0
4528,root vegetables,9.0
4528,frozen vegetables,8.0
4528,salty snack,8.0
4529,meat,8.0
4529,root vegetables,9.0
4529,other vegetables,9.0
4529,fruit/vegetable juice,8.0
4529,white wine,8.0
4530,root vegetables,9.0
4530,soda,5.0
4530,red/blush wine,8.0
4530,prosecco,8.0
4530,waffles,6.0
4531,citrus fruit,9.0
4531,tropical fruit,9.0
4531,root vegetables,9.0
4531,other vegetables,9.0
4531,whole milk,8.0
4534,dessert,6.0
4534,cream cheese ,8.0
4534,mayonnaise,8.0
4534,domestic eggs,8.0
4534,pastry,6.0
4534,canned fish,8.0
4534,chocolate,8.0
4534,cleaner,6.0
4534,female sanitary products,7.0
4536,roll products ,8.0
4536,dog food,8.0
4536,soda,5.0
4536,fruit/vegetable juice,8.0
4536,bottled beer,8.0
4536,napkins,7.0
4537,sausage,8.0
4537,whole milk,8.0
4537,condensed milk,8.0
4537,semi-finished bread,8.0
4537,cat food,8.0
4539,chicken,8.0
4539,root vegetables,9.0
4539,whole milk,8.0
4539,butter,8.0
4539,yogurt,8.0
4539,sparkling wine,8.0
4539,chocolate,8.0
4539,softener,8.0
4539,female sanitary products,7.0
4539,napkins,7.0
4539,kitchen towels,8.0
4539,house keeping products,8.0
4539,newspapers,7.0
4540,meat,8.0
4540,pork,8.0
4540,pip fruit,9.0
4540,root vegetables,9.0
4540,other vegetables,9.0
4540,whole milk,8.0
4540,hard cheese,8.0
4540,white bread,8.0
4540,pasta,8.0
4540,margarine,8.0
4540,ketchup,8.0
4540,cocoa drinks,8.0
4540,chocolate,8.0
4540,cling film/bags,8.0
4541,citrus fruit,9.0
4541,berries,9.0
4541,butter,8.0
4541,butter milk,8.0
4541,yogurt,8.0
4541,sliced cheese,8.0
4541,frozen vegetables,8.0
4541,frozen chicken,8.0
4541,soda,5.0
4542,butter milk,8.0
4542,cream cheese ,8.0
4542,rolls/buns,8.0
4542,misc. beverages,8.0
4542,newspapers,7.0
4543,nuts/prunes,9.0
4543,other vegetables,9.0
4543,whole milk,8.0
4543,ice cream,8.0
4543,soda,5.0
4543,newspapers,7.0
4546,chicken,8.0
4546,other vegetables,9.0
4546,frozen vegetables,8.0
4546,canned beer,8.0
4546,shopping bags,8.0
4548,tropical fruit,9.0
4548,processed cheese,8.0
4548,domestic eggs,8.0
4548,soda,5.0
4548,bottled beer,8.0
4549,root vegetables,9.0
4549,other vegetables,9.0
4549,whole milk,8.0
4549,whipped/sour cream,8.0
4549,hard cheese,8.0
4549,frozen vegetables,8.0
4549,cat food,8.0
4549,dishes,8.0
4549,newspapers,7.0
4550,tropical fruit,9.0
4550,other vegetables,9.0
4550,rolls/buns,8.0
4550,salt,8.0
4550,margarine,8.0
4550,soda,5.0
4550,bottled beer,8.0
4550,salty snack,8.0
4551,sausage,8.0
4551,hamburger meat,8.0
4551,citrus fruit,9.0
4551,whole milk,8.0
4551,pasta,8.0
4551,soda,5.0
4551,chewing gum,8.0
4551,detergent,6.0
4551,hygiene articles,7.0
4551,kitchen towels,8.0
4554,beef,8.0
4554,other vegetables,9.0
4554,chocolate,8.0
4554,newspapers,7.0
4554,shopping bags,8.0
4556,ham,8.0
4556,other vegetables,9.0
4556,whole milk,8.0
4556,domestic eggs,8.0
4556,sweet spreads,8.0
4556,misc. beverages,8.0
4556,salty snack,8.0
4556,hygiene articles,7.0
4556,shopping bags,8.0
4558,frankfurter,8.0
4558,ham,8.0
4558,other vegetables,9.0
4558,processed cheese,8.0
4558,rolls/buns,8.0
4558,white bread,8.0
4558,potato products,9.0
4558,coffee,8.0
4558,bottled beer,8.0
4558,long life bakery product,5.0
4559,hamburger meat,8.0
4559,butter,8.0
4559,zwieback,8.0
4559,Instant food products,8.0
4559,soda,5.0
4559,misc. beverages,8.0
4563,tropical fruit,9.0
4563,pip fruit,9.0
4563,yogurt,8.0
4563,frozen vegetables,8.0
4563,artif. sweetener,8.0
4565,whole milk,8.0
4565,dessert,6.0
4565,whipped/sour cream,8.0
4565,ice cream,8.0
4565,coffee,8.0
4565,soda,5.0
4565,bottled beer,8.0
4566,sausage,8.0
4566,tropical fruit,9.0
4566,other vegetables,9.0
4566,butter,8.0
4566,butter milk,8.0
4566,whipped/sour cream,8.0
4566,processed cheese,8.0
4566,ice cream,8.0
4566,white bread,8.0
4566,spices,9.0
4566,soda,5.0
4566,fruit/vegetable juice,8.0
4566,salty snack,8.0
4569,tropical fruit,9.0
4569,whole milk,8.0
4569,yogurt,8.0
4569,whipped/sour cream,8.0
4569,rolls/buns,8.0
4569,cocoa drinks,8.0
4569,bottled water,8.0
4569,bottled beer,8.0
4569,specialty chocolate,8.0
4571,pork,8.0
4571,root vegetables,9.0
4571,herbs,9.0
4571,other vegetables,9.0
4571,whole milk,8.0
4571,processed cheese,8.0
4571,domestic eggs,8.0
4571,margarine,8.0
4571,fruit/vegetable juice,8.0
4571,hygiene articles,7.0
4575,sausage,8.0
4575,tropical fruit,9.0
4575,other vegetables,9.0
4575,whole milk,8.0
4575,domestic eggs,8.0
4575,white wine,8.0
4575,detergent,6.0
4575,softener,8.0
4581,sausage,8.0
4581,soda,5.0
4581,fruit/vegetable juice,8.0
4581,salty snack,8.0
4581,chewing gum,8.0
4581,shopping bags,8.0
4586,whole milk,8.0
4586,dessert,6.0
4586,pastry,6.0
4586,Instant food products,8.0
4586,canned fish,8.0
4586,soda,5.0
4586,bottled beer,8.0
4586,red/blush wine,8.0
4586,napkins,7.0
4586,candles,8.0
4588,ham,8.0
4588,hamburger meat,8.0
4588,whole milk,8.0
4588,processed cheese,8.0
4588,white bread,8.0
4588,potato products,9.0
4588,artif. sweetener,8.0
4588,instant coffee,8.0
4588,bottled water,8.0
4588,soda,5.0
4588,fruit/vegetable juice,8.0
4588,salty snack,8.0
4588,specialty bar,8.0
4588,detergent,6.0
4588,shopping bags,8.0
4593,finished products,8.0
4593,citrus fruit,9.0
4593,tropical fruit,9.0
4593,grapes,8.0
4593,berries,9.0
4593,root vegetables,9.0
4593,other vegetables,9.0
4593,whole milk,8.0
4593,spread cheese,8.0
4593,brown bread,6.0
4593,pastry,6.0
4593,potato products,9.0
4593,fruit/vegetable juice,8.0
4593,chocolate,8.0
4593,pot plants,8.0
4593,shopping bags,8.0
4599,frankfurter,8.0
4599,curd,8.0
4599,frozen potato products,8.0
4599,soda,5.0
4599,dish cleaner,8.0
4604,citrus fruit,9.0
4604,pip fruit,9.0
4604,pickled vegetables,8.0
4604,bottled water,8.0
4604,newspapers,7.0
4607,tropical fruit,9.0
4607,dessert,6.0
4607,bottled water,8.0
4607,soda,5.0
4607,bottled beer,8.0
4607,white wine,8.0
4607,napkins,7.0
4610,onions,9.0
4610,other vegetables,9.0
4610,whole milk,8.0
4610,yogurt,8.0
4610,domestic eggs,8.0
4610,pastry,6.0
4610,dishes,8.0
4610,shopping bags,8.0
4612,tropical fruit,9.0
4612,yogurt,8.0
4612,sliced cheese,8.0
4612,brown bread,6.0
4612,margarine,8.0
4612,bottled water,8.0
4612,soda,5.0
4612,candy,8.0
4612,newspapers,7.0
4613,hamburger meat,8.0
4613,other vegetables,9.0
4613,whole milk,8.0
4613,spread cheese,8.0
4613,soda,5.0
4613,canned beer,8.0
4613,chocolate,8.0
4613,specialty bar,8.0
4614,pip fruit,9.0
4614,whole milk,8.0
4614,coffee,8.0
4614,bottled water,8.0
4614,fruit/vegetable juice,8.0
4614,bottled beer,8.0
4616,pork,8.0
4616,tropical fruit,9.0
4616,pip fruit,9.0
4616,whole milk,8.0
4616,whipped/sour cream,8.0
4616,detergent,6.0
4616,softener,8.0
4616,napkins,7.0
4616,shopping bags,8.0
4620,butter,8.0
4620,sliced cheese,8.0
4620,frozen meals,8.0
4620,pastry,6.0
4620,soda,5.0
4620,fruit/vegetable juice,8.0
4620,chocolate,8.0
4620,specialty bar,8.0
4622,tropical fruit,9.0
4622,whole milk,8.0
4622,butter milk,8.0
4622,UHT-milk,8.0
4622,rolls/buns,8.0
4625,sausage,8.0
4625,yogurt,8.0
4625,pastry,6.0
4625,canned fish,8.0
4625,shopping bags,8.0
4626,frankfurter,8.0
4626,other vegetables,9.0
4626,whole milk,8.0
4626,butter,8.0
4626,rolls/buns,8.0
4626,margarine,8.0
4626,Instant food products,8.0
4626,canned beer,8.0
4626,detergent,6.0
4627,meat,8.0
4627,root vegetables,9.0
4627,other vegetables,9.0
4627,yogurt,8.0
4627,whipped/sour cream,8.0
4627,hard cheese,8.0
4627,frozen fruits,8.0
4627,ice cream,8.0
4627,domestic eggs,8.0
4627,sweet spreads,8.0
4627,long life bakery product,5.0
4627,shopping bags,8.0
4629,tropical fruit,9.0
4629,berries,9.0
4629,root vegetables,9.0
4629,other vegetables,9.0
4629,yogurt,8.0
4629,cream cheese ,8.0
4629,rolls/buns,8.0
4629,soda,5.0
4629,shopping bags,8.0
4635,sausage,8.0
4635,root vegetables,9.0
4635,whole milk,8.0
4635,butter milk,8.0
4635,yogurt,8.0
4635,rolls/buns,8.0
4635,pastry,6.0
4637,frankfurter,8.0
4637,sausage,8.0
4637,citrus fruit,9.0
4637,pip fruit,9.0
4637,margarine,8.0
4639,whole milk,8.0
4639,butter,8.0
4639,yogurt,8.0
4639,beverages,8.0
4639,dishes,8.0
4643,citrus fruit,9.0
4643,tropical fruit,9.0
4643,pip fruit,9.0
4643,grapes,8.0
4643,root vegetables,9.0
4643,other vegetables,9.0
4643,rolls/buns,8.0
4643,pastry,6.0
4643,jam,8.0
4643,cat food,8.0
4644,butter,8.0
4644,yogurt,8.0
4644,cream cheese ,8.0
4644,spread cheese,8.0
4644,rolls/buns,8.0
4644,bottled water,8.0
4644,soda,5.0
4644,fruit/vegetable juice,8.0
4644,newspapers,7.0
4648,butter,8.0
4648,sliced cheese,8.0
4648,frozen meals,8.0
4648,rolls/buns,8.0
4648,brown bread,6.0
4648,fruit/vegetable juice,8.0
4648,long life bakery product,5.0
4652,tropical fruit,9.0
4652,pip fruit,9.0
4652,whole milk,8.0
4652,curd,8.0
4652,yogurt,8.0
4652,brown bread,6.0
4652,pastry,6.0
4652,cereals,8.0
4660,sausage,8.0
4660,citrus fruit,9.0
4660,butter,8.0
4660,domestic eggs,8.0
4660,rolls/buns,8.0
4660,margarine,8.0
4660,soda,5.0
4664,whole milk,8.0
4664,brown bread,6.0
4664,pastry,6.0
4664,pasta,8.0
4664,margarine,8.0
4664,sugar,6.0
4664,soda,5.0
4664,canned beer,8.0
4665,citrus fruit,9.0
4665,other vegetables,9.0
4665,whole milk,8.0
4665,mayonnaise,8.0
4665,rolls/buns,8.0
4665,waffles,6.0
4666,pork,8.0
4666,citrus fruit,9.0
4666,pip fruit,9.0
4666,other vegetables,9.0
4666,whole milk,8.0
4666,pudding powder,8.0
4673,meat,8.0
4673,other vegetables,9.0
4673,whole milk,8.0
4673,rolls/buns,8.0
4673,sugar,6.0
4673,coffee,8.0
4673,bottled water,8.0
4673,fruit/vegetable juice,8.0
4674,whole milk,8.0
4674,rolls/buns,8.0
4674,brown bread,6.0
4674,bottled water,8.0
4674,bottled beer,8.0
4680,sausage,8.0
4680,citrus fruit,9.0
4680,other vegetables,9.0
4680,whipped/sour cream,8.0
4680,frozen vegetables,8.0
4680,margarine,8.0
4680,bottled beer,8.0
4680,hygiene articles,7.0
4681,beef,8.0
4681,whole milk,8.0
4681,curd,8.0
4681,yogurt,8.0
4681,hard cheese,8.0
4681,domestic eggs,8.0
4681,rolls/buns,8.0
4681,white bread,8.0
4681,oil,8.0
4681,misc. beverages,8.0
4681,cling film/bags,8.0
4681,house keeping products,8.0
4682,organic sausage,9.0
4682,turkey,6.0
4682,tropical fruit,9.0
4682,pip fruit,9.0
4682,root vegetables,9.0
4682,other vegetables,9.0
4682,whole milk,8.0
4682,dessert,6.0
4682,butter milk,8.0
4682,yogurt,8.0
4682,cream cheese ,8.0
4682,processed cheese,8.0
4682,white bread,8.0
4682,sauces,8.0
4682,bottled beer,8.0
4682,waffles,6.0
4682,candy,8.0
4686,meat,8.0
4686,pip fruit,9.0
4686,dessert,6.0
4686,processed cheese,8.0
4686,domestic eggs,8.0
4686,rolls/buns,8.0
4686,white bread,8.0
4686,brown bread,6.0
4686,pastry,6.0
4686,semi-finished bread,8.0
4686,candy,8.0
4686,cookware,8.0
4687,tropical fruit,9.0
4687,root vegetables,9.0
4687,other vegetables,9.0
4687,whole milk,8.0
4687,yogurt,8.0
4687,soft cheese,8.0
4687,domestic eggs,8.0
4687,rolls/buns,8.0
4687,margarine,8.0
4687,mustard,8.0
4687,bottled water,8.0
4691,tropical fruit,9.0
4691,berries,9.0
4691,whipped/sour cream,8.0
4691,rolls/buns,8.0
4691,pickled vegetables,8.0
4691,coffee,8.0
4691,soda,5.0
4691,long life bakery product,5.0
4693,sausage,8.0
4693,hamburger meat,8.0
4693,citrus fruit,9.0
4693,whole milk,8.0
4693,yogurt,8.0
4693,white bread,8.0
4694,frankfurter,8.0
4694,sausage,8.0
4694,rolls/buns,8.0
4694,soda,5.0
4694,liquor,8.0
4694,shopping bags,8.0
4695,meat,8.0
4695,root vegetables,9.0
4695,other vegetables,9.0
4695,whipped/sour cream,8.0
4695,frozen meals,8.0
4695,ice cream,8.0
4697,chicken,8.0
4697,pork,8.0
4697,tropical fruit,9.0
4697,whipped/sour cream,8.0
4697,oil,8.0
4697,coffee,8.0
4697,soda,5.0
4697,shopping bags,8.0
4699,cream cheese ,8.0
4699,oil,8.0
4699,canned beer,8.0
4699,waffles,6.0
4699,hygiene articles,7.0
4699,candles,8.0
4701,citrus fruit,9.0
4701,onions,9.0
4701,beverages,8.0
4701,margarine,8.0
4701,bottled beer,8.0
4701,napkins,7.0
4703,sausage,8.0
4703,hard cheese,8.0
4703,rolls/buns,8.0
4703,specialty fat,8.0
4703,mustard,8.0
4703,long life bakery product,5.0
4703,seasonal products,8.0
4703,napkins,7.0
4703,dishes,8.0
4706,citrus fruit,9.0
4706,pip fruit,9.0
4706,root vegetables,9.0
4706,whole milk,8.0
4706,oil,8.0
4707,beef,8.0
4707,root vegetables,9.0
4707,other vegetables,9.0
4707,frozen vegetables,8.0
4707,ice cream,8.0
4707,rolls/buns,8.0
4707,sugar,6.0
4712,meat,8.0
4712,pork,8.0
4712,tropical fruit,9.0
4712,root vegetables,9.0
4712,other vegetables,9.0
4714,meat,8.0
4714,other vegetables,9.0
4714,whole milk,8.0
4714,rolls/buns,8.0
4714,shopping bags,8.0
4715,sausage,8.0
4715,tropical fruit,9.0
4715,pip fruit,9.0
4715,curd,8.0
4715,beverages,8.0
4715,bottled beer,8.0
4716,frankfurter,8.0
4716,sausage,8.0
4716,tropical fruit,9.0
4716,root vegetables,9.0
4716,whole milk,8.0
4716,sliced cheese,8.0
4716,frozen vegetables,8.0
4716,mustard,8.0
4716,pickled vegetables,8.0
4716,salty snack,8.0
4719,whole milk,8.0
4719,soft cheese,8.0
4719,sliced cheese,8.0
4719,domestic eggs,8.0
4719,rolls/buns,8.0
4722,pip fruit,9.0
4722,other vegetables,9.0
4722,whole milk,8.0
4722,yogurt,8.0
4722,pasta,8.0
4722,oil,8.0
4725,liver loaf,8.0
4725,chicken,8.0
4725,other vegetables,9.0
4725,frozen vegetables,8.0
4725,margarine,8.0
4725,detergent,6.0
4725,softener,8.0
4726,citrus fruit,9.0
4726,pip fruit,9.0
4726,whole milk,8.0
4726,cream cheese ,8.0
4726,sweet spreads,8.0
4726,long life bakery product,5.0
4726,cake bar,6.0
4726,napkins,7.0
4731,pork,8.0
4731,other vegetables,9.0
4731,whole milk,8.0
4731,frozen potato products,8.0
4731,flour,6.0
4731,oil,8.0
4739,pip fruit,9.0
4739,whole milk,8.0
4739,white bread,8.0
4739,brown bread,6.0
4739,margarine,8.0
4739,sweet spreads,8.0
4739,fruit/vegetable juice,8.0
4739,newspapers,7.0
4741,frankfurter,8.0
4741,other vegetables,9.0
4741,whipped/sour cream,8.0
4741,specialty cheese,8.0
4741,domestic eggs,8.0
4741,rolls/buns,8.0
4741,hygiene articles,7.0
4741,napkins,7.0
4746,frankfurter,8.0
4746,sausage,8.0
4746,berries,9.0
4746,butter,8.0
4746,yogurt,8.0
4746,whipped/sour cream,8.0
4746,cream cheese ,8.0
4746,domestic eggs,8.0
4746,margarine,8.0
4746,shopping bags,8.0
4752,pastry,6.0
4752,oil,8.0
4752,bottled beer,8.0
4752,chocolate,8.0
4752,specialty chocolate,8.0
4754,tropical fruit,9.0
4754,pip fruit,9.0
4754,root vegetables,9.0
4754,liquor,8.0
4754,detergent,6.0
4754,dishes,8.0
4754,newspapers,7.0
4760,root vegetables,9.0
4760,other vegetables,9.0
4760,whole milk,8.0
4760,soups,5.0
4760,bottled beer,8.0
4761,sausage,8.0
4761,whole milk,8.0
4761,frozen vegetables,8.0
4761,frozen meals,8.0
4761,domestic eggs,8.0
4761,rolls/buns,8.0
4761,fruit/vegetable juice,8.0
4761,cake bar,6.0
4766,soda,5.0
4766,bottled beer,8.0
4766,liquor,8.0
4766,red/blush wine,8.0
4766,napkins,7.0
4769,tropical fruit,9.0
4769,pip fruit,9.0
4769,sugar,6.0
4769,napkins,7.0
4769,cling film/bags,8.0
4769,shopping bags,8.0
4770,liver loaf,8.0
4770,root vegetables,9.0
4770,onions,9.0
4770,UHT-milk,8.0
4770,cream cheese ,8.0
4770,soda,5.0
4770,flower (seeds),8.0
4773,root vegetables,9.0
4773,other vegetables,9.0
4773,yogurt,8.0
4773,baking powder,6.0
4773,brandy,8.0
4773,shopping bags,8.0
4774,hamburger meat,8.0
4774,tropical fruit,9.0
4774,other vegetables,9.0
4774,whole milk,8.0
4774,butter,8.0
4774,yogurt,8.0
4774,whipped/sour cream,8.0
4774,hard cheese,8.0
4774,white bread,8.0
4774,Instant food products,8.0
4774,tea,8.0
4774,soda,5.0
4774,bottled beer,8.0
4774,specialty bar,8.0
4778,tropical fruit,9.0
4778,butter,8.0
4778,rolls/buns,8.0
4778,canned fish,8.0
4778,dog food,8.0
4778,shopping bags,8.0
4781,liver loaf,8.0
4781,root vegetables,9.0
4781,other vegetables,9.0
4781,whole milk,8.0
4781,frozen vegetables,8.0
4781,margarine,8.0
4784,root vegetables,9.0
4784,other vegetables,9.0
4784,whole milk,8.0
4784,frozen fish,8.0
4784,honey,9.0
4784,Instant food products,8.0
4784,canned fish,8.0
4784,dishes,8.0
4785,cream cheese ,8.0
4785,instant coffee,8.0
4785,salty snack,8.0
4785,waffles,6.0
4785,kitchen towels,8.0
4785,shopping bags,8.0
4795,whole milk,8.0
4795,yogurt,8.0
4795,cream cheese ,8.0
4795,rolls/buns,8.0
4795,roll products ,8.0
4795,chocolate,8.0
4796,sausage,8.0
4796,pickled vegetables,8.0
4796,soda,5.0
4796,skin care,7.0
4796,shopping bags,8.0
4798,pork,8.0
4798,pip fruit,9.0
4798,packaged fruit/vegetables,9.0
4798,dessert,6.0
4798,frozen vegetables,8.0
4798,pasta,8.0
4798,margarine,8.0
4798,chocolate marshmallow,8.0
4798,detergent,6.0
4798,softener,8.0
4816,whole milk,8.0
4816,curd,8.0
4816,dessert,6.0
4816,misc. beverages,8.0
4816,chocolate marshmallow,8.0
4816,cling film/bags,8.0
4816,house keeping products,8.0
4816,newspapers,7.0
4821,other vegetables,9.0
4821,whole milk,8.0
4821,dessert,6.0
4821,sliced cheese,8.0
4821,hard cheese,8.0
4821,oil,8.0
4821,coffee,8.0
4821,soda,5.0
4821,fruit/vegetable juice,8.0
4821,seasonal products,8.0
4826,beef,8.0
4826,yogurt,8.0
4826,cream cheese ,8.0
4826,frozen meals,8.0
4826,cat food,8.0
4826,newspapers,7.0
4828,hamburger meat,8.0
4828,whole milk,8.0
4828,curd,8.0
4828,dessert,6.0
4828,rolls/buns,8.0
4828,oil,8.0
4828,spices,9.0
4828,sauces,8.0
4828,soda,5.0
4828,cake bar,6.0
4828,napkins,7.0
4828,shopping bags,8.0
4829,citrus fruit,9.0
4829,root vegetables,9.0
4829,onions,9.0
4829,whole milk,8.0
4829,brown bread,6.0
4833,cream cheese ,8.0
4833,ice cream,8.0
4833,pastry,6.0
4833,specialty chocolate,8.0
4833,rubbing alcohol,6.0
4839,meat,8.0
4839,finished products,8.0
4839,other vegetables,9.0
4839,rolls/buns,8.0
4839,brown bread,6.0
4839,soda,5.0
4839,white wine,8.0
4841,hamburger meat,8.0
4841,other vegetables,9.0
4841,whole milk,8.0
4841,oil,8.0
4841,sugar,6.0
4841,baking powder,6.0
4841,canned beer,8.0
4841,baby cosmetics,8.0
4842,root vegetables,9.0
4842,other vegetables,9.0
4842,yogurt,8.0
4842,rolls/buns,8.0
4842,bottled water,8.0
4842,chocolate,8.0
4842,napkins,7.0
4843,chicken,8.0
4843,whole milk,8.0
4843,whipped/sour cream,8.0
4843,rolls/buns,8.0
4843,white bread,8.0
4843,fruit/vegetable juice,8.0
4843,popcorn,8.0
4843,photo/film,8.0
4846,pip fruit,9.0
4846,condensed milk,8.0
4846,sugar,6.0
4846,coffee,8.0
4846,bottled water,8.0
4846,long life bakery product,5.0
4847,sausage,8.0
4847,other vegetables,9.0
4847,salt,8.0
4847,male cosmetics,7.0
4847,newspapers,7.0
4848,sausage,8.0
4848,other vegetables,9.0
4848,whole milk,8.0
4848,yogurt,8.0
4848,soda,5.0
4849,whole milk,8.0
4849,butter milk,8.0
4849,yogurt,8.0
4849,rolls/buns,8.0
4849,white bread,8.0
4849,mustard,8.0
4849,pickled vegetables,8.0
4849,sweet spreads,8.0
4849,canned fish,8.0
4849,soda,5.0
4849,misc. beverages,8.0
4849,long life bakery product,5.0
4849,specialty chocolate,8.0
4849,shopping bags,8.0
4856,liver loaf,8.0
4856,whole milk,8.0
4856,yogurt,8.0
4856,condensed milk,8.0
4856,specialty cheese,8.0
4856,white bread,8.0
4860,meat,8.0
4860,citrus fruit,9.0
4860,pip fruit,9.0
4860,root vegetables,9.0
4860,bottled water,8.0
4868,sausage,8.0
4868,meat,8.0
4868,pip fruit,9.0
4868,other vegetables,9.0
4868,salty snack,8.0
4868,napkins,7.0
4875,citrus fruit,9.0
4875,berries,9.0
4875,yogurt,8.0
4875,bottled water,8.0
4875,soda,5.0
4875,fruit/vegetable juice,8.0
4875,chocolate,8.0
4875,specialty bar,8.0
4875,shopping bags,8.0
4878,sausage,8.0
4878,pork,8.0
4878,sliced cheese,8.0
4878,frozen potato products,8.0
4878,white bread,8.0
4878,soda,5.0
4878,waffles,6.0
4879,tropical fruit,9.0
4879,pip fruit,9.0
4879,grapes,8.0
4879,packaged fruit/vegetables,9.0
4879,coffee,8.0
4881,citrus fruit,9.0
4881,tropical fruit,9.0
4881,baking powder,6.0
4881,fruit/vegetable juice,8.0
4881,waffles,6.0
4881,specialty bar,8.0
4881,candles,8.0
4881,flower (seeds),8.0
4884,beef,8.0
4884,spread cheese,8.0
4884,domestic eggs,8.0
4884,cat food,8.0
4884,white wine,8.0
4884,shopping bags,8.0
4888,whole milk,8.0
4888,white bread,8.0
4888,pet care,8.0
4888,bottled water,8.0
4888,softener,8.0
4892,sausage,8.0
4892,ham,8.0
4892,soft cheese,8.0
4892,hard cheese,8.0
4892,coffee,8.0
4892,soda,5.0
4892,long life bakery product,5.0
4892,chocolate,8.0
4893,other vegetables,9.0
4893,UHT-milk,8.0
4893,semi-finished bread,8.0
4893,margarine,8.0
4893,canned vegetables,8.0
4893,bottled water,8.0
4893,cake bar,6.0
4893,shopping bags,8.0
4896,root vegetables,9.0
4896,brown bread,6.0
4896,mustard,8.0
4896,cat food,8.0
4896,canned beer,8.0
4897,frankfurter,8.0
4897,pork,8.0
4897,other vegetables,9.0
4897,whole milk,8.0
4897,butter,8.0
4897,brown bread,6.0
4897,semi-finished bread,8.0
4897,pet care,8.0
4897,canned beer,8.0
4897,waffles,6.0
4897,hygiene articles,7.0
4897,newspapers,7.0
4898,ham,8.0
4898,dessert,6.0
4898,yogurt,8.0
4898,processed cheese,8.0
4898,soda,5.0
4899,pip fruit,9.0
4899,whole milk,8.0
4899,beverages,8.0
4899,domestic eggs,8.0
4899,white bread,8.0
4903,pork,8.0
4903,onions,9.0
4903,domestic eggs,8.0
4903,pastry,6.0
4903,soda,5.0
4903,shopping bags,8.0
4911,pork,8.0
4911,tropical fruit,9.0
4911,hard cheese,8.0
4911,margarine,8.0
4911,soda,5.0
4911,bottled beer,8.0
4911,napkins,7.0
4913,whole milk,8.0
4913,brown bread,6.0
4913,margarine,8.0
4913,soda,5.0
4913,bottled beer,8.0
4921,butter milk,8.0
4921,ice cream,8.0
4921,coffee,8.0
4921,bottled water,8.0
4921,fruit/vegetable juice,8.0
4921,hygiene articles,7.0
4921,shopping bags,8.0
4924,other vegetables,9.0
4924,butter milk,8.0
4924,frozen meals,8.0
4924,ice cream,8.0
4924,pastry,6.0
4925,sausage,8.0
4925,frozen vegetables,8.0
4925,rolls/buns,8.0
4925,soda,5.0
4925,red/blush wine,8.0
4934,tropical fruit,9.0
4934,other vegetables,9.0
4934,whole milk,8.0
4934,brown bread,6.0
4934,margarine,8.0
4934,sauces,8.0
4934,sweet spreads,8.0
4934,waffles,6.0
4935,frankfurter,8.0
4935,citrus fruit,9.0
4935,pip fruit,9.0
4935,butter milk,8.0
4935,beverages,8.0
4935,frozen meals,8.0
4935,brown bread,6.0
4935,pickled vegetables,8.0
4935,shopping bags,8.0
4936,sausage,8.0
4936,rolls/buns,8.0
4936,sugar,6.0
4936,bottled water,8.0
4936,soda,5.0
4936,fruit/vegetable juice,8.0
4936,white wine,8.0
4936,male cosmetics,7.0
4937,frankfurter,8.0
4937,sausage,8.0
4937,curd,8.0
4937,processed cheese,8.0
4937,soda,5.0
4937,canned beer,8.0
4939,meat,8.0
4939,citrus fruit,9.0
4939,yogurt,8.0
4939,brown bread,6.0
4939,cat food,8.0
4939,bottled water,8.0
4939,chocolate,8.0
4939,napkins,7.0
4940,other vegetables,9.0
4940,whole milk,8.0
4940,frozen potato products,8.0
4940,white bread,8.0
4940,pastry,6.0
4940,soda,5.0
4940,fruit/vegetable juice,8.0
4940,specialty bar,8.0
4944,other vegetables,9.0
4944,whole milk,8.0
4944,mustard,8.0
4944,prosecco,8.0
4944,specialty chocolate,8.0
4944,female sanitary products,7.0
4945,sausage,8.0
4945,other vegetables,9.0
4945,dessert,6.0
4945,yogurt,8.0
4945,condensed milk,8.0
4945,hard cheese,8.0
4945,spread cheese,8.0
4945,bottled water,8.0
4945,fruit/vegetable juice,8.0
4945,shopping bags,8.0
4949,frankfurter,8.0
4949,sausage,8.0
4949,other vegetables,9.0
4949,white bread,8.0
4949,pickled vegetables,8.0
4949,waffles,6.0
4949,shopping bags,8.0
4952,brown bread,6.0
4952,soda,5.0
4952,canned beer,8.0
4952,napkins,7.0
4952,shopping bags,8.0
4953,oil,8.0
4953,soda,5.0
4953,misc. beverages,8.0
4953,canned beer,8.0
4953,brandy,8.0
4953,salty snack,8.0
4953,candy,8.0
4953,hygiene articles,7.0
4953,shopping bags,8.0
4957,citrus fruit,9.0
4957,pip fruit,9.0
4957,root vegetables,9.0
4957,whole milk,8.0
4957,coffee,8.0
4957,popcorn,8.0
4957,chewing gum,8.0
4957,detergent,6.0
4957,newspapers,7.0
4957,shopping bags,8.0
4958,citrus fruit,9.0
4958,root vegetables,9.0
4958,margarine,8.0
4958,cat food,8.0
4958,shopping bags,8.0
4959,whole milk,8.0
4959,dessert,6.0
4959,butter milk,8.0
4959,yogurt,8.0
4959,pastry,6.0
4959,margarine,8.0
4959,bottled water,8.0
4959,soda,5.0
4960,frankfurter,8.0
4960,beef,8.0
4960,fish,8.0
4960,root vegetables,9.0
4960,whole milk,8.0
4960,butter,8.0
4960,yogurt,8.0
4960,rolls/buns,8.0
4960,roll products ,8.0
4963,sausage,8.0
4963,beverages,8.0
4963,sliced cheese,8.0
4963,rolls/buns,8.0
4963,soda,5.0
4963,shopping bags,8.0
4964,sausage,8.0
4964,meat,8.0
4964,dessert,6.0
4964,rolls/buns,8.0
4964,instant coffee,8.0
4964,soda,5.0
4964,canned beer,8.0
4968,liver loaf,8.0
4968,root vegetables,9.0
4968,other vegetables,9.0
4968,processed cheese,8.0
4968,pastry,6.0
4968,sugar,6.0
4968,detergent,6.0
4970,beef,8.0
4970,hamburger meat,8.0
4970,other vegetables,9.0
4970,rolls/buns,8.0
4970,sugar,6.0
4970,white wine,8.0
4970,hygiene articles,7.0
4970,newspapers,7.0
4974,citrus fruit,9.0
4974,pip fruit,9.0
4974,root vegetables,9.0
4974,UHT-milk,8.0
4974,coffee,8.0
4974,candles,8.0
4976,frankfurter,8.0
4976,meat,8.0
4976,root vegetables,9.0
4976,onions,9.0
4976,other vegetables,9.0
4976,whole milk,8.0
4976,yogurt,8.0
4976,UHT-milk,8.0
4976,rolls/buns,8.0
4976,oil,8.0
4976,mustard,8.0
4976,canned fish,8.0
4976,coffee,8.0
4976,newspapers,7.0
4976,shopping bags,8.0
4980,frankfurter,8.0
4980,sausage,8.0
4980,meat,8.0
4980,tropical fruit,9.0
4980,brown bread,6.0
4980,bottled water,8.0
4982,meat,8.0
4982,chicken,8.0
4982,root vegetables,9.0
4982,onions,9.0
4982,whole milk,8.0
4982,soda,5.0
4985,brown bread,6.0
4985,pasta,8.0
4985,oil,8.0
4985,margarine,8.0
4985,soda,5.0
4985,newspapers,7.0
4991,frankfurter,8.0
4991,sausage,8.0
4991,whole milk,8.0
4991,butter milk,8.0
4991,yogurt,8.0
4991,sliced cheese,8.0
4991,hard cheese,8.0
4991,rolls/buns,8.0
4991,pastry,6.0
4991,pickled vegetables,8.0
4991,newspapers,7.0
4994,beef,8.0
4994,citrus fruit,9.0
4994,root vegetables,9.0
4994,yogurt,8.0
4994,whipped/sour cream,8.0
4994,brown bread,6.0
4994,napkins,7.0
4994,newspapers,7.0
4996,frankfurter,8.0
4996,tropical fruit,9.0
4996,other vegetables,9.0
4996,rolls/buns,8.0
4996,bottled water,8.0
4996,soda,5.0
4996,fruit/vegetable juice,8.0
4996,salty snack,8.0
4996,waffles,6.0
5002,finished products,8.0
5002,turkey,6.0
5002,grapes,8.0
5002,onions,9.0
5002,other vegetables,9.0
5002,whole milk,8.0
5002,butter milk,8.0
5002,yogurt,8.0
5002,whipped/sour cream,8.0
5002,hard cheese,8.0
5002,frozen vegetables,8.0
5002,fruit/vegetable juice,8.0
5002,napkins,7.0
5003,pork,8.0
5003,beef,8.0
5003,pip fruit,9.0
5003,root vegetables,9.0
5003,whole milk,8.0
5003,rice,9.0
5003,newspapers,7.0
5004,pork,8.0
5004,tropical fruit,9.0
5004,yogurt,8.0
5004,frozen vegetables,8.0
5004,rolls/buns,8.0
5004,margarine,8.0
5004,spices,9.0
5007,pork,8.0
5007,whole milk,8.0
5007,rolls/buns,8.0
5007,detergent,6.0
5007,hygiene articles,7.0
5007,napkins,7.0
5011,sausage,8.0
5011,meat,8.0
5011,rolls/buns,8.0
5011,brown bread,6.0
5011,meat spreads,8.0
5011,soda,5.0
5011,canned beer,8.0
5011,shopping bags,8.0
5016,hamburger meat,8.0
5016,whipped/sour cream,8.0
5016,cream cheese ,8.0
5016,rolls/buns,8.0
5016,pasta,8.0
5016,canned fish,8.0
5016,popcorn,8.0
5019,frankfurter,8.0
5019,chicken,8.0
5019,hamburger meat,8.0
5019,other vegetables,9.0
5019,dessert,6.0
5019,UHT-milk,8.0
5019,oil,8.0
5019,canned vegetables,8.0
5019,cake bar,6.0
5022,processed cheese,8.0
5022,soda,5.0
5022,bottled beer,8.0
5022,liquor,8.0
5022,red/blush wine,8.0
5022,napkins,7.0
5024,ham,8.0
5024,citrus fruit,9.0
5024,tropical fruit,9.0
5024,pip fruit,9.0
5024,processed cheese,8.0
5024,white bread,8.0
5024,shopping bags,8.0
5025,sausage,8.0
5025,hamburger meat,8.0
5025,pip fruit,9.0
5025,root vegetables,9.0
5025,whole milk,8.0
5025,chocolate,8.0
5028,pip fruit,9.0
5028,other vegetables,9.0
5028,butter milk,8.0
5028,hard cheese,8.0
5028,rolls/buns,8.0
5028,seasonal products,8.0
5028,napkins,7.0
5034,pork,8.0
5034,other vegetables,9.0
5034,whole milk,8.0
5034,rolls/buns,8.0
5034,semi-finished bread,8.0
5034,artif. sweetener,8.0
5034,fruit/vegetable juice,8.0
5034,cake bar,6.0
5034,specialty bar,8.0
5034,skin care,7.0
5037,dessert,6.0
5037,spread cheese,8.0
5037,rolls/buns,8.0
5037,brown bread,6.0
5037,soda,5.0
5037,canned beer,8.0
5037,newspapers,7.0
5045,chicken,8.0
5045,root vegetables,9.0
5045,whole milk,8.0
5045,rolls/buns,8.0
5045,pasta,8.0
5045,newspapers,7.0
5049,citrus fruit,9.0
5049,tropical fruit,9.0
5049,root vegetables,9.0
5049,other vegetables,9.0
5049,whole milk,8.0
5049,butter,8.0
5049,yogurt,8.0
5049,soft cheese,8.0
5049,cream cheese ,8.0
5049,domestic eggs,8.0
5049,white bread,8.0
5049,margarine,8.0
5049,coffee,8.0
5049,waffles,6.0
5049,specialty bar,8.0
5049,chocolate marshmallow,8.0
5052,finished products,8.0
5052,beef,8.0
5052,pip fruit,9.0
5052,root vegetables,9.0
5052,bottled water,8.0
5052,shopping bags,8.0
5054,ham,8.0
5054,processed cheese,8.0
5054,rolls/buns,8.0
5054,white bread,8.0
5054,fruit/vegetable juice,8.0
5054,canned beer,8.0
5054,long life bakery product,5.0
5054,waffles,6.0
5054,chocolate,8.0
5054,specialty bar,8.0
5056,pastry,6.0
5056,semi-finished bread,8.0
5056,coffee,8.0
5056,bottled water,8.0
5056,misc. beverages,8.0
5057,tropical fruit,9.0
5057,pip fruit,9.0
5057,grapes,8.0
5057,semi-finished bread,8.0
5057,bottled water,8.0
5057,soda,5.0
5057,chewing gum,8.0
5058,citrus fruit,9.0
5058,tropical fruit,9.0
5058,yogurt,8.0
5058,UHT-milk,8.0
5058,pastry,6.0
5063,sausage,8.0
5063,whole milk,8.0
5063,yogurt,8.0
5063,whipped/sour cream,8.0
5063,pastry,6.0
5063,fruit/vegetable juice,8.0
5063,candy,8.0
5067,sausage,8.0
5067,tropical fruit,9.0
5067,root vegetables,9.0
5067,onions,9.0
5067,other vegetables,9.0
5067,whole milk,8.0
5067,white bread,8.0
5067,chewing gum,8.0
5070,pork,8.0
5070,citrus fruit,9.0
5070,other vegetables,9.0
5070,dessert,6.0
5070,yogurt,8.0
5073,rolls/buns,8.0
5073,pastry,6.0
5073,mustard,8.0
5073,soda,5.0
5073,cake bar,6.0
5078,ham,8.0
5078,tropical fruit,9.0
5078,other vegetables,9.0
5078,whole milk,8.0
5078,yogurt,8.0
5078,curd cheese,6.0
5078,rolls/buns,8.0
5078,flour,6.0
5078,margarine,8.0
5078,hygiene articles,7.0
5078,shopping bags,8.0
5083,frankfurter,8.0
5083,tropical fruit,9.0
5083,root vegetables,9.0
5083,whole milk,8.0
5083,sugar,6.0
5083,mustard,8.0
5083,popcorn,8.0
5087,pork,8.0
5087,soda,5.0
5087,fruit/vegetable juice,8.0
5087,bottled beer,8.0
5087,liquor,8.0
5090,root vegetables,9.0
5090,herbs,9.0
5090,other vegetables,9.0
5090,cream cheese ,8.0
5090,frozen vegetables,8.0
5090,jam,8.0
5090,canned fish,8.0
5090,coffee,8.0
5102,frankfurter,8.0
5102,meat,8.0
5102,butter milk,8.0
5102,tidbits,8.0
5102,domestic eggs,8.0
5102,brown bread,6.0
5102,sugar,6.0
5102,pickled vegetables,8.0
5107,beef,8.0
5107,hamburger meat,8.0
5107,root vegetables,9.0
5107,other vegetables,9.0
5107,butter,8.0
5107,curd,8.0
5107,dessert,6.0
5107,yogurt,8.0
5107,cream cheese ,8.0
5107,frozen meals,8.0
5107,pastry,6.0
5107,potato products,9.0
5107,Instant food products,8.0
5107,soda,5.0
5107,napkins,7.0
5107,house keeping products,8.0
5107,newspapers,7.0
5111,other vegetables,9.0
5111,whipped/sour cream,8.0
5111,rolls/buns,8.0
5111,waffles,6.0
5111,hygiene articles,7.0
5111,newspapers,7.0
5114,pip fruit,9.0
5114,whipped/sour cream,8.0
5114,hard cheese,8.0
5114,bottled water,8.0
5114,fruit/vegetable juice,8.0
5115,citrus fruit,9.0
5115,other vegetables,9.0
5115,whole milk,8.0
5115,butter,8.0
5115,oil,8.0
5115,detergent,6.0
5116,meat,8.0
5116,rolls/buns,8.0
5116,white bread,8.0
5116,semi-finished bread,8.0
5116,flour,6.0
5116,meat spreads,8.0
5128,meat,8.0
5128,citrus fruit,9.0
5128,tropical fruit,9.0
5128,root vegetables,9.0
5128,other vegetables,9.0
5128,whole milk,8.0
5128,butter,8.0
5128,yogurt,8.0
5128,sliced cheese,8.0
5128,frozen vegetables,8.0
5128,rice,9.0
5128,Instant food products,8.0
5128,baking powder,6.0
5128,bottled water,8.0
5128,syrup,6.0
5128,female sanitary products,7.0
5128,photo/film,8.0
5131,tropical fruit,9.0
5131,whole milk,8.0
5131,domestic eggs,8.0
5131,rolls/buns,8.0
5131,pet care,8.0
5131,bottled water,8.0
5131,hygiene articles,7.0
5132,frozen vegetables,8.0
5132,frozen dessert,8.0
5132,semi-finished bread,8.0
5132,margarine,8.0
5132,long life bakery product,5.0
5132,candy,8.0
5132,detergent,6.0
5134,root vegetables,9.0
5134,herbs,9.0
5134,other vegetables,9.0
5134,whole milk,8.0
5134,yogurt,8.0
5134,whipped/sour cream,8.0
5134,frozen vegetables,8.0
5134,frozen fruits,8.0
5134,baking powder,6.0
5134,pickled vegetables,8.0
5134,fruit/vegetable juice,8.0
5134,sparkling wine,8.0
5134,long life bakery product,5.0
5134,shopping bags,8.0
5135,fish,8.0
5135,frozen meals,8.0
5135,domestic eggs,8.0
5135,bottled beer,8.0
5135,liquor (appetizer),8.0
5135,dishes,8.0
5135,newspapers,7.0
5137,berries,9.0
5137,oil,8.0
5137,bottled water,8.0
5137,cake bar,6.0
5137,house keeping products,8.0
5137,shopping bags,8.0
5141,pip fruit,9.0
5141,root vegetables,9.0
5141,frozen vegetables,8.0
5141,frozen potato products,8.0
5141,pastry,6.0
5141,fruit/vegetable juice,8.0
5141,napkins,7.0
5149,citrus fruit,9.0
5149,tropical fruit,9.0
5149,pip fruit,9.0
5149,condensed milk,8.0
5149,frozen meals,8.0
5149,meat spreads,8.0
5149,canned fish,8.0
5149,coffee,8.0
5149,canned beer,8.0
5149,salty snack,8.0
5149,cling film/bags,8.0
5149,kitchen towels,8.0
5149,shopping bags,8.0
5151,ham,8.0
5151,onions,9.0
5151,whipped/sour cream,8.0
5151,hard cheese,8.0
5151,bottled beer,8.0
5151,hygiene articles,7.0
5151,shopping bags,8.0
5153,tropical fruit,9.0
5153,yogurt,8.0
5153,UHT-milk,8.0
5153,cream cheese ,8.0
5153,processed cheese,8.0
5153,white bread,8.0
5153,sugar,6.0
5156,tropical fruit,9.0
5156,yogurt,8.0
5156,salt,8.0
5156,specialty vegetables,9.0
5156,bottled beer,8.0
5163,other vegetables,9.0
5163,dessert,6.0
5163,white bread,8.0
5163,dog food,8.0
5163,flower soil/fertilizer,8.0
5164,frankfurter,8.0
5164,tropical fruit,9.0
5164,other vegetables,9.0
5164,whole milk,8.0
5164,butter,8.0
5164,frozen meals,8.0
5164,fruit/vegetable juice,8.0
5169,tropical fruit,9.0
5169,other vegetables,9.0
5169,whole milk,8.0
5169,mayonnaise,8.0
5169,brown bread,6.0
5169,canned fish,8.0
5169,soda,5.0
5169,misc. beverages,8.0
5169,bottled beer,8.0
5169,dental care,8.0
5171,berries,9.0
5171,rolls/buns,8.0
5171,pastry,6.0
5171,fruit/vegetable juice,8.0
5171,canned beer,8.0
5172,other vegetables,9.0
5172,brown bread,6.0
5172,pastry,6.0
5172,bottled water,8.0
5172,canned beer,8.0
5174,meat,8.0
5174,yogurt,8.0
5174,cream cheese ,8.0
5174,brown bread,6.0
5174,meat spreads,8.0
5174,canned fish,8.0
5179,processed cheese,8.0
5179,white bread,8.0
5179,sugar,6.0
5179,cat food,8.0
5179,soda,5.0
5179,fruit/vegetable juice,8.0
5179,candy,8.0
5179,shopping bags,8.0
5183,tropical fruit,9.0
5183,dessert,6.0
5183,yogurt,8.0
5183,soda,5.0
5183,candy,8.0
5185,tropical fruit,9.0
5185,pip fruit,9.0
5185,processed cheese,8.0
5185,rolls/buns,8.0
5185,misc. beverages,8.0
5185,fruit/vegetable juice,8.0
5185,candy,8.0
5189,frankfurter,8.0
5189,other vegetables,9.0
5189,rolls/buns,8.0
5189,white bread,8.0
5189,soda,5.0
5189,white wine,8.0
5189,chocolate,8.0
5189,detergent,6.0
5192,whole milk,8.0
5192,yogurt,8.0
5192,pastry,6.0
5192,sweet spreads,8.0
5192,soda,5.0
5195,beef,8.0
5195,other vegetables,9.0
5195,bottled beer,8.0
5195,red/blush wine,8.0
5195,shopping bags,8.0
5197,frankfurter,8.0
5197,tropical fruit,9.0
5197,pip fruit,9.0
5197,dessert,6.0
5197,beverages,8.0
5197,domestic eggs,8.0
5197,flour,6.0
5197,margarine,8.0
5197,Instant food products,8.0
5197,jam,8.0
5198,sausage,8.0
5198,pip fruit,9.0
5198,curd,8.0
5198,soda,5.0
5198,canned beer,8.0
5198,cake bar,6.0
5198,shopping bags,8.0
5199,whole milk,8.0
5199,yogurt,8.0
5199,spread cheese,8.0
5199,bottled water,8.0
5199,soda,5.0
5200,sausage,8.0
5200,ham,8.0
5200,pip fruit,9.0
5200,onions,9.0
5200,other vegetables,9.0
5200,hard cheese,8.0
5200,white bread,8.0
5200,bottled water,8.0
5200,shopping bags,8.0
5201,frankfurter,8.0
5201,yogurt,8.0
5201,UHT-milk,8.0
5201,frozen vegetables,8.0
5201,coffee,8.0
5201,soda,5.0
5201,fruit/vegetable juice,8.0
5201,white wine,8.0
5201,chewing gum,8.0
5201,shopping bags,8.0
5208,sausage,8.0
5208,tropical fruit,9.0
5208,butter,8.0
5208,frozen meals,8.0
5208,pasta,8.0
5208,fruit/vegetable juice,8.0
5211,tropical fruit,9.0
5211,whole milk,8.0
5211,domestic eggs,8.0
5211,red/blush wine,8.0
5211,house keeping products,8.0
5212,sausage,8.0
5212,UHT-milk,8.0
5212,brown bread,6.0
5212,oil,8.0
5212,canned beer,8.0
5212,brandy,8.0
5212,shopping bags,8.0
5216,frankfurter,8.0
5216,hamburger meat,8.0
5216,tropical fruit,9.0
5216,other vegetables,9.0
5216,whole milk,8.0
5216,yogurt,8.0
5216,whipped/sour cream,8.0
5216,rolls/buns,8.0
5216,kitchen towels,8.0
5216,newspapers,7.0
5219,butter,8.0
5219,dessert,6.0
5219,yogurt,8.0
5219,rolls/buns,8.0
5219,margarine,8.0
5219,chewing gum,8.0
5221,sausage,8.0
5221,rolls/buns,8.0
5221,bottled water,8.0
5221,soda,5.0
5221,newspapers,7.0
5221,shopping bags,8.0
5224,pip fruit,9.0
5224,butter milk,8.0
5224,UHT-milk,8.0
5224,ice cream,8.0
5224,rolls/buns,8.0
5224,male cosmetics,7.0
5224,newspapers,7.0
5229,other vegetables,9.0
5229,curd,8.0
5229,pastry,6.0
5229,pasta,8.0
5229,hygiene articles,7.0
5229,flower (seeds),8.0
5231,ice cream,8.0
5231,bottled beer,8.0
5231,prosecco,8.0
5231,dishes,8.0
5231,shopping bags,8.0
5239,root vegetables,9.0
5239,other vegetables,9.0
5239,whole milk,8.0
5239,rolls/buns,8.0
5239,sugar,6.0
5239,cereals,8.0
5239,soda,5.0
5239,soap,6.0
5241,meat,8.0
5241,pip fruit,9.0
5241,whole milk,8.0
5241,curd,8.0
5241,yogurt,8.0
5241,frozen meals,8.0
5241,pastry,6.0
5241,potato products,9.0
5241,fruit/vegetable juice,8.0
5241,bottled beer,8.0
5241,salty snack,8.0
5241,long life bakery product,5.0
5241,newspapers,7.0
5242,frankfurter,8.0
5242,ham,8.0
5242,tropical fruit,9.0
5242,pip fruit,9.0
5242,grapes,8.0
5242,other vegetables,9.0
5242,whole milk,8.0
5242,yogurt,8.0
5242,sliced cheese,8.0
5242,frozen meals,8.0
5242,frozen fish,8.0
5242,brown bread,6.0
5243,tropical fruit,9.0
5243,dessert,6.0
5243,yogurt,8.0
5243,sliced cheese,8.0
5243,cream cheese ,8.0
5243,rolls/buns,8.0
5243,brown bread,6.0
5243,canned vegetables,8.0
5243,fruit/vegetable juice,8.0
5244,chicken,8.0
5244,root vegetables,9.0
5244,other vegetables,9.0
5244,whole milk,8.0
5244,frozen vegetables,8.0
5244,domestic eggs,8.0
5244,brown bread,6.0
5244,canned vegetables,8.0
5249,chicken,8.0
5249,pork,8.0
5249,margarine,8.0
5249,specialty fat,8.0
5249,bottled beer,8.0
5257,beef,8.0
5257,tropical fruit,9.0
5257,whole milk,8.0
5257,margarine,8.0
5257,soda,5.0
5257,candles,8.0
5264,tropical fruit,9.0
5264,other vegetables,9.0
5264,UHT-milk,8.0
5264,domestic eggs,8.0
5264,pot plants,8.0
5269,pip fruit,9.0
5269,root vegetables,9.0
5269,whole milk,8.0
5269,butter,8.0
5269,curd,8.0
5269,yogurt,8.0
5269,UHT-milk,8.0
5269,specialty cheese,8.0
5269,white bread,8.0
5269,margarine,8.0
5269,cereals,8.0
5269,pickled vegetables,8.0
5269,coffee,8.0
5269,cake bar,6.0
5270,meat,8.0
5270,other vegetables,9.0
5270,whole milk,8.0
5270,hard cheese,8.0
5270,fruit/vegetable juice,8.0
5270,long life bakery product,5.0
5280,meat,8.0
5280,pork,8.0
5280,butter,8.0
5280,brown bread,6.0
5280,specialty chocolate,8.0
5280,kitchen towels,8.0
5281,tropical fruit,9.0
5281,pip fruit,9.0
5281,whole milk,8.0
5281,cream cheese ,8.0
5281,frozen vegetables,8.0
5281,ice cream,8.0
5281,bottled water,8.0
5281,shopping bags,8.0
5285,frankfurter,8.0
5285,tropical fruit,9.0
5285,other vegetables,9.0
5285,dessert,6.0
5285,UHT-milk,8.0
5285,cream cheese ,8.0
5285,brown bread,6.0
5285,pastry,6.0
5285,hygiene articles,7.0
5287,tropical fruit,9.0
5287,root vegetables,9.0
5287,other vegetables,9.0
5287,whole milk,8.0
5287,ice cream,8.0
5287,pasta,8.0
5287,canned vegetables,8.0
5287,soda,5.0
5287,salty snack,8.0
5292,whole milk,8.0
5292,cat food,8.0
5292,pet care,8.0
5292,coffee,8.0
5292,soda,5.0
5292,misc. beverages,8.0
5292,chocolate,8.0
5294,whole milk,8.0
5294,processed cheese,8.0
5294,soda,5.0
5294,cake bar,6.0
5294,chocolate,8.0
5294,specialty bar,8.0
5294,shopping bags,8.0
5295,sausage,8.0
5295,tropical fruit,9.0
5295,root vegetables,9.0
5295,other vegetables,9.0
5295,hard cheese,8.0
5295,fruit/vegetable juice,8.0
5295,long life bakery product,5.0
5295,waffles,6.0
5296,pork,8.0
5296,other vegetables,9.0
5296,whole milk,8.0
5296,frozen vegetables,8.0
5296,brown bread,6.0
5296,roll products ,8.0
5296,canned vegetables,8.0
5296,sparkling wine,8.0
5296,chocolate,8.0
5296,dental care,8.0
5297,beef,8.0
5297,whole milk,8.0
5297,curd,8.0
5297,white bread,8.0
5297,napkins,7.0
5298,sausage,8.0
5298,chicken,8.0
5298,hamburger meat,8.0
5298,other vegetables,9.0
5298,whole milk,8.0
5298,butter milk,8.0
5298,whipped/sour cream,8.0
5298,white bread,8.0
5299,tropical fruit,9.0
5299,pip fruit,9.0
5299,UHT-milk,8.0
5299,cream cheese ,8.0
5299,pasta,8.0
5299,sauces,8.0
5299,baking powder,6.0
5299,cat food,8.0
5299,pet care,8.0
5299,bottled water,8.0
5299,bottled beer,8.0
5299,salty snack,8.0
5299,shopping bags,8.0
5300,whole milk,8.0
5300,yogurt,8.0
5300,domestic eggs,8.0
5300,rolls/buns,8.0
5300,fruit/vegetable juice,8.0
5300,long life bakery product,5.0
5300,specialty chocolate,8.0
5300,specialty bar,8.0
5305,sausage,8.0
5305,tropical fruit,9.0
5305,yogurt,8.0
5305,frozen meals,8.0
5305,cat food,8.0
5305,bottled water,8.0
5305,soda,5.0
5305,bottled beer,8.0
5305,waffles,6.0
5306,pip fruit,9.0
5306,other vegetables,9.0
5306,whole milk,8.0
5306,butter,8.0
5306,whipped/sour cream,8.0
5306,sliced cheese,8.0
5306,pastry,6.0
5306,hygiene articles,7.0
5306,napkins,7.0
5312,herbs,9.0
5312,whole milk,8.0
5312,curd,8.0
5312,cat food,8.0
5312,soda,5.0
5313,tropical fruit,9.0
5313,root vegetables,9.0
5313,other vegetables,9.0
5313,whole milk,8.0
5313,yogurt,8.0
5313,rice,9.0
5313,oil,8.0
5313,bathroom cleaner,7.0
5315,curd,8.0
5315,cream cheese ,8.0
5315,frozen fruits,8.0
5315,margarine,8.0
5315,cocoa drinks,8.0
5315,soda,5.0
5316,pork,8.0
5316,beef,8.0
5316,other vegetables,9.0
5316,whole milk,8.0
5316,yogurt,8.0
5316,margarine,8.0
5316,fruit/vegetable juice,8.0
5318,hamburger meat,8.0
5318,onions,9.0
5318,ice cream,8.0
5318,misc. beverages,8.0
5318,shopping bags,8.0
5319,root vegetables,9.0
5319,onions,9.0
5319,dessert,6.0
5319,mayonnaise,8.0
5319,brown bread,6.0
5319,salt,8.0
5319,canned fish,8.0
5319,bottled water,8.0
5319,fruit/vegetable juice,8.0
5319,bottled beer,8.0
5319,popcorn,8.0
5320,butter,8.0
5320,spread cheese,8.0
5320,ice cream,8.0
5320,rolls/buns,8.0
5320,soda,5.0
5320,long life bakery product,5.0
5320,chocolate,8.0
5320,chocolate marshmallow,8.0
5323,sausage,8.0
5323,meat,8.0
5323,chicken,8.0
5323,beef,8.0
5323,citrus fruit,9.0
5323,root vegetables,9.0
5323,herbs,9.0
5323,whole milk,8.0
5323,butter,8.0
5323,domestic eggs,8.0
5323,roll products ,8.0
5323,coffee,8.0
5323,long life bakery product,5.0
5323,waffles,6.0
5327,sausage,8.0
5327,meat,8.0
5327,berries,9.0
5327,onions,9.0
5327,other vegetables,9.0
5327,soft cheese,8.0
5327,hard cheese,8.0
5327,cream cheese ,8.0
5327,mayonnaise,8.0
5327,frozen meals,8.0
5327,domestic eggs,8.0
5327,rolls/buns,8.0
5327,mustard,8.0
5327,canned fish,8.0
5327,shopping bags,8.0
5328,frankfurter,8.0
5328,mayonnaise,8.0
5328,margarine,8.0
5328,mustard,8.0
5328,ketchup,8.0
5328,seasonal products,8.0
5330,sausage,8.0
5330,meat,8.0
5330,whole milk,8.0
5330,curd,8.0
5330,dessert,6.0
5330,yogurt,8.0
5330,brown bread,6.0
5330,dental care,8.0
5330,male cosmetics,7.0
5331,chicken,8.0
5331,pip fruit,9.0
5331,whole milk,8.0
5331,dessert,6.0
5331,margarine,8.0
5331,soda,5.0
5331,canned beer,8.0
5331,liquor,8.0
5331,newspapers,7.0
5333,pip fruit,9.0
5333,yogurt,8.0
5333,cream cheese ,8.0
5333,meat spreads,8.0
5333,coffee,8.0
5333,specialty chocolate,8.0
5333,seasonal products,8.0
5333,cookware,8.0
5333,shopping bags,8.0
5338,hamburger meat,8.0
5338,berries,9.0
5338,other vegetables,9.0
5338,UHT-milk,8.0
5338,hard cheese,8.0
5338,processed cheese,8.0
5338,canned vegetables,8.0
5338,soda,5.0
5338,waffles,6.0
5338,specialty bar,8.0
5338,newspapers,7.0
5340,whole milk,8.0
5340,yogurt,8.0
5340,beverages,8.0
5340,rolls/buns,8.0
5340,bottled water,8.0
5340,fruit/vegetable juice,8.0
5344,dessert,6.0
5344,soft cheese,8.0
5344,brown bread,6.0
5344,pastry,6.0
5344,soda,5.0
5344,long life bakery product,5.0
5344,hygiene articles,7.0
5344,shopping bags,8.0
5346,hamburger meat,8.0
5346,herbs,9.0
5346,UHT-milk,8.0
5346,domestic eggs,8.0
5346,oil,8.0
5346,chocolate,8.0
5350,chocolate,8.0
5350,specialty bar,8.0
5350,candy,8.0
5350,napkins,7.0
5350,flower (seeds),8.0
5353,chicken,8.0
5353,butter,8.0
5353,frozen vegetables,8.0
5353,soda,5.0
5353,misc. beverages,8.0
5353,chocolate,8.0
5353,specialty chocolate,8.0
5357,pip fruit,9.0
5357,misc. beverages,8.0
5357,chewing gum,8.0
5357,specialty chocolate,8.0
5357,shopping bags,8.0
5358,sausage,8.0
5358,spread cheese,8.0
5358,domestic eggs,8.0
5358,soda,5.0
5358,shopping bags,8.0
5360,tropical fruit,9.0
5360,pip fruit,9.0
5360,root vegetables,9.0
5360,onions,9.0
5360,other vegetables,9.0
5360,whole milk,8.0
5360,whipped/sour cream,8.0
5360,misc. beverages,8.0
5360,fruit/vegetable juice,8.0
5360,red/blush wine,8.0
5360,salty snack,8.0
5360,detergent,6.0
5360,shopping bags,8.0
5364,ham,8.0
5364,whole milk,8.0
5364,hard cheese,8.0
5364,margarine,8.0
5364,coffee,8.0
5364,fruit/vegetable juice,8.0
5365,sausage,8.0
5365,pork,8.0
5365,beef,8.0
5365,tropical fruit,9.0
5365,other vegetables,9.0
5365,whole milk,8.0
5365,butter milk,8.0
5365,whipped/sour cream,8.0
5365,roll products ,8.0
5365,bottled water,8.0
5365,detergent,6.0
5365,hygiene articles,7.0
5365,napkins,7.0
5365,house keeping products,8.0
5369,citrus fruit,9.0
5369,rolls/buns,8.0
5369,soda,5.0
5369,chewing gum,8.0
5369,shopping bags,8.0
5374,citrus fruit,9.0
5374,pip fruit,9.0
5374,other vegetables,9.0
5374,whole milk,8.0
5374,curd,8.0
5374,frozen fish,8.0
5374,domestic eggs,8.0
5374,jam,8.0
5374,dishes,8.0
5379,ham,8.0
5379,whole milk,8.0
5379,dessert,6.0
5379,rolls/buns,8.0
5379,misc. beverages,8.0
5379,waffles,6.0
5379,skin care,7.0
5382,UHT-milk,8.0
5382,domestic eggs,8.0
5382,rolls/buns,8.0
5382,fruit/vegetable juice,8.0
5382,newspapers,7.0
5386,sausage,8.0
5386,pip fruit,9.0
5386,root vegetables,9.0
5386,whole milk,8.0
5386,spread cheese,8.0
5386,rolls/buns,8.0
5386,margarine,8.0
5386,bottled water,8.0
5389,root vegetables,9.0
5389,UHT-milk,8.0
5389,domestic eggs,8.0
5389,pasta,8.0
5389,margarine,8.0
5389,soups,5.0
5389,cat food,8.0
5389,coffee,8.0
5389,bottled water,8.0
5389,soda,5.0
5389,misc. beverages,8.0
5389,sparkling wine,8.0
5389,specialty chocolate,8.0
5389,specialty bar,8.0
5389,seasonal products,8.0
5389,female sanitary products,7.0
5389,newspapers,7.0
5392,pork,8.0
5392,tropical fruit,9.0
5392,pip fruit,9.0
5392,other vegetables,9.0
5392,whipped/sour cream,8.0
5392,chocolate,8.0
5392,chocolate marshmallow,8.0
5392,shopping bags,8.0
5395,meat,8.0
5395,pork,8.0
5395,soft cheese,8.0
5395,oil,8.0
5395,margarine,8.0
5395,seasonal products,8.0
5397,other vegetables,9.0
5397,whole milk,8.0
5397,mayonnaise,8.0
5397,frozen potato products,8.0
5397,pastry,6.0
5397,margarine,8.0
5397,baking powder,6.0
5402,beef,8.0
5402,pip fruit,9.0
5402,whole milk,8.0
5402,butter,8.0
5402,curd,8.0
5402,yogurt,8.0
5402,condensed milk,8.0
5402,white bread,8.0
5402,detergent,6.0
5404,rolls/buns,8.0
5404,brown bread,6.0
5404,soda,5.0
5404,misc. beverages,8.0
5404,bottled beer,8.0
5406,sausage,8.0
5406,other vegetables,9.0
5406,yogurt,8.0
5406,rolls/buns,8.0
5406,soda,5.0
5406,canned beer,8.0
5407,sliced cheese,8.0
5407,domestic eggs,8.0
5407,rolls/buns,8.0
5407,bottled water,8.0
5407,soda,5.0
5407,pot plants,8.0
5408,pork,8.0
5408,other vegetables,9.0
5408,whole milk,8.0
5408,cream cheese ,8.0
5408,frozen fish,8.0
5408,rolls/buns,8.0
5408,pastry,6.0
5414,other vegetables,9.0
5414,whole milk,8.0
5414,margarine,8.0
5414,jam,8.0
5414,salty snack,8.0
5414,shopping bags,8.0
5418,tropical fruit,9.0
5418,pip fruit,9.0
5418,root vegetables,9.0
5418,other vegetables,9.0
5418,whole milk,8.0
5418,curd,8.0
5418,yogurt,8.0
5418,tea,8.0
5418,bottled water,8.0
5418,salty snack,8.0
5418,kitchen towels,8.0
5418,newspapers,7.0
5419,tropical fruit,9.0
5419,whole milk,8.0
5419,beverages,8.0
5419,soda,5.0
5419,salty snack,8.0
5419,specialty bar,8.0
5419,newspapers,7.0
5423,frankfurter,8.0
5423,hamburger meat,8.0
5423,grapes,8.0
5423,other vegetables,9.0
5423,whole milk,8.0
5423,butter milk,8.0
5423,whipped/sour cream,8.0
5423,mayonnaise,8.0
5423,white bread,8.0
5423,roll products ,8.0
5423,sauces,8.0
5423,salty snack,8.0
5423,waffles,6.0
5423,chocolate,8.0
5424,tropical fruit,9.0
5424,root vegetables,9.0
5424,onions,9.0
5424,other vegetables,9.0
5424,curd,8.0
5424,whipped/sour cream,8.0
5424,spread cheese,8.0
5424,white bread,8.0
5424,bottled water,8.0
5424,soda,5.0
5425,liver loaf,8.0
5425,other vegetables,9.0
5425,butter,8.0
5425,yogurt,8.0
5425,whipped/sour cream,8.0
5425,cream cheese ,8.0
5425,margarine,8.0
5425,baking powder,6.0
5425,long life bakery product,5.0
5425,bathroom cleaner,7.0
5427,tropical fruit,9.0
5427,other vegetables,9.0
5427,cream cheese ,8.0
5427,baking powder,6.0
5427,long life bakery product,5.0
5428,frankfurter,8.0
5428,sausage,8.0
5428,organic sausage,9.0
5428,white bread,8.0
5428,brown bread,6.0
5428,waffles,6.0
5428,chocolate,8.0
5431,tropical fruit,9.0
5431,berries,9.0
5431,root vegetables,9.0
5431,butter,8.0
5431,UHT-milk,8.0
5431,bottled water,8.0
5431,soda,5.0
5432,beef,8.0
5432,root vegetables,9.0
5432,soda,5.0
5432,fruit/vegetable juice,8.0
5432,detergent,6.0
5432,newspapers,7.0
5434,frankfurter,8.0
5434,sausage,8.0
5434,tropical fruit,9.0
5434,root vegetables,9.0
5434,whole milk,8.0
5434,pastry,6.0
5435,beef,8.0
5435,citrus fruit,9.0
5435,root vegetables,9.0
5435,whole milk,8.0
5435,bottled water,8.0
5435,newspapers,7.0
5436,beef,8.0
5436,whole milk,8.0
5436,pastry,6.0
5436,flour,6.0
5436,pickled vegetables,8.0
5441,sausage,8.0
5441,whole milk,8.0
5441,spread cheese,8.0
5441,mayonnaise,8.0
5441,rolls/buns,8.0
5441,pastry,6.0
5441,pickled vegetables,8.0
5441,bottled water,8.0
5441,shopping bags,8.0
5443,yogurt,8.0
5443,frozen dessert,8.0
5443,rolls/buns,8.0
5443,pastry,6.0
5443,soda,5.0
5443,fruit/vegetable juice,8.0
5443,napkins,7.0
5444,pork,8.0
5444,whole milk,8.0
5444,pastry,6.0
5444,sugar,6.0
5444,newspapers,7.0
5445,tropical fruit,9.0
5445,root vegetables,9.0
5445,whole milk,8.0
5445,yogurt,8.0
5445,whipped/sour cream,8.0
5445,rolls/buns,8.0
5445,margarine,8.0
5445,sugar,6.0
5445,Instant food products,8.0
5445,bottled water,8.0
5446,rolls/buns,8.0
5446,margarine,8.0
5446,bottled water,8.0
5446,rum,8.0
5446,red/blush wine,8.0
5446,long life bakery product,5.0
5446,waffles,6.0
5446,chocolate,8.0
5452,sausage,8.0
5452,root vegetables,9.0
5452,whole milk,8.0
5452,whipped/sour cream,8.0
5452,rolls/buns,8.0
5452,mustard,8.0
5456,frankfurter,8.0
5456,beef,8.0
5456,other vegetables,9.0
5456,cream cheese ,8.0
5456,domestic eggs,8.0
5456,baking powder,6.0
5456,salty snack,8.0
5456,shopping bags,8.0
5458,sausage,8.0
5458,pork,8.0
5458,hard cheese,8.0
5458,rolls/buns,8.0
5458,pickled vegetables,8.0
5458,dish cleaner,8.0
5464,other vegetables,9.0
5464,bottled water,8.0
5464,canned beer,8.0
5464,chewing gum,8.0
5464,newspapers,7.0
5465,chicken,8.0
5465,hamburger meat,8.0
5465,herbs,9.0
5465,dessert,6.0
5465,beverages,8.0
5465,oil,8.0
5465,soda,5.0
5465,dish cleaner,8.0
5470,beef,8.0
5470,hamburger meat,8.0
5470,pip fruit,9.0
5470,berries,9.0
5470,other vegetables,9.0
5470,rolls/buns,8.0
5470,semi-finished bread,8.0
5470,baking powder,6.0
5470,white wine,8.0
5470,napkins,7.0
5470,cling film/bags,8.0
5471,sausage,8.0
5471,berries,9.0
5471,rolls/buns,8.0
5471,chewing gum,8.0
5471,shopping bags,8.0
5472,sausage,8.0
5472,ham,8.0
5472,tropical fruit,9.0
5472,whole milk,8.0
5472,butter,8.0
5472,processed cheese,8.0
5472,rolls/buns,8.0
5472,potato products,9.0
5472,rice,9.0
5472,margarine,8.0
5472,cereals,8.0
5472,cat food,8.0
5472,fruit/vegetable juice,8.0
5472,bottled beer,8.0
5472,chocolate,8.0
5472,napkins,7.0
5474,sausage,8.0
5474,other vegetables,9.0
5474,dessert,6.0
5474,yogurt,8.0
5474,UHT-milk,8.0
5474,cream cheese ,8.0
5474,frozen vegetables,8.0
5474,rolls/buns,8.0
5474,brown bread,6.0
5474,pastry,6.0
5474,specialty bar,8.0
5475,citrus fruit,9.0
5475,dessert,6.0
5475,yogurt,8.0
5475,UHT-milk,8.0
5475,frozen vegetables,8.0
5475,frozen fish,8.0
5475,zwieback,8.0
5475,spices,9.0
5475,waffles,6.0
5476,sausage,8.0
5476,ham,8.0
5476,sliced cheese,8.0
5476,frozen fish,8.0
5476,rolls/buns,8.0
5476,margarine,8.0
5476,mustard,8.0
5477,other vegetables,9.0
5477,whole milk,8.0
5477,yogurt,8.0
5477,ice cream,8.0
5477,brown bread,6.0
5477,pastry,6.0
5477,soda,5.0
5477,newspapers,7.0
5479,other vegetables,9.0
5479,whole milk,8.0
5479,rolls/buns,8.0
5479,skin care,7.0
5479,dishes,8.0
5479,flower (seeds),8.0
5482,citrus fruit,9.0
5482,tropical fruit,9.0
5482,pip fruit,9.0
5482,root vegetables,9.0
5482,packaged fruit/vegetables,9.0
5482,dessert,6.0
5482,yogurt,8.0
5482,UHT-milk,8.0
5482,hard cheese,8.0
5482,mayonnaise,8.0
5482,domestic eggs,8.0
5482,spices,9.0
5482,canned vegetables,8.0
5482,fruit/vegetable juice,8.0
5482,candy,8.0
5483,beef,8.0
5483,root vegetables,9.0
5483,herbs,9.0
5483,other vegetables,9.0
5483,whole milk,8.0
5483,butter,8.0
5483,rolls/buns,8.0
5483,brown bread,6.0
5483,bottled beer,8.0
5483,long life bakery product,5.0
5483,pot plants,8.0
5484,other vegetables,9.0
5484,packaged fruit/vegetables,9.0
5484,brown bread,6.0
5484,pastry,6.0
5484,light bulbs,8.0
5484,newspapers,7.0
5489,tropical fruit,9.0
5489,berries,9.0
5489,whole milk,8.0
5489,butter,8.0
5489,butter milk,8.0
5489,brown bread,6.0
5491,sausage,8.0
5491,chicken,8.0
5491,other vegetables,9.0
5491,whole milk,8.0
5491,whipped/sour cream,8.0
5491,domestic eggs,8.0
5491,rolls/buns,8.0
5491,house keeping products,8.0
5492,root vegetables,9.0
5492,whole milk,8.0
5492,hard cheese,8.0
5492,sauces,8.0
5492,bottled water,8.0
5492,fruit/vegetable juice,8.0
5494,chicken,8.0
5494,beef,8.0
5494,tropical fruit,9.0
5494,other vegetables,9.0
5494,soft cheese,8.0
5494,pickled vegetables,8.0
5494,bottled water,8.0
5494,detergent,6.0
5494,newspapers,7.0
5495,tropical fruit,9.0
5495,yogurt,8.0
5495,UHT-milk,8.0
5495,bottled water,8.0
5495,soda,5.0
5496,tropical fruit,9.0
5496,butter milk,8.0
5496,beverages,8.0
5496,bottled water,8.0
5496,fruit/vegetable juice,8.0
5496,salty snack,8.0
5496,chewing gum,8.0
5496,napkins,7.0
5496,newspapers,7.0
5496,shopping bags,8.0
5499,beef,8.0
5499,pip fruit,9.0
5499,root vegetables,9.0
5499,whole milk,8.0
5499,soft cheese,8.0
5499,bottled beer,8.0
5499,detergent,6.0
5500,hamburger meat,8.0
5500,root vegetables,9.0
5500,whole milk,8.0
5500,yogurt,8.0
5500,brown bread,6.0
5500,pastry,6.0
5500,bottled beer,8.0
5500,specialty chocolate,8.0
5500,flower (seeds),8.0
5501,other vegetables,9.0
5501,ice cream,8.0
5501,brown bread,6.0
5501,soda,5.0
5501,house keeping products,8.0
5501,newspapers,7.0
5503,pip fruit,9.0
5503,root vegetables,9.0
5503,frozen vegetables,8.0
5503,rolls/buns,8.0
5503,semi-finished bread,8.0
5503,soda,5.0
5503,white wine,8.0
5503,newspapers,7.0
5505,turkey,6.0
5505,tropical fruit,9.0
5505,root vegetables,9.0
5505,other vegetables,9.0
5505,butter,8.0
5505,whipped/sour cream,8.0
5505,hard cheese,8.0
5505,ketchup,8.0
5505,fruit/vegetable juice,8.0
5505,candy,8.0
5505,napkins,7.0
5509,whole milk,8.0
5509,yogurt,8.0
5509,brown bread,6.0
5509,chocolate,8.0
5509,newspapers,7.0
5513,hamburger meat,8.0
5513,whole milk,8.0
5513,tidbits,8.0
5513,frozen fish,8.0
5513,ice cream,8.0
5513,sauces,8.0
5513,salty snack,8.0
5513,kitchen towels,8.0
5517,other vegetables,9.0
5517,white bread,8.0
5517,pickled vegetables,8.0
5517,soda,5.0
5517,shopping bags,8.0
5518,citrus fruit,9.0
5518,pip fruit,9.0
5518,other vegetables,9.0
5518,whole milk,8.0
5518,frozen vegetables,8.0
5518,bottled water,8.0
5520,frankfurter,8.0
5520,whole milk,8.0
5520,yogurt,8.0
5520,frozen vegetables,8.0
5520,coffee,8.0
5520,bottled water,8.0
5520,bottled beer,8.0
5525,turkey,6.0
5525,pork,8.0
5525,beef,8.0
5525,herbs,9.0
5525,other vegetables,9.0
5525,soft cheese,8.0
5525,frozen vegetables,8.0
5525,rolls/buns,8.0
5525,rice,9.0
5527,citrus fruit,9.0
5527,tropical fruit,9.0
5527,pip fruit,9.0
5527,other vegetables,9.0
5527,curd,8.0
5527,butter milk,8.0
5527,UHT-milk,8.0
5527,frozen meals,8.0
5527,brown bread,6.0
5527,semi-finished bread,8.0
5527,spices,9.0
5527,fruit/vegetable juice,8.0
5527,hygiene articles,7.0
5529,other vegetables,9.0
5529,whole milk,8.0
5529,butter,8.0
5529,domestic eggs,8.0
5529,waffles,6.0
5529,candy,8.0
5529,seasonal products,8.0
5529,detergent,6.0
5530,root vegetables,9.0
5530,other vegetables,9.0
5530,whole milk,8.0
5530,yogurt,8.0
5530,whipped/sour cream,8.0
5530,flour,6.0
5530,long life bakery product,5.0
5530,shopping bags,8.0
5534,yogurt,8.0
5534,beverages,8.0
5534,domestic eggs,8.0
5534,rolls/buns,8.0
5534,pastry,6.0
5534,soda,5.0
5534,long life bakery product,5.0
5534,chocolate,8.0
5534,chocolate marshmallow,8.0
5534,napkins,7.0
5536,tropical fruit,9.0
5536,whipped/sour cream,8.0
5536,bottled water,8.0
5536,soda,5.0
5536,bottled beer,8.0
5536,pot plants,8.0
5537,tropical fruit,9.0
5537,whole milk,8.0
5537,sauces,8.0
5537,sweet spreads,8.0
5537,chocolate,8.0
5537,newspapers,7.0
5540,pork,8.0
5540,whole milk,8.0
5540,butter,8.0
5540,domestic eggs,8.0
5540,margarine,8.0
5540,newspapers,7.0
5541,frankfurter,8.0
5541,hamburger meat,8.0
5541,UHT-milk,8.0
5541,mayonnaise,8.0
5541,rolls/buns,8.0
5541,pastry,6.0
5541,mustard,8.0
5541,ketchup,8.0
5541,Instant food products,8.0
5541,soda,5.0
5541,dish cleaner,8.0
5541,dental care,8.0
5541,shopping bags,8.0
5542,ham,8.0
5542,chicken,8.0
5542,root vegetables,9.0
5542,onions,9.0
5542,other vegetables,9.0
5542,yogurt,8.0
5542,whipped/sour cream,8.0
5542,sliced cheese,8.0
5542,frozen vegetables,8.0
5542,frozen meals,8.0
5542,ice cream,8.0
5542,newspapers,7.0
5543,cream cheese ,8.0
5543,coffee,8.0
5543,chocolate,8.0
5543,candy,8.0
5543,make up remover,7.0
5543,shopping bags,8.0
5548,citrus fruit,9.0
5548,root vegetables,9.0
5548,other vegetables,9.0
5548,coffee,8.0
5548,liquor,8.0
5548,chocolate,8.0
5548,candy,8.0
5548,seasonal products,8.0
5548,flower (seeds),8.0
5548,shopping bags,8.0
5549,frankfurter,8.0
5549,chicken,8.0
5549,pork,8.0
5549,tropical fruit,9.0
5549,pip fruit,9.0
5549,yogurt,8.0
5549,whipped/sour cream,8.0
5549,frozen vegetables,8.0
5549,semi-finished bread,8.0
5549,zwieback,8.0
5549,flour,6.0
5549,vinegar,8.0
5549,margarine,8.0
5549,pickled vegetables,8.0
5549,bottled water,8.0
5549,soda,5.0
5549,waffles,6.0
5549,chocolate,8.0
5549,chocolate marshmallow,8.0
5549,detergent,6.0
5549,napkins,7.0
5551,chicken,8.0
5551,tropical fruit,9.0
5551,root vegetables,9.0
5551,other vegetables,9.0
5551,whole milk,8.0
5551,dessert,6.0
5551,yogurt,8.0
5551,pastry,6.0
5551,newspapers,7.0
5553,frankfurter,8.0
5553,citrus fruit,9.0
5553,other vegetables,9.0
5553,butter milk,8.0
5553,yogurt,8.0
5553,whipped/sour cream,8.0
5553,rolls/buns,8.0
5553,brown bread,6.0
5553,pickled vegetables,8.0
5553,canned fish,8.0
5553,tea,8.0
5555,root vegetables,9.0
5555,onions,9.0
5555,whole milk,8.0
5555,curd,8.0
5555,yogurt,8.0
5555,whipped/sour cream,8.0
5555,soft cheese,8.0
5555,cream cheese ,8.0
5555,curd cheese,6.0
5555,frozen fish,8.0
5555,rolls/buns,8.0
5555,waffles,6.0
5557,sausage,8.0
5557,fish,8.0
5557,curd,8.0
5557,processed cheese,8.0
5557,pastry,6.0
5559,beef,8.0
5559,root vegetables,9.0
5559,other vegetables,9.0
5559,whole milk,8.0
5559,yogurt,8.0
5559,whipped/sour cream,8.0
5559,cream cheese ,8.0
5559,cat food,8.0
5559,napkins,7.0
5562,frankfurter,8.0
5562,ham,8.0
5562,tropical fruit,9.0
5562,yogurt,8.0
5562,curd cheese,6.0
5562,frozen fish,8.0
5562,zwieback,8.0
5562,margarine,8.0
5562,fruit/vegetable juice,8.0
5569,frankfurter,8.0
5569,whole milk,8.0
5569,white bread,8.0
5569,margarine,8.0
5569,bottled beer,8.0
5569,detergent,6.0
5569,pot plants,8.0
5570,frankfurter,8.0
5570,meat,8.0
5570,whole milk,8.0
5570,whipped/sour cream,8.0
5570,UHT-milk,8.0
5570,hard cheese,8.0
5570,coffee,8.0
5570,waffles,6.0
5570,napkins,7.0
5572,sausage,8.0
5572,pip fruit,9.0
5572,whole milk,8.0
5572,white bread,8.0
5572,salt,8.0
5572,pasta,8.0
5572,oil,8.0
5572,sugar,6.0
5572,bottled water,8.0
5572,soda,5.0
5572,bottled beer,8.0
5577,sausage,8.0
5577,finished products,8.0
5577,pork,8.0
5577,tropical fruit,9.0
5577,other vegetables,9.0
5577,whole milk,8.0
5577,yogurt,8.0
5577,whipped/sour cream,8.0
5577,cream cheese ,8.0
5577,white bread,8.0
5577,baking powder,6.0
5577,long life bakery product,5.0
5577,house keeping products,8.0
5577,pot plants,8.0
5579,whole milk,8.0
5579,butter,8.0
5579,coffee,8.0
5579,bottled water,8.0
5579,seasonal products,8.0
5579,candles,8.0
5580,frankfurter,8.0
5580,sausage,8.0
5580,rolls/buns,8.0
5580,brown bread,6.0
5580,soda,5.0
5580,shopping bags,8.0
5582,sausage,8.0
5582,root vegetables,9.0
5582,beverages,8.0
5582,rolls/buns,8.0
5582,soda,5.0
5583,other vegetables,9.0
5583,whole milk,8.0
5583,yogurt,8.0
5583,rolls/buns,8.0
5583,female sanitary products,7.0
5583,hygiene articles,7.0
5585,other vegetables,9.0
5585,whole milk,8.0
5585,curd,8.0
5585,whipped/sour cream,8.0
5585,frozen vegetables,8.0
5585,roll products ,8.0
5585,semi-finished bread,8.0
5585,salty snack,8.0
5585,seasonal products,8.0
5587,beef,8.0
5587,root vegetables,9.0
5587,frozen vegetables,8.0
5587,brown bread,6.0
5587,misc. beverages,8.0
5588,pork,8.0
5588,salad dressing,8.0
5588,oil,8.0
5588,sauces,8.0
5588,coffee,8.0
5588,soda,5.0
5588,canned beer,8.0
5588,liquor (appetizer),8.0
5588,candy,8.0
5588,newspapers,7.0
5591,pip fruit,9.0
5591,root vegetables,9.0
5591,UHT-milk,8.0
5591,condensed milk,8.0
5591,frozen fish,8.0
5591,candy,8.0
5592,sausage,8.0
5592,tropical fruit,9.0
5592,whole milk,8.0
5592,whipped/sour cream,8.0
5592,specialty cheese,8.0
5592,soda,5.0
5592,skin care,7.0
5594,chicken,8.0
5594,grapes,8.0
5594,root vegetables,9.0
5594,whole milk,8.0
5594,domestic eggs,8.0
5594,detergent,6.0
5594,newspapers,7.0
5595,chicken,8.0
5595,pip fruit,9.0
5595,other vegetables,9.0
5595,butter,8.0
5595,soft cheese,8.0
5595,frozen vegetables,8.0
5595,long life bakery product,5.0
5595,candles,8.0
5598,pork,8.0
5598,whole milk,8.0
5598,bottled water,8.0
5598,soda,5.0
5598,napkins,7.0
5602,sausage,8.0
5602,tropical fruit,9.0
5602,pip fruit,9.0
5602,whole milk,8.0
5602,soft cheese,8.0
5602,processed cheese,8.0
5602,white bread,8.0
5602,pastry,6.0
5602,semi-finished bread,8.0
5602,oil,8.0
5602,mustard,8.0
5602,ketchup,8.0
5602,soda,5.0
5602,misc. beverages,8.0
5602,long life bakery product,5.0
5602,waffles,6.0
5602,chocolate,8.0
5602,specialty chocolate,8.0
5602,detergent,6.0
5602,napkins,7.0
5602,house keeping products,8.0
5611,sausage,8.0
5611,pip fruit,9.0
5611,root vegetables,9.0
5611,onions,9.0
5611,whole milk,8.0
5611,butter,8.0
5611,dessert,6.0
5611,soft cheese,8.0
5611,cream cheese ,8.0
5611,specialty cheese,8.0
5611,domestic eggs,8.0
5611,salt,8.0
5611,pasta,8.0
5611,vinegar,8.0
5611,oil,8.0
5611,mustard,8.0
5611,ketchup,8.0
5611,canned vegetables,8.0
5611,pickled vegetables,8.0
5611,canned fish,8.0
5611,instant coffee,8.0
5611,tea,8.0
5611,misc. beverages,8.0
5611,bottled beer,8.0
5611,white wine,8.0
5611,chocolate,8.0
5611,abrasive cleaner,7.0
5611,hygiene articles,7.0
5612,grapes,8.0
5612,whole milk,8.0
5612,butter,8.0
5612,rolls/buns,8.0
5612,coffee,8.0
5612,bottled water,8.0
5612,soda,5.0
5612,misc. beverages,8.0
5612,pot plants,8.0
5614,berries,9.0
5614,other vegetables,9.0
5614,yogurt,8.0
5614,whipped/sour cream,8.0
5614,bottled water,8.0
5614,waffles,6.0
5614,seasonal products,8.0
5619,whole milk,8.0
5619,brown bread,6.0
5619,dog food,8.0
5619,chocolate,8.0
5619,hygiene articles,7.0
5619,pot plants,8.0
5620,whole milk,8.0
5620,rolls/buns,8.0
5620,soda,5.0
5620,canned beer,8.0
5620,liquor,8.0
5620,shopping bags,8.0
5623,pork,8.0
5623,beef,8.0
5623,root vegetables,9.0
5623,other vegetables,9.0
5623,whole milk,8.0
5623,UHT-milk,8.0
5623,frozen vegetables,8.0
5623,rice,9.0
5623,baking powder,6.0
5623,dog food,8.0
5623,soda,5.0
5625,meat,8.0
5625,pip fruit,9.0
5625,other vegetables,9.0
5625,brown bread,6.0
5625,roll products ,8.0
5625,soda,5.0
5629,citrus fruit,9.0
5629,tropical fruit,9.0
5629,onions,9.0
5629,UHT-milk,8.0
5629,specialty fat,8.0
5629,instant coffee,8.0
5629,bottled water,8.0
5629,soda,5.0
5629,fruit/vegetable juice,8.0
5629,bottled beer,8.0
5629,salty snack,8.0
5629,newspapers,7.0
5634,citrus fruit,9.0
5634,tropical fruit,9.0
5634,other vegetables,9.0
5634,whole milk,8.0
5634,curd,8.0
5634,rolls/buns,8.0
5635,sausage,8.0
5635,chicken,8.0
5635,herbs,9.0
5635,other vegetables,9.0
5635,whole milk,8.0
5635,whipped/sour cream,8.0
5635,sliced cheese,8.0
5635,domestic eggs,8.0
5635,rolls/buns,8.0
5635,brown bread,6.0
5635,margarine,8.0
5635,soda,5.0
5635,waffles,6.0
5635,chocolate marshmallow,8.0
5639,pork,8.0
5639,root vegetables,9.0
5639,whole milk,8.0
5639,domestic eggs,8.0
5639,pasta,8.0
5639,ketchup,8.0
5639,hygiene articles,7.0
5639,newspapers,7.0
5640,root vegetables,9.0
5640,onions,9.0
5640,whole milk,8.0
5640,whipped/sour cream,8.0
5640,pickled vegetables,8.0
5641,citrus fruit,9.0
5641,root vegetables,9.0
5641,other vegetables,9.0
5641,whole milk,8.0
5641,margarine,8.0
5641,specialty fat,8.0
5641,hygiene articles,7.0
5642,citrus fruit,9.0
5642,tropical fruit,9.0
5642,whole milk,8.0
5642,yogurt,8.0
5642,whipped/sour cream,8.0
5642,preservation products,8.0
5644,pork,8.0
5644,beef,8.0
5644,other vegetables,9.0
5644,whipped/sour cream,8.0
5644,waffles,6.0
5644,chewing gum,8.0
5645,citrus fruit,9.0
5645,other vegetables,9.0
5645,bottled water,8.0
5645,fruit/vegetable juice,8.0
5645,shopping bags,8.0
5646,frankfurter,8.0
5646,pip fruit,9.0
5646,root vegetables,9.0
5646,other vegetables,9.0
5646,curd,8.0
5646,butter milk,8.0
5646,spread cheese,8.0
5646,soups,5.0
5646,house keeping products,8.0
5648,sausage,8.0
5648,meat,8.0
5648,pork,8.0
5648,beef,8.0
5648,root vegetables,9.0
5648,other vegetables,9.0
5648,UHT-milk,8.0
5648,flour,6.0
5648,detergent,6.0
5648,shopping bags,8.0
5649,chicken,8.0
5649,curd,8.0
5649,butter milk,8.0
5649,UHT-milk,8.0
5649,rolls/buns,8.0
5649,fruit/vegetable juice,8.0
5649,newspapers,7.0
5651,onions,9.0
5651,other vegetables,9.0
5651,rolls/buns,8.0
5651,coffee,8.0
5651,specialty chocolate,8.0
5653,frankfurter,8.0
5653,curd,8.0
5653,rolls/buns,8.0
5653,brown bread,6.0
5653,mustard,8.0
5653,candy,8.0
5657,turkey,6.0
5657,other vegetables,9.0
5657,butter,8.0
5657,rolls/buns,8.0
5657,pastry,6.0
5657,oil,8.0
5661,pork,8.0
5661,hamburger meat,8.0
5661,tropical fruit,9.0
5661,pip fruit,9.0
5661,other vegetables,9.0
5661,whipped/sour cream,8.0
5661,beverages,8.0
5661,white bread,8.0
5663,turkey,6.0
5663,root vegetables,9.0
5663,other vegetables,9.0
5663,whole milk,8.0
5663,butter milk,8.0
5663,UHT-milk,8.0
5663,brown bread,6.0
5663,bottled water,8.0
5665,whole milk,8.0
5665,whipped/sour cream,8.0
5665,domestic eggs,8.0
5665,white bread,8.0
5665,photo/film,8.0
5668,hamburger meat,8.0
5668,root vegetables,9.0
5668,other vegetables,9.0
5668,whole milk,8.0
5668,sliced cheese,8.0
5669,turkey,6.0
5669,pip fruit,9.0
5669,other vegetables,9.0
5669,whole milk,8.0
5669,frozen vegetables,8.0
5670,sausage,8.0
5670,tropical fruit,9.0
5670,other vegetables,9.0
5670,beverages,8.0
5670,processed cheese,8.0
5670,rolls/buns,8.0
5670,soda,5.0
5670,chewing gum,8.0
5671,whole milk,8.0
5671,butter milk,8.0
5671,salt,8.0
5671,sugar,6.0
5671,soda,5.0
5671,long life bakery product,5.0
5671,waffles,6.0
5672,sausage,8.0
5672,pork,8.0
5672,hamburger meat,8.0
5672,citrus fruit,9.0
5672,other vegetables,9.0
5672,whole milk,8.0
5672,soft cheese,8.0
5672,domestic eggs,8.0
5672,rolls/buns,8.0
5672,sugar,6.0
5672,cat food,8.0
5672,chocolate,8.0
5675,pork,8.0
5675,whole milk,8.0
5675,curd cheese,6.0
5675,frozen vegetables,8.0
5675,cat food,8.0
5678,sausage,8.0
5678,chicken,8.0
5678,tropical fruit,9.0
5678,berries,9.0
5678,root vegetables,9.0
5678,onions,9.0
5678,whole milk,8.0
5678,butter,8.0
5678,yogurt,8.0
5678,hard cheese,8.0
5678,domestic eggs,8.0
5678,vinegar,8.0
5678,spices,9.0
5678,long life bakery product,5.0
5678,dish cleaner,8.0
5678,newspapers,7.0
5682,beef,8.0
5682,berries,9.0
5682,root vegetables,9.0
5682,onions,9.0
5682,flour,6.0
5682,mustard,8.0
5682,soda,5.0
5682,bottled beer,8.0
5682,salty snack,8.0
5682,popcorn,8.0
5683,frankfurter,8.0
5683,finished products,8.0
5683,chicken,8.0
5683,other vegetables,9.0
5683,whole milk,8.0
5683,curd,8.0
5683,flour,6.0
5683,pasta,8.0
5683,salty snack,8.0
5685,other vegetables,9.0
5685,whole milk,8.0
5685,curd,8.0
5685,yogurt,8.0
5685,cream cheese ,8.0
5685,pastry,6.0
5685,salty snack,8.0
5686,root vegetables,9.0
5686,whole milk,8.0
5686,domestic eggs,8.0
5686,female sanitary products,7.0
5686,newspapers,7.0
5687,pip fruit,9.0
5687,soda,5.0
5687,bottled beer,8.0
5687,canned beer,8.0
5687,waffles,6.0
5687,chocolate,8.0
5688,sausage,8.0
5688,pork,8.0
5688,tropical fruit,9.0
5688,root vegetables,9.0
5688,herbs,9.0
5688,whole milk,8.0
5688,curd,8.0
5688,yogurt,8.0
5688,whipped/sour cream,8.0
5688,chewing gum,8.0
5688,male cosmetics,7.0
5688,newspapers,7.0
5689,other vegetables,9.0
5689,butter,8.0
5689,soda,5.0
5689,bottled beer,8.0
5689,liquor,8.0
5689,rum,8.0
5689,chocolate marshmallow,8.0
5689,hygiene articles,7.0
5689,newspapers,7.0
5691,meat,8.0
5691,whole milk,8.0
5691,sliced cheese,8.0
5691,brown bread,6.0
5691,pastry,6.0
5691,fruit/vegetable juice,8.0
5691,newspapers,7.0
5692,pork,8.0
5692,other vegetables,9.0
5692,whole milk,8.0
5692,butter,8.0
5692,whipped/sour cream,8.0
5692,hard cheese,8.0
5692,cat food,8.0
5692,pet care,8.0
5692,coffee,8.0
5692,liquor,8.0
5692,napkins,7.0
5692,dishes,8.0
5692,kitchen towels,8.0
5693,dessert,6.0
5693,rolls/buns,8.0
5693,napkins,7.0
5693,newspapers,7.0
5693,shopping bags,8.0
5694,other vegetables,9.0
5694,cream cheese ,8.0
5694,margarine,8.0
5694,canned vegetables,8.0
5694,bottled beer,8.0
5695,condensed milk,8.0
5695,rolls/buns,8.0
5695,brown bread,6.0
5695,coffee,8.0
5695,bottled water,8.0
5695,soda,5.0
5697,chicken,8.0
5697,whole milk,8.0
5697,frozen meals,8.0
5697,domestic eggs,8.0
5697,brown bread,6.0
5697,ketchup,8.0
5697,dog food,8.0
5697,misc. beverages,8.0
5697,napkins,7.0
5698,root vegetables,9.0
5698,whole milk,8.0
5698,condensed milk,8.0
5698,frozen vegetables,8.0
5698,rolls/buns,8.0
5698,white bread,8.0
5699,frankfurter,8.0
5699,chicken,8.0
5699,beef,8.0
5699,citrus fruit,9.0
5699,tropical fruit,9.0
5699,root vegetables,9.0
5699,other vegetables,9.0
5699,curd,8.0
5699,dessert,6.0
5699,whipped/sour cream,8.0
5699,soft cheese,8.0
5699,cream cheese ,8.0
5699,frozen vegetables,8.0
5699,frozen meals,8.0
5699,frozen potato products,8.0
5699,domestic eggs,8.0
5699,white bread,8.0
5699,semi-finished bread,8.0
5699,oil,8.0
5699,instant coffee,8.0
5699,soda,5.0
5699,fruit/vegetable juice,8.0
5699,flower (seeds),8.0
5701,UHT-milk,8.0
5701,ice cream,8.0
5701,bottled water,8.0
5701,soda,5.0
5701,shopping bags,8.0
5702,frankfurter,8.0
5702,sausage,8.0
5702,chicken,8.0
5702,citrus fruit,9.0
5702,root vegetables,9.0
5702,other vegetables,9.0
5702,frozen vegetables,8.0
5702,rice,9.0
5702,newspapers,7.0
5707,citrus fruit,9.0
5707,root vegetables,9.0
5707,whole milk,8.0
5707,yogurt,8.0
5707,whipped/sour cream,8.0
5707,condensed milk,8.0
5707,rolls/buns,8.0
5707,flour,6.0
5707,long life bakery product,5.0
5709,chicken,8.0
5709,citrus fruit,9.0
5709,root vegetables,9.0
5709,other vegetables,9.0
5709,butter,8.0
5709,sweet spreads,8.0
5709,coffee,8.0
5710,whole milk,8.0
5710,white bread,8.0
5710,flour,6.0
5710,sugar,6.0
5710,pot plants,8.0
5711,chicken,8.0
5711,whole milk,8.0
5711,semi-finished bread,8.0
5711,jam,8.0
5711,coffee,8.0
5711,soda,5.0
5711,napkins,7.0
5711,shopping bags,8.0
5713,citrus fruit,9.0
5713,root vegetables,9.0
5713,margarine,8.0
5713,misc. beverages,8.0
5713,long life bakery product,5.0
5713,waffles,6.0
5714,citrus fruit,9.0
5714,root vegetables,9.0
5714,herbs,9.0
5714,other vegetables,9.0
5714,butter,8.0
5714,whipped/sour cream,8.0
5714,mayonnaise,8.0
5714,rum,8.0
5714,waffles,6.0
5715,chicken,8.0
5715,yogurt,8.0
5715,whipped/sour cream,8.0
5715,frozen dessert,8.0
5715,soda,5.0
5715,pot plants,8.0
5719,pork,8.0
5719,root vegetables,9.0
5719,whole milk,8.0
5719,UHT-milk,8.0
5719,frozen meals,8.0
5719,softener,8.0
5719,shopping bags,8.0
5721,beef,8.0
5721,tropical fruit,9.0
5721,pip fruit,9.0
5721,root vegetables,9.0
5721,other vegetables,9.0
5721,whole milk,8.0
5721,yogurt,8.0
5721,whipped/sour cream,8.0
5721,mayonnaise,8.0
5722,sausage,8.0
5722,meat,8.0
5722,tropical fruit,9.0
5722,rolls/buns,8.0
5722,margarine,8.0
5722,bottled water,8.0
5722,bottled beer,8.0
5722,skin care,7.0
5722,hygiene articles,7.0
5722,shopping bags,8.0
5723,root vegetables,9.0
5723,herbs,9.0
5723,other vegetables,9.0
5723,whole milk,8.0
5723,butter milk,8.0
5723,whipped/sour cream,8.0
5723,shopping bags,8.0
5724,chicken,8.0
5724,pip fruit,9.0
5724,whole milk,8.0
5724,rolls/buns,8.0
5724,brown bread,6.0
5724,pastry,6.0
5724,semi-finished bread,8.0
5724,margarine,8.0
5724,bottled water,8.0
5724,newspapers,7.0
5725,turkey,6.0
5725,beef,8.0
5725,other vegetables,9.0
5725,whipped/sour cream,8.0
5725,baking powder,6.0
5725,cat food,8.0
5725,chocolate,8.0
5727,root vegetables,9.0
5727,herbs,9.0
5727,whole milk,8.0
5727,butter,8.0
5727,curd,8.0
5727,rolls/buns,8.0
5727,soda,5.0
5727,chocolate,8.0
5727,candy,8.0
5728,sausage,8.0
5728,whole milk,8.0
5728,semi-finished bread,8.0
5728,flour,6.0
5728,fruit/vegetable juice,8.0
5728,napkins,7.0
5729,pastry,6.0
5729,soda,5.0
5729,canned beer,8.0
5729,white wine,8.0
5729,newspapers,7.0
5730,sausage,8.0
5730,citrus fruit,9.0
5730,pip fruit,9.0
5730,whole milk,8.0
5730,dessert,6.0
5730,domestic eggs,8.0
5730,brown bread,6.0
5730,margarine,8.0
5730,specialty chocolate,8.0
5732,pip fruit,9.0
5732,root vegetables,9.0
5732,other vegetables,9.0
5732,whole milk,8.0
5732,butter,8.0
5732,whipped/sour cream,8.0
5732,sliced cheese,8.0
5732,domestic eggs,8.0
5732,soups,5.0
5732,coffee,8.0
5732,detergent,6.0
5733,sausage,8.0
5733,whole milk,8.0
5733,yogurt,8.0
5733,hard cheese,8.0
5733,domestic eggs,8.0
5733,brown bread,6.0
5733,salty snack,8.0
5733,waffles,6.0
5733,chocolate,8.0
5733,newspapers,7.0
5734,ham,8.0
5734,chicken,8.0
5734,citrus fruit,9.0
5734,other vegetables,9.0
5734,whole milk,8.0
5734,yogurt,8.0
5734,whipped/sour cream,8.0
5734,bottled beer,8.0
5734,chocolate,8.0
5734,softener,8.0
5734,pot plants,8.0
5735,meat,8.0
5735,whole milk,8.0
5735,dessert,6.0
5735,soft cheese,8.0
5735,frozen meals,8.0
5735,rolls/buns,8.0
5735,misc. beverages,8.0
5735,long life bakery product,5.0
5735,chocolate,8.0
5735,specialty bar,8.0
5736,other vegetables,9.0
5736,butter,8.0
5736,fruit/vegetable juice,8.0
5736,salty snack,8.0
5736,chocolate,8.0
5737,meat,8.0
5737,chicken,8.0
5737,citrus fruit,9.0
5737,other vegetables,9.0
5737,whole milk,8.0
5737,yogurt,8.0
5737,frozen vegetables,8.0
5737,white bread,8.0
5737,napkins,7.0
5739,chicken,8.0
5739,hamburger meat,8.0
5739,grapes,8.0
5739,other vegetables,9.0
5739,whipped/sour cream,8.0
5739,brown bread,6.0
5739,canned beer,8.0
5739,sparkling wine,8.0
5739,flower (seeds),8.0
5743,chicken,8.0
5743,hamburger meat,8.0
5743,other vegetables,9.0
5743,frozen vegetables,8.0
5743,rolls/buns,8.0
5743,pastry,6.0
5750,other vegetables,9.0
5750,whole milk,8.0
5750,yogurt,8.0
5750,whipped/sour cream,8.0
5750,rolls/buns,8.0
5750,waffles,6.0
5750,seasonal products,8.0
5752,sausage,8.0
5752,tropical fruit,9.0
5752,root vegetables,9.0
5752,other vegetables,9.0
5752,whole milk,8.0
5752,frozen vegetables,8.0
5752,domestic eggs,8.0
5752,flour,6.0
5752,margarine,8.0
5752,sugar,6.0
5752,ketchup,8.0
5752,baking powder,6.0
5752,canned vegetables,8.0
5752,bottled water,8.0
5752,cooking chocolate,6.0
5752,newspapers,7.0
5754,tropical fruit,9.0
5754,berries,9.0
5754,root vegetables,9.0
5754,other vegetables,9.0
5754,whole milk,8.0
5754,cream cheese ,8.0
5754,frozen meals,8.0
5754,white bread,8.0
5754,soda,5.0
5754,salty snack,8.0
5754,napkins,7.0
5754,shopping bags,8.0
5764,sausage,8.0
5764,other vegetables,9.0
5764,whole milk,8.0
5764,yogurt,8.0
5764,frozen vegetables,8.0
5764,frozen potato products,8.0
5764,roll products ,8.0
5764,rice,9.0
5764,cat food,8.0
5764,misc. beverages,8.0
5764,fruit/vegetable juice,8.0
5764,bottled beer,8.0
5764,salty snack,8.0
5764,specialty chocolate,8.0
5766,pork,8.0
5766,pip fruit,9.0
5766,root vegetables,9.0
5766,curd,8.0
5766,yogurt,8.0
5766,whipped/sour cream,8.0
5766,UHT-milk,8.0
5766,domestic eggs,8.0
5766,salt,8.0
5766,margarine,8.0
5766,ketchup,8.0
5771,pork,8.0
5771,hamburger meat,8.0
5771,other vegetables,9.0
5771,whole milk,8.0
5771,brown bread,6.0
5771,margarine,8.0
5771,bottled water,8.0
5771,bottled beer,8.0
5771,flower (seeds),8.0
5772,citrus fruit,9.0
5772,berries,9.0
5772,curd,8.0
5772,yogurt,8.0
5772,soda,5.0
5774,citrus fruit,9.0
5774,other vegetables,9.0
5774,frozen meals,8.0
5774,domestic eggs,8.0
5774,fruit/vegetable juice,8.0
5774,pot plants,8.0
5776,Instant food products,8.0
5776,long life bakery product,5.0
5776,specialty chocolate,8.0
5776,cling film/bags,8.0
5776,house keeping products,8.0
5777,sausage,8.0
5777,root vegetables,9.0
5777,ice cream,8.0
5777,white bread,8.0
5777,salt,8.0
5778,frankfurter,8.0
5778,pip fruit,9.0
5778,hard cheese,8.0
5778,bottled water,8.0
5778,chocolate,8.0
5781,chicken,8.0
5781,turkey,6.0
5781,citrus fruit,9.0
5781,tropical fruit,9.0
5781,berries,9.0
5781,onions,9.0
5781,whole milk,8.0
5781,yogurt,8.0
5781,whipped/sour cream,8.0
5781,rolls/buns,8.0
5781,pastry,6.0
5781,margarine,8.0
5781,cat food,8.0
5781,soda,5.0
5781,kitchen utensil,8.0
5781,pot plants,8.0
5783,ham,8.0
5783,tropical fruit,9.0
5783,butter,8.0
5783,cream cheese ,8.0
5783,domestic eggs,8.0
5783,white bread,8.0
5783,pastry,6.0
5783,tea,8.0
5783,fruit/vegetable juice,8.0
5783,chocolate,8.0
5783,shopping bags,8.0
5784,pip fruit,9.0
5784,whole milk,8.0
5784,yogurt,8.0
5784,specialty cheese,8.0
5784,domestic eggs,8.0
5784,salty snack,8.0
5784,photo/film,8.0
5785,sausage,8.0
5785,chicken,8.0
5785,pork,8.0
5785,root vegetables,9.0
5785,other vegetables,9.0
5785,whole milk,8.0
5785,rolls/buns,8.0
5785,fruit/vegetable juice,8.0
5785,canned beer,8.0
5786,ham,8.0
5786,beef,8.0
5786,other vegetables,9.0
5786,yogurt,8.0
5786,canned fish,8.0
5789,tropical fruit,9.0
5789,other vegetables,9.0
5789,whole milk,8.0
5789,dessert,6.0
5789,bottled water,8.0
5789,soda,5.0
5789,canned beer,8.0
5789,seasonal products,8.0
5791,tropical fruit,9.0
5791,rolls/buns,8.0
5791,chocolate,8.0
5791,chocolate marshmallow,8.0
5791,newspapers,7.0
5796,pip fruit,9.0
5796,other vegetables,9.0
5796,butter milk,8.0
5796,specialty cheese,8.0
5796,frozen vegetables,8.0
5796,white bread,8.0
5796,sugar,6.0
5796,coffee,8.0
5797,rolls/buns,8.0
5797,coffee,8.0
5797,salty snack,8.0
5797,long life bakery product,5.0
5797,waffles,6.0
5798,whole milk,8.0
5798,whipped/sour cream,8.0
5798,domestic eggs,8.0
5798,bottled water,8.0
5798,soda,5.0
5798,specialty chocolate,8.0
5798,pot plants,8.0
5804,sausage,8.0
5804,chicken,8.0
5804,pork,8.0
5804,other vegetables,9.0
5804,whole milk,8.0
5804,butter,8.0
5804,yogurt,8.0
5804,margarine,8.0
5804,fruit/vegetable juice,8.0
5804,bottled beer,8.0
5805,sausage,8.0
5805,beef,8.0
5805,citrus fruit,9.0
5805,tropical fruit,9.0
5805,berries,9.0
5805,root vegetables,9.0
5805,whole milk,8.0
5805,white bread,8.0
5805,brown bread,6.0
5805,fruit/vegetable juice,8.0
5805,bottled beer,8.0
5805,cling film/bags,8.0
5806,root vegetables,9.0
5806,other vegetables,9.0
5806,whole milk,8.0
5806,pastry,6.0
5806,cling film/bags,8.0
5806,shopping bags,8.0
5807,root vegetables,9.0
5807,other vegetables,9.0
5807,butter,8.0
5807,rolls/buns,8.0
5807,flour,6.0
5807,bottled water,8.0
5807,liquor,8.0
5807,candy,8.0
5808,pork,8.0
5808,onions,9.0
5808,other vegetables,9.0
5808,butter,8.0
5808,dessert,6.0
5808,beverages,8.0
5808,UHT-milk,8.0
5808,specialty cheese,8.0
5808,frozen vegetables,8.0
5808,rolls/buns,8.0
5808,coffee,8.0
5808,shopping bags,8.0
5809,whole milk,8.0
5809,curd,8.0
5809,soda,5.0
5809,light bulbs,8.0
5809,pot plants,8.0
5809,shopping bags,8.0
5810,ham,8.0
5810,organic sausage,9.0
5810,tropical fruit,9.0
5810,pip fruit,9.0
5810,onions,9.0
5810,other vegetables,9.0
5810,whole milk,8.0
5810,butter,8.0
5810,curd,8.0
5810,yogurt,8.0
5810,sliced cheese,8.0
5810,salt,8.0
5810,margarine,8.0
5810,jam,8.0
5810,bottled beer,8.0
5810,chewing gum,8.0
5810,abrasive cleaner,7.0
5811,frankfurter,8.0
5811,meat,8.0
5811,beef,8.0
5811,other vegetables,9.0
5811,frozen vegetables,8.0
5811,white bread,8.0
5811,pastry,6.0
5811,soups,5.0
5811,pickled vegetables,8.0
5811,specialty vegetables,9.0
5811,cat food,8.0
5811,soda,5.0
5812,UHT-milk,8.0
5812,bottled water,8.0
5812,chewing gum,8.0
5812,cling film/bags,8.0
5812,shopping bags,8.0
5816,meat,8.0
5816,organic sausage,9.0
5816,citrus fruit,9.0
5816,whole milk,8.0
5816,oil,8.0
5816,soups,5.0
5818,root vegetables,9.0
5818,other vegetables,9.0
5818,sparkling wine,8.0
5818,popcorn,8.0
5818,shopping bags,8.0
5822,frankfurter,8.0
5822,beef,8.0
5822,pip fruit,9.0
5822,root vegetables,9.0
5822,other vegetables,9.0
5822,curd,8.0
5822,yogurt,8.0
5822,margarine,8.0
5822,sugar,6.0
5824,sausage,8.0
5824,tropical fruit,9.0
5824,butter milk,8.0
5824,spread cheese,8.0
5824,tidbits,8.0
5824,bottled water,8.0
5824,soda,5.0
5824,bottled beer,8.0
5825,chicken,8.0
5825,root vegetables,9.0
5825,other vegetables,9.0
5825,whipped/sour cream,8.0
5825,margarine,8.0
5825,sauces,8.0
5825,canned beer,8.0
5825,shopping bags,8.0
5829,frankfurter,8.0
5829,meat,8.0
5829,pork,8.0
5829,citrus fruit,9.0
5829,yogurt,8.0
5829,whipped/sour cream,8.0
5829,frozen vegetables,8.0
5829,frozen potato products,8.0
5829,soda,5.0
5830,pork,8.0
5830,tropical fruit,9.0
5830,yogurt,8.0
5830,sugar,6.0
5830,bottled water,8.0
5830,light bulbs,8.0
5833,pork,8.0
5833,tropical fruit,9.0
5833,yogurt,8.0
5833,white bread,8.0
5833,fruit/vegetable juice,8.0
5838,ham,8.0
5838,pip fruit,9.0
5838,yogurt,8.0
5838,frozen meals,8.0
5838,bottled water,8.0
5838,soda,5.0
5838,napkins,7.0
5842,citrus fruit,9.0
5842,pip fruit,9.0
5842,berries,9.0
5842,frozen fish,8.0
5842,white bread,8.0
5842,pastry,6.0
5842,long life bakery product,5.0
5842,waffles,6.0
5842,specialty bar,8.0
5842,newspapers,7.0
5843,ice cream,8.0
5843,white bread,8.0
5843,red/blush wine,8.0
5843,salty snack,8.0
5843,chocolate,8.0
5843,specialty chocolate,8.0
5843,dental care,8.0
5847,tropical fruit,9.0
5847,pip fruit,9.0
5847,berries,9.0
5847,ice cream,8.0
5847,white bread,8.0
5855,condensed milk,8.0
5855,tidbits,8.0
5855,rolls/buns,8.0
5855,coffee,8.0
5855,bottled water,8.0
5855,soda,5.0
5855,misc. beverages,8.0
5855,cake bar,6.0
5857,frankfurter,8.0
5857,sausage,8.0
5857,onions,9.0
5857,other vegetables,9.0
5857,curd,8.0
5857,dessert,6.0
5857,condensed milk,8.0
5857,soft cheese,8.0
5857,rolls/buns,8.0
5857,pastry,6.0
5857,potato products,9.0
5857,soda,5.0
5857,rum,8.0
5857,specialty chocolate,8.0
5857,shopping bags,8.0
5858,sausage,8.0
5858,packaged fruit/vegetables,9.0
5858,yogurt,8.0
5858,rolls/buns,8.0
5858,seasonal products,8.0
5860,sausage,8.0
5860,beef,8.0
5860,tropical fruit,9.0
5860,root vegetables,9.0
5860,other vegetables,9.0
5860,whole milk,8.0
5860,brown bread,6.0
5860,newspapers,7.0
5863,onions,9.0
5863,whole milk,8.0
5863,canned beer,8.0
5863,hygiene articles,7.0
5863,shopping bags,8.0
5864,tropical fruit,9.0
5864,whole milk,8.0
5864,yogurt,8.0
5864,ice cream,8.0
5864,bottled water,8.0
5864,soda,5.0
5864,hygiene articles,7.0
5864,napkins,7.0
5873,butter,8.0
5873,hard cheese,8.0
5873,white bread,8.0
5873,chocolate,8.0
5873,candy,8.0
5874,whole milk,8.0
5874,cream cheese ,8.0
5874,roll products ,8.0
5874,napkins,7.0
5874,dishes,8.0
5874,cling film/bags,8.0
5880,ham,8.0
5880,tropical fruit,9.0
5880,dog food,8.0
5880,soda,5.0
5880,canned beer,8.0
5885,sausage,8.0
5885,root vegetables,9.0
5885,packaged fruit/vegetables,9.0
5885,yogurt,8.0
5885,frozen potato products,8.0
5885,brown bread,6.0
5885,soda,5.0
5885,candy,8.0
5892,citrus fruit,9.0
5892,other vegetables,9.0
5892,packaged fruit/vegetables,9.0
5892,yogurt,8.0
5892,margarine,8.0
5892,sugar,6.0
5892,artif. sweetener,8.0
5892,baking powder,6.0
5892,candles,8.0
5895,margarine,8.0
5895,pickled vegetables,8.0
5895,coffee,8.0
5895,bottled beer,8.0
5895,chocolate marshmallow,8.0
5900,frankfurter,8.0
5900,sausage,8.0
5900,tropical fruit,9.0
5900,whole milk,8.0
5900,yogurt,8.0
5900,whipped/sour cream,8.0
5900,white bread,8.0
5900,flour,6.0
5900,oil,8.0
5900,soda,5.0
5900,hygiene articles,7.0
5902,tropical fruit,9.0
5902,grapes,8.0
5902,other vegetables,9.0
5902,curd,8.0
5902,beverages,8.0
5902,pastry,6.0
5904,other vegetables,9.0
5904,soft cheese,8.0
5904,frozen meals,8.0
5904,brown bread,6.0
5904,canned fish,8.0
5905,tropical fruit,9.0
5905,root vegetables,9.0
5905,other vegetables,9.0
5905,curd,8.0
5905,yogurt,8.0
5905,whipped/sour cream,8.0
5905,cream cheese ,8.0
5905,margarine,8.0
5905,bottled water,8.0
5905,newspapers,7.0
5909,whole milk,8.0
5909,dessert,6.0
5909,beverages,8.0
5909,detergent,6.0
5909,flower (seeds),8.0
5910,finished products,8.0
5910,beef,8.0
5910,citrus fruit,9.0
5910,yogurt,8.0
5910,frozen potato products,8.0
5910,pastry,6.0
5910,soups,5.0
5910,coffee,8.0
5910,candy,8.0
5912,citrus fruit,9.0
5912,other vegetables,9.0
5912,UHT-milk,8.0
5912,rolls/buns,8.0
5912,flour,6.0
5916,berries,9.0
5916,other vegetables,9.0
5916,yogurt,8.0
5916,margarine,8.0
5916,mustard,8.0
5916,fruit/vegetable juice,8.0
5916,detergent,6.0
5917,sausage,8.0
5917,pip fruit,9.0
5917,processed cheese,8.0
5917,frozen meals,8.0
5917,pastry,6.0
5917,semi-finished bread,8.0
5917,dog food,8.0
5917,syrup,6.0
5918,berries,9.0
5918,pastry,6.0
5918,sugar,6.0
5918,soda,5.0
5918,chocolate,8.0
5918,make up remover,7.0
5919,sausage,8.0
5919,liver loaf,8.0
5919,ham,8.0
5919,pip fruit,9.0
5919,yogurt,8.0
5919,soft cheese,8.0
5919,sliced cheese,8.0
5919,rolls/buns,8.0
5919,white bread,8.0
5919,brown bread,6.0
5919,pastry,6.0
5919,soda,5.0
5919,canned beer,8.0
5919,newspapers,7.0
5919,shopping bags,8.0
5922,sausage,8.0
5922,beef,8.0
5922,hamburger meat,8.0
5922,other vegetables,9.0
5922,whole milk,8.0
5922,butter,8.0
5922,domestic eggs,8.0
5922,roll products ,8.0
5922,sauces,8.0
5922,bottled beer,8.0
5923,other vegetables,9.0
5923,curd,8.0
5923,soups,5.0
5923,pudding powder,8.0
5923,canned fish,8.0
5924,frankfurter,8.0
5924,sausage,8.0
5924,pork,8.0
5924,pip fruit,9.0
5924,onions,9.0
5924,whole milk,8.0
5924,domestic eggs,8.0
5924,brown bread,6.0
5924,hygiene articles,7.0
5924,newspapers,7.0
5926,UHT-milk,8.0
5926,brown bread,6.0
5926,mustard,8.0
5926,coffee,8.0
5926,soda,5.0
5926,dish cleaner,8.0
5929,liver loaf,8.0
5929,dessert,6.0
5929,domestic eggs,8.0
5929,soda,5.0
5929,cleaner,6.0
5929,shopping bags,8.0
5935,beef,8.0
5935,root vegetables,9.0
5935,packaged fruit/vegetables,9.0
5935,whole milk,8.0
5935,rolls/buns,8.0
5935,pastry,6.0
5935,oil,8.0
5935,bottled water,8.0
5935,soda,5.0
5935,canned beer,8.0
5939,tropical fruit,9.0
5939,pip fruit,9.0
5939,whole milk,8.0
5939,yogurt,8.0
5939,frozen meals,8.0
5939,rolls/buns,8.0
5939,soda,5.0
5939,candy,8.0
5939,kitchen towels,8.0
5940,chicken,8.0
5940,root vegetables,9.0
5940,other vegetables,9.0
5940,whole milk,8.0
5940,frozen vegetables,8.0
5940,rolls/buns,8.0
5940,margarine,8.0
5940,soda,5.0
5943,tropical fruit,9.0
5943,yogurt,8.0
5943,beverages,8.0
5943,UHT-milk,8.0
5943,fruit/vegetable juice,8.0
5943,hygiene articles,7.0
5948,tropical fruit,9.0
5948,yogurt,8.0
5948,frozen dessert,8.0
5948,domestic eggs,8.0
5948,tea,8.0
5951,tropical fruit,9.0
5951,other vegetables,9.0
5951,curd,8.0
5951,dessert,6.0
5951,sliced cheese,8.0
5951,white bread,8.0
5951,soda,5.0
5951,fruit/vegetable juice,8.0
5952,hamburger meat,8.0
5952,citrus fruit,9.0
5952,tropical fruit,9.0
5952,whole milk,8.0
5952,yogurt,8.0
5952,brown bread,6.0
5952,napkins,7.0
5952,shopping bags,8.0
5953,sausage,8.0
5953,hamburger meat,8.0
5953,whole milk,8.0
5953,dessert,6.0
5953,rolls/buns,8.0
5953,specialty chocolate,8.0
5953,detergent,6.0
5954,tropical fruit,9.0
5954,other vegetables,9.0
5954,pastry,6.0
5954,long life bakery product,5.0
5954,waffles,6.0
5954,chocolate,8.0
5954,specialty bar,8.0
5954,shopping bags,8.0
5958,whole milk,8.0
5958,whipped/sour cream,8.0
5958,pastry,6.0
5958,salty snack,8.0
5958,long life bakery product,5.0
5958,chewing gum,8.0
5967,meat,8.0
5967,chicken,8.0
5967,root vegetables,9.0
5967,other vegetables,9.0
5967,whole milk,8.0
5967,whipped/sour cream,8.0
5967,rolls/buns,8.0
5967,abrasive cleaner,7.0
5967,cleaner,6.0
5967,napkins,7.0
5967,house keeping products,8.0
5969,sausage,8.0
5969,hamburger meat,8.0
5969,packaged fruit/vegetables,9.0
5969,whole milk,8.0
5969,processed cheese,8.0
5969,frozen vegetables,8.0
5969,rolls/buns,8.0
5969,white bread,8.0
5969,tea,8.0
5969,long life bakery product,5.0
5969,cling film/bags,8.0
5969,photo/film,8.0
5970,herbs,9.0
5970,other vegetables,9.0
5970,sliced cheese,8.0
5970,cream cheese ,8.0
5970,salt,8.0
5970,oil,8.0
5970,margarine,8.0
5970,fruit/vegetable juice,8.0
5970,bottled beer,8.0
5970,chewing gum,8.0
5970,hygiene articles,7.0
5976,pork,8.0
5976,tropical fruit,9.0
5976,whole milk,8.0
5976,rolls/buns,8.0
5976,chocolate,8.0
5976,newspapers,7.0
5979,grapes,8.0
5979,root vegetables,9.0
5979,whole milk,8.0
5979,curd,8.0
5979,whipped/sour cream,8.0
5979,jam,8.0
5980,liver loaf,8.0
5980,pork,8.0
5980,citrus fruit,9.0
5980,other vegetables,9.0
5980,yogurt,8.0
5980,misc. beverages,8.0
5982,citrus fruit,9.0
5982,tropical fruit,9.0
5982,onions,9.0
5982,whole milk,8.0
5982,domestic eggs,8.0
5982,cat food,8.0
5986,beverages,8.0
5986,brown bread,6.0
5986,pastry,6.0
5986,soda,5.0
5986,newspapers,7.0
5986,shopping bags,8.0
5987,other vegetables,9.0
5987,whole milk,8.0
5987,brown bread,6.0
5987,cat food,8.0
5987,chewing gum,8.0
5987,napkins,7.0
5992,pork,8.0
5992,specialty vegetables,9.0
5992,bottled water,8.0
5992,soda,5.0
5992,bottled beer,8.0
5997,pork,8.0
5997,other vegetables,9.0
5997,curd,8.0
5997,whipped/sour cream,8.0
5997,brown bread,6.0
5997,oil,8.0
5997,sugar,6.0
5997,ketchup,8.0
5997,salty snack,8.0
5998,frankfurter,8.0
5998,meat,8.0
5998,pip fruit,9.0
5998,ice cream,8.0
5998,brown bread,6.0
5998,pickled vegetables,8.0
5998,jam,8.0
5998,canned fish,8.0
5998,liquor,8.0
5998,waffles,6.0
5998,newspapers,7.0
6005,tropical fruit,9.0
6005,root vegetables,9.0
6005,whole milk,8.0
6005,butter,8.0
6005,chocolate,8.0
6007,tropical fruit,9.0
6007,whole milk,8.0
6007,processed cheese,8.0
6007,brown bread,6.0
6007,flour,6.0
6007,sugar,6.0
6007,sauces,8.0
6007,pet care,8.0
6012,hamburger meat,8.0
6012,citrus fruit,9.0
6012,whole milk,8.0
6012,butter,8.0
6012,yogurt,8.0
6012,cat food,8.0
6012,hygiene articles,7.0
6012,shopping bags,8.0
6013,frozen fish,8.0
6013,sugar,6.0
6013,cake bar,6.0
6013,chocolate marshmallow,8.0
6013,candy,8.0
6016,citrus fruit,9.0
6016,onions,9.0
6016,yogurt,8.0
6016,sliced cheese,8.0
6016,rolls/buns,8.0
6016,bottled beer,8.0
6016,shopping bags,8.0
6017,sausage,8.0
6017,other vegetables,9.0
6017,curd,8.0
6017,yogurt,8.0
6017,soft cheese,8.0
6017,brown bread,6.0
6017,fruit/vegetable juice,8.0
6017,chewing gum,8.0
6019,sausage,8.0
6019,packaged fruit/vegetables,9.0
6019,whole milk,8.0
6019,dessert,6.0
6019,beverages,8.0
6019,frozen vegetables,8.0
6019,domestic eggs,8.0
6019,brown bread,6.0
6019,pastry,6.0
6019,margarine,8.0
6019,mustard,8.0
6019,coffee,8.0
6019,soda,5.0
6019,bottled beer,8.0
6027,root vegetables,9.0
6027,herbs,9.0
6027,other vegetables,9.0
6027,candy,8.0
6027,seasonal products,8.0
6027,shopping bags,8.0
6030,tidbits,8.0
6030,rolls/buns,8.0
6030,instant coffee,8.0
6030,soda,5.0
6030,waffles,6.0
6034,berries,9.0
6034,yogurt,8.0
6034,misc. beverages,8.0
6034,canned beer,8.0
6034,liquor,8.0
6034,cake bar,6.0
6037,frankfurter,8.0
6037,other vegetables,9.0
6037,whole milk,8.0
6037,coffee,8.0
6037,hygiene articles,7.0
6038,sausage,8.0
6038,citrus fruit,9.0
6038,whole milk,8.0
6038,pastry,6.0
6038,bottled water,8.0
6038,soda,5.0
6038,bottled beer,8.0
6038,canned beer,8.0
6043,semi-finished bread,8.0
6043,long life bakery product,5.0
6043,waffles,6.0
6043,detergent,6.0
6043,newspapers,7.0
6043,shopping bags,8.0
6045,root vegetables,9.0
6045,yogurt,8.0
6045,cat food,8.0
6045,coffee,8.0
6045,cling film/bags,8.0
6047,citrus fruit,9.0
6047,pip fruit,9.0
6047,white bread,8.0
6047,brown bread,6.0
6047,pastry,6.0
6047,waffles,6.0
6050,pork,8.0
6050,other vegetables,9.0
6050,whole milk,8.0
6050,yogurt,8.0
6050,frozen fish,8.0
6050,rolls/buns,8.0
6050,roll products ,8.0
6050,flour,6.0
6050,specialty fat,8.0
6050,sugar,6.0
6050,bottled water,8.0
6050,soda,5.0
6057,chicken,8.0
6057,beef,8.0
6057,tropical fruit,9.0
6057,berries,9.0
6057,frozen vegetables,8.0
6057,zwieback,8.0
6057,dishes,8.0
6070,onions,9.0
6070,whole milk,8.0
6070,domestic eggs,8.0
6070,sugar,6.0
6070,hygiene articles,7.0
6070,light bulbs,8.0
6071,root vegetables,9.0
6071,other vegetables,9.0
6071,yogurt,8.0
6071,processed cheese,8.0
6071,pickled vegetables,8.0
6071,newspapers,7.0
6076,dessert,6.0
6076,spread cheese,8.0
6076,pastry,6.0
6076,soda,5.0
6076,seasonal products,8.0
6084,citrus fruit,9.0
6084,packaged fruit/vegetables,9.0
6084,yogurt,8.0
6084,white wine,8.0
6084,long life bakery product,5.0
6085,onions,9.0
6085,whipped/sour cream,8.0
6085,coffee,8.0
6085,fruit/vegetable juice,8.0
6085,flower (seeds),8.0
6086,berries,9.0
6086,butter,8.0
6086,domestic eggs,8.0
6086,soda,5.0
6086,red/blush wine,8.0
6091,pork,8.0
6091,whole milk,8.0
6091,white bread,8.0
6091,pastry,6.0
6091,specialty fat,8.0
6091,sweet spreads,8.0
6091,female sanitary products,7.0
6093,other vegetables,9.0
6093,whole milk,8.0
6093,hard cheese,8.0
6093,long life bakery product,5.0
6093,cooking chocolate,6.0
6093,hygiene articles,7.0
6097,chicken,8.0
6097,root vegetables,9.0
6097,herbs,9.0
6097,other vegetables,9.0
6097,canned beer,8.0
6097,liquor (appetizer),8.0
6097,shopping bags,8.0
6100,other vegetables,9.0
6100,whole milk,8.0
6100,yogurt,8.0
6100,beverages,8.0
6100,hard cheese,8.0
6100,fruit/vegetable juice,8.0
6103,berries,9.0
6103,packaged fruit/vegetables,9.0
6103,yogurt,8.0
6103,rolls/buns,8.0
6103,misc. beverages,8.0
6104,ham,8.0
6104,whole milk,8.0
6104,rolls/buns,8.0
6104,bottled water,8.0
6104,white wine,8.0
6110,whole milk,8.0
6110,beverages,8.0
6110,brown bread,6.0
6110,pastry,6.0
6110,specialty chocolate,8.0
6111,root vegetables,9.0
6111,whole milk,8.0
6111,yogurt,8.0
6111,brown bread,6.0
6111,pastry,6.0
6111,specialty chocolate,8.0
6111,candy,8.0
6112,pork,8.0
6112,root vegetables,9.0
6112,rice,9.0
6112,sparkling wine,8.0
6112,hygiene articles,7.0
6112,newspapers,7.0
6112,shopping bags,8.0
6115,frankfurter,8.0
6115,sausage,8.0
6115,brown bread,6.0
6115,canned fish,8.0
6115,bottled water,8.0
6115,canned beer,8.0
6115,candles,8.0
6117,tropical fruit,9.0
6117,dessert,6.0
6117,soft cheese,8.0
6117,brown bread,6.0
6117,shopping bags,8.0
6118,chicken,8.0
6118,yogurt,8.0
6118,cream cheese ,8.0
6118,specialty cheese,8.0
6118,margarine,8.0
6118,canned vegetables,8.0
6118,soda,5.0
6118,candy,8.0
6118,hygiene articles,7.0
6118,dishes,8.0
6123,root vegetables,9.0
6123,whole milk,8.0
6123,butter,8.0
6123,rice,9.0
6123,bottled water,8.0
6123,soda,5.0
6123,canned beer,8.0
6123,white wine,8.0
6123,specialty chocolate,8.0
6123,detergent,6.0
6123,decalcifier,8.0
6123,candles,8.0
6124,hard cheese,8.0
6124,pasta,8.0
6124,canned vegetables,8.0
6124,canned fish,8.0
6124,soda,5.0
6126,berries,9.0
6126,whipped/sour cream,8.0
6126,coffee,8.0
6126,bottled water,8.0
6126,soda,5.0
6126,white wine,8.0
6126,salty snack,8.0
6126,hygiene articles,7.0
6127,cat food,8.0
6127,canned beer,8.0
6127,specialty chocolate,8.0
6127,hygiene articles,7.0
6127,napkins,7.0
6127,shopping bags,8.0
6137,sausage,8.0
6137,citrus fruit,9.0
6137,tropical fruit,9.0
6137,pip fruit,9.0
6137,grapes,8.0
6137,bottled water,8.0
6137,soda,5.0
6137,bottled beer,8.0
6137,cake bar,6.0
6139,whole milk,8.0
6139,margarine,8.0
6139,soda,5.0
6139,napkins,7.0
6139,photo/film,8.0
6141,citrus fruit,9.0
6141,tropical fruit,9.0
6141,pip fruit,9.0
6141,UHT-milk,8.0
6141,frozen fish,8.0
6141,soda,5.0
6141,fruit/vegetable juice,8.0
6141,hygiene articles,7.0
6141,napkins,7.0
6145,other vegetables,9.0
6145,UHT-milk,8.0
6145,canned vegetables,8.0
6145,bottled water,8.0
6145,cake bar,6.0
6145,shopping bags,8.0
6146,chicken,8.0
6146,packaged fruit/vegetables,9.0
6146,butter,8.0
6146,condensed milk,8.0
6146,rolls/buns,8.0
6151,other vegetables,9.0
6151,frozen vegetables,8.0
6151,domestic eggs,8.0
6151,soda,5.0
6151,canned beer,8.0
6151,liquor,8.0
6151,shopping bags,8.0
6153,sausage,8.0
6153,hamburger meat,8.0
6153,tropical fruit,9.0
6153,pip fruit,9.0
6153,other vegetables,9.0
6153,sliced cheese,8.0
6153,hard cheese,8.0
6153,frozen fish,8.0
6153,rolls/buns,8.0
6153,brown bread,6.0
6153,pastry,6.0
6153,sauces,8.0
6153,organic products,9.0
6153,popcorn,8.0
6153,dental care,8.0
6153,napkins,7.0
6153,kitchen towels,8.0
6161,other vegetables,9.0
6161,whole milk,8.0
6161,frozen potato products,8.0
6161,brown bread,6.0
6161,semi-finished bread,8.0
6161,salt,8.0
6161,canned vegetables,8.0
6162,citrus fruit,9.0
6162,other vegetables,9.0
6162,dessert,6.0
6162,whipped/sour cream,8.0
6162,soda,5.0
6166,butter,8.0
6166,cream cheese ,8.0
6166,frozen vegetables,8.0
6166,soda,5.0
6166,fruit/vegetable juice,8.0
6166,napkins,7.0
6166,shopping bags,8.0
6167,citrus fruit,9.0
6167,tropical fruit,9.0
6167,onions,9.0
6167,packaged fruit/vegetables,9.0
6167,yogurt,8.0
6167,napkins,7.0
6170,ham,8.0
6170,pork,8.0
6170,whole milk,8.0
6170,yogurt,8.0
6170,hard cheese,8.0
6170,spread cheese,8.0
6170,rolls/buns,8.0
6170,white bread,8.0
6170,brown bread,6.0
6170,pastry,6.0
6170,chocolate,8.0
6170,abrasive cleaner,7.0
6170,dental care,8.0
6170,napkins,7.0
6170,newspapers,7.0
6170,shopping bags,8.0
6172,tropical fruit,9.0
6172,yogurt,8.0
6172,soda,5.0
6172,newspapers,7.0
6172,shopping bags,8.0
6173,ham,8.0
6173,root vegetables,9.0
6173,onions,9.0
6173,herbs,9.0
6173,cream cheese ,8.0
6173,zwieback,8.0
6173,pot plants,8.0
6174,sausage,8.0
6174,misc. beverages,8.0
6174,canned beer,8.0
6174,waffles,6.0
6174,shopping bags,8.0
6178,sausage,8.0
6178,tropical fruit,9.0
6178,root vegetables,9.0
6178,other vegetables,9.0
6178,curd,8.0
6178,yogurt,8.0
6178,sliced cheese,8.0
6178,cream cheese ,8.0
6178,specialty cheese,8.0
6178,frozen vegetables,8.0
6178,domestic eggs,8.0
6178,bottled water,8.0
6188,citrus fruit,9.0
6188,butter,8.0
6188,yogurt,8.0
6188,cat food,8.0
6188,coffee,8.0
6188,bottled water,8.0
6188,chocolate,8.0
6188,specialty chocolate,8.0
6190,meat,8.0
6190,beef,8.0
6190,root vegetables,9.0
6190,other vegetables,9.0
6190,butter,8.0
6190,yogurt,8.0
6190,frozen vegetables,8.0
6190,frozen meals,8.0
6190,coffee,8.0
6190,long life bakery product,5.0
6190,shopping bags,8.0
6191,frankfurter,8.0
6191,tropical fruit,9.0
6191,whole milk,8.0
6191,cream cheese ,8.0
6191,rolls/buns,8.0
6191,pet care,8.0
6191,bottled water,8.0
6191,napkins,7.0
6191,dishes,8.0
6191,shopping bags,8.0
6194,root vegetables,9.0
6194,yogurt,8.0
6194,whipped/sour cream,8.0
6194,beverages,8.0
6194,hard cheese,8.0
6194,cream cheese ,8.0
6194,organic products,9.0
6194,soda,5.0
6194,misc. beverages,8.0
6194,fruit/vegetable juice,8.0
6194,liquor (appetizer),8.0
6194,specialty chocolate,8.0
6194,shopping bags,8.0
6197,whole milk,8.0
6197,butter,8.0
6197,brown bread,6.0
6197,pastry,6.0
6197,sweet spreads,8.0
6197,soda,5.0
6197,newspapers,7.0
6200,frankfurter,8.0
6200,sausage,8.0
6200,root vegetables,9.0
6200,other vegetables,9.0
6200,yogurt,8.0
6200,UHT-milk,8.0
6200,white bread,8.0
6200,long life bakery product,5.0
6200,chocolate,8.0
6200,specialty bar,8.0
6200,candy,8.0
6201,pork,8.0
6201,hamburger meat,8.0
6201,citrus fruit,9.0
6201,butter,8.0
6201,yogurt,8.0
6201,whipped/sour cream,8.0
6201,hard cheese,8.0
6201,frozen vegetables,8.0
6201,white bread,8.0
6201,Instant food products,8.0
6201,fruit/vegetable juice,8.0
6201,salty snack,8.0
6201,candy,8.0
6201,shopping bags,8.0
6202,sausage,8.0
6202,tropical fruit,9.0
6202,root vegetables,9.0
6202,other vegetables,9.0
6202,cream cheese ,8.0
6202,pickled vegetables,8.0
6202,candles,8.0
6203,whipped/sour cream,8.0
6203,ice cream,8.0
6203,rolls/buns,8.0
6203,semi-finished bread,8.0
6203,soda,5.0
6205,sausage,8.0
6205,citrus fruit,9.0
6205,tropical fruit,9.0
6205,curd,8.0
6205,dessert,6.0
6205,processed cheese,8.0
6205,margarine,8.0
6205,soda,5.0
6205,canned beer,8.0
6205,napkins,7.0
6207,pork,8.0
6207,tropical fruit,9.0
6207,pip fruit,9.0
6207,processed cheese,8.0
6207,spread cheese,8.0
6207,curd cheese,6.0
6207,bottled beer,8.0
6208,pork,8.0
6208,citrus fruit,9.0
6208,dessert,6.0
6208,whipped/sour cream,8.0
6208,cream cheese ,8.0
6208,salty snack,8.0
6208,dishes,8.0
6211,ham,8.0
6211,beef,8.0
6211,tropical fruit,9.0
6211,whole milk,8.0
6211,curd,8.0
6211,yogurt,8.0
6211,rolls/buns,8.0
6211,cat food,8.0
6213,tropical fruit,9.0
6213,onions,9.0
6213,other vegetables,9.0
6213,whole milk,8.0
6213,butter milk,8.0
6213,pickled vegetables,8.0
6213,kitchen towels,8.0
6216,whole milk,8.0
6216,yogurt,8.0
6216,hard cheese,8.0
6216,cream cheese ,8.0
6216,margarine,8.0
6216,sugar,6.0
6216,misc. beverages,8.0
6216,detergent,6.0
6216,dishes,8.0
6223,pip fruit,9.0
6223,yogurt,8.0
6223,pastry,6.0
6223,baking powder,6.0
6223,long life bakery product,5.0
6224,beef,8.0
6224,citrus fruit,9.0
6224,pip fruit,9.0
6224,yogurt,8.0
6224,condensed milk,8.0
6224,cream cheese ,8.0
6224,white bread,8.0
6224,dish cleaner,8.0
6224,hygiene articles,7.0
6224,dishes,8.0
6224,shopping bags,8.0
6228,other vegetables,9.0
6228,whole milk,8.0
6228,yogurt,8.0
6228,bottled water,8.0
6228,liquor (appetizer),8.0
6229,beverages,8.0
6229,cat food,8.0
6229,dish cleaner,8.0
6229,napkins,7.0
6229,shopping bags,8.0
6230,frankfurter,8.0
6230,citrus fruit,9.0
6230,grapes,8.0
6230,rolls/buns,8.0
6230,pastry,6.0
6230,fruit/vegetable juice,8.0
6230,chocolate,8.0
6230,candy,8.0
6230,shopping bags,8.0
6231,citrus fruit,9.0
6231,grapes,8.0
6231,whipped/sour cream,8.0
6231,flour,6.0
6231,margarine,8.0
6231,sugar,6.0
6231,soups,5.0
6231,baking powder,6.0
6231,long life bakery product,5.0
6231,waffles,6.0
6231,chocolate,8.0
6231,specialty bar,8.0
6231,dish cleaner,8.0
6231,female sanitary products,7.0
6231,cling film/bags,8.0
6235,sausage,8.0
6235,pork,8.0
6235,citrus fruit,9.0
6235,bottled water,8.0
6235,soda,5.0
6235,misc. beverages,8.0
6235,canned beer,8.0
6235,red/blush wine,8.0
6239,meat,8.0
6239,root vegetables,9.0
6239,whole milk,8.0
6239,butter,8.0
6239,processed cheese,8.0
6239,domestic eggs,8.0
6239,bottled water,8.0
6239,soda,5.0
6239,hygiene articles,7.0
6244,chicken,8.0
6244,citrus fruit,9.0
6244,tropical fruit,9.0
6244,pip fruit,9.0
6244,whole milk,8.0
6244,white bread,8.0
6245,sausage,8.0
6245,coffee,8.0
6245,canned beer,8.0
6245,liquor,8.0
6245,red/blush wine,8.0
6245,sparkling wine,8.0
6245,shopping bags,8.0
6247,whole milk,8.0
6247,semi-finished bread,8.0
6247,zwieback,8.0
6247,soda,5.0
6247,canned beer,8.0
6251,citrus fruit,9.0
6251,whole milk,8.0
6251,yogurt,8.0
6251,domestic eggs,8.0
6251,chewing gum,8.0
6253,beef,8.0
6253,tropical fruit,9.0
6253,whole milk,8.0
6253,beverages,8.0
6253,frozen vegetables,8.0
6255,ham,8.0
6255,root vegetables,9.0
6255,whole milk,8.0
6255,butter,8.0
6255,whipped/sour cream,8.0
6255,hard cheese,8.0
6255,rolls/buns,8.0
6256,frankfurter,8.0
6256,meat,8.0
6256,pork,8.0
6256,beef,8.0
6256,berries,9.0
6256,other vegetables,9.0
6256,whole milk,8.0
6256,domestic eggs,8.0
6256,Instant food products,8.0
6256,coffee,8.0
6256,skin care,7.0
6260,yogurt,8.0
6260,sugar,6.0
6260,baking powder,6.0
6260,fruit/vegetable juice,8.0
6260,newspapers,7.0
6261,chicken,8.0
6261,other vegetables,9.0
6261,whole milk,8.0
6261,frozen vegetables,8.0
6261,rolls/buns,8.0
6261,pastry,6.0
6262,whole milk,8.0
6262,domestic eggs,8.0
6262,bottled water,8.0
6262,soda,5.0
6262,shopping bags,8.0
6263,sausage,8.0
6263,pork,8.0
6263,other vegetables,9.0
6263,whole milk,8.0
6263,coffee,8.0
6265,citrus fruit,9.0
6265,berries,9.0
6265,other vegetables,9.0
6265,whole milk,8.0
6265,dessert,6.0
6265,whipped/sour cream,8.0
6265,cream cheese ,8.0
6265,bottled water,8.0
6271,whole milk,8.0
6271,yogurt,8.0
6271,mustard,8.0
6271,bottled water,8.0
6271,newspapers,7.0
6273,sausage,8.0
6273,meat,8.0
6273,brown bread,6.0
6273,bottled water,8.0
6273,soda,5.0
6273,canned beer,8.0
6273,shopping bags,8.0
6278,citrus fruit,9.0
6278,tropical fruit,9.0
6278,white bread,8.0
6278,fruit/vegetable juice,8.0
6278,napkins,7.0
6278,shopping bags,8.0
6280,frankfurter,8.0
6280,beef,8.0
6280,other vegetables,9.0
6280,whole milk,8.0
6280,domestic eggs,8.0
6280,rolls/buns,8.0
6282,beef,8.0
6282,tropical fruit,9.0
6282,onions,9.0
6282,whole milk,8.0
6282,butter,8.0
6282,yogurt,8.0
6282,rolls/buns,8.0
6282,brown bread,6.0
6282,sauces,8.0
6282,canned vegetables,8.0
6282,bottled water,8.0
6282,fruit/vegetable juice,8.0
6282,canned beer,8.0
6282,long life bakery product,5.0
6282,specialty chocolate,8.0
6283,chicken,8.0
6283,root vegetables,9.0
6283,margarine,8.0
6283,bottled water,8.0
6283,soda,5.0
6285,sausage,8.0
6285,liver loaf,8.0
6285,whole milk,8.0
6285,cream cheese ,8.0
6285,rolls/buns,8.0
6285,salt,8.0
6290,sausage,8.0
6290,meat,8.0
6290,tropical fruit,9.0
6290,other vegetables,9.0
6290,whole milk,8.0
6290,yogurt,8.0
6290,rolls/buns,8.0
6290,bottled water,8.0
6290,soda,5.0
6290,bottled beer,8.0
6290,newspapers,7.0
6295,chicken,8.0
6295,citrus fruit,9.0
6295,root vegetables,9.0
6295,butter,8.0
6295,domestic eggs,8.0
6295,brown bread,6.0
6295,margarine,8.0
6295,sweet spreads,8.0
6295,dental care,8.0
6295,shopping bags,8.0
6302,pip fruit,9.0
6302,whole milk,8.0
6302,yogurt,8.0
6302,pastry,6.0
6302,seasonal products,8.0
6302,male cosmetics,7.0
6305,pork,8.0
6305,berries,9.0
6305,sugar,6.0
6305,candy,8.0
6305,dishes,8.0
6306,chicken,8.0
6306,packaged fruit/vegetables,9.0
6306,frozen vegetables,8.0
6306,frozen meals,8.0
6306,misc. beverages,8.0
6306,newspapers,7.0
6306,flower (seeds),8.0
6307,tropical fruit,9.0
6307,whole milk,8.0
6307,butter milk,8.0
6307,brown bread,6.0
6307,shopping bags,8.0
6310,sausage,8.0
6310,hamburger meat,8.0
6310,tropical fruit,9.0
6310,whole milk,8.0
6310,sliced cheese,8.0
6310,rolls/buns,8.0
6310,oil,8.0
6310,Instant food products,8.0
6310,soda,5.0
6311,citrus fruit,9.0
6311,other vegetables,9.0
6311,whole milk,8.0
6311,domestic eggs,8.0
6311,soda,5.0
6314,whipped/sour cream,8.0
6314,domestic eggs,8.0
6314,salt,8.0
6314,sugar,6.0
6314,canned vegetables,8.0
6314,soda,5.0
6314,canned beer,8.0
6314,dish cleaner,8.0
6314,hygiene articles,7.0
6314,shopping bags,8.0
6316,chicken,8.0
6316,hamburger meat,8.0
6316,onions,9.0
6316,frozen meals,8.0
6316,domestic eggs,8.0
6316,vinegar,8.0
6316,Instant food products,8.0
6316,baking powder,6.0
6316,pudding powder,8.0
6316,bottled water,8.0
6316,skin care,7.0
6316,hygiene articles,7.0
6316,house keeping products,8.0
6320,ham,8.0
6320,other vegetables,9.0
6320,frozen meals,8.0
6320,pasta,8.0
6320,pickled vegetables,8.0
6320,soda,5.0
6320,misc. beverages,8.0
6320,candy,8.0
6321,butter milk,8.0
6321,whipped/sour cream,8.0
6321,dog food,8.0
6321,coffee,8.0
6321,soda,5.0
6321,abrasive cleaner,7.0
6321,newspapers,7.0
6324,sausage,8.0
6324,pork,8.0
6324,tropical fruit,9.0
6324,other vegetables,9.0
6324,yogurt,8.0
6324,frozen vegetables,8.0
6324,rolls/buns,8.0
6324,bottled water,8.0
6325,berries,9.0
6325,other vegetables,9.0
6325,curd,8.0
6325,brown bread,6.0
6325,canned fish,8.0
6325,chocolate,8.0
6325,detergent,6.0
6326,sausage,8.0
6326,citrus fruit,9.0
6326,yogurt,8.0
6326,detergent,6.0
6326,soap,6.0
6329,sausage,8.0
6329,other vegetables,9.0
6329,rolls/buns,8.0
6329,canned beer,8.0
6329,shopping bags,8.0
6335,other vegetables,9.0
6335,whole milk,8.0
6335,pastry,6.0
6335,waffles,6.0
6335,specialty bar,8.0
6335,shopping bags,8.0
6336,pip fruit,9.0
6336,whole milk,8.0
6336,curd,8.0
6336,yogurt,8.0
6336,whipped/sour cream,8.0
6336,rolls/buns,8.0
6336,oil,8.0
6336,margarine,8.0
6336,mustard,8.0
6336,candles,8.0
6336,newspapers,7.0
6339,onions,9.0
6339,other vegetables,9.0
6339,UHT-milk,8.0
6339,condensed milk,8.0
6339,cream cheese ,8.0
6339,salt,8.0
6339,sugar,6.0
6339,dog food,8.0
6339,soda,5.0
6341,hamburger meat,8.0
6341,tropical fruit,9.0
6341,pip fruit,9.0
6341,grapes,8.0
6341,berries,9.0
6341,packaged fruit/vegetables,9.0
6341,whipped/sour cream,8.0
6341,coffee,8.0
6341,cake bar,6.0
6341,shopping bags,8.0
6345,beef,8.0
6345,citrus fruit,9.0
6345,rice,9.0
6345,dog food,8.0
6345,soda,5.0
6345,fruit/vegetable juice,8.0
6345,dishes,8.0
6345,shopping bags,8.0
6348,frankfurter,8.0
6348,other vegetables,9.0
6348,whole milk,8.0
6348,curd,8.0
6348,frozen fish,8.0
6348,domestic eggs,8.0
6348,margarine,8.0
6348,tea,8.0
6348,bottled beer,8.0
6348,canned beer,8.0
6356,sausage,8.0
6356,beef,8.0
6356,pip fruit,9.0
6356,whole milk,8.0
6356,cream cheese ,8.0
6356,white bread,8.0
6356,brown bread,6.0
6356,seasonal products,8.0
6356,hygiene articles,7.0
6363,meat,8.0
6363,chicken,8.0
6363,pork,8.0
6363,packaged fruit/vegetables,9.0
6363,rolls/buns,8.0
6363,pastry,6.0
6363,rice,9.0
6363,fruit/vegetable juice,8.0
6366,citrus fruit,9.0
6366,tropical fruit,9.0
6366,butter milk,8.0
6366,yogurt,8.0
6366,rolls/buns,8.0
6370,meat,8.0
6370,other vegetables,9.0
6370,pickled vegetables,8.0
6370,coffee,8.0
6370,liquor,8.0
6370,long life bakery product,5.0
6370,newspapers,7.0
6380,citrus fruit,9.0
6380,pip fruit,9.0
6380,berries,9.0
6380,coffee,8.0
6380,detergent,6.0
6380,candles,8.0
6380,shopping bags,8.0
6382,citrus fruit,9.0
6382,instant coffee,8.0
6382,fruit/vegetable juice,8.0
6382,canned beer,8.0
6382,chocolate,8.0
6382,candy,8.0
6382,house keeping products,8.0
6382,shopping bags,8.0
6386,citrus fruit,9.0
6386,other vegetables,9.0
6386,hard cheese,8.0
6386,spices,9.0
6386,coffee,8.0
6386,canned beer,8.0
6386,chocolate,8.0
6386,candy,8.0
6386,flower (seeds),8.0
6386,shopping bags,8.0
6388,citrus fruit,9.0
6388,whole milk,8.0
6388,domestic eggs,8.0
6388,pastry,6.0
6388,salt,8.0
6388,oil,8.0
6388,sugar,6.0
6388,cocoa drinks,8.0
6392,sausage,8.0
6392,other vegetables,9.0
6392,butter,8.0
6392,pastry,6.0
6392,soda,5.0
6392,dishes,8.0
6395,citrus fruit,9.0
6395,other vegetables,9.0
6395,mayonnaise,8.0
6395,frozen vegetables,8.0
6395,brown bread,6.0
6395,pickled vegetables,8.0
6395,canned fish,8.0
6395,chocolate marshmallow,8.0
6396,sausage,8.0
6396,meat,8.0
6396,whole milk,8.0
6396,rolls/buns,8.0
6396,cake bar,6.0
6396,shopping bags,8.0
6399,meat,8.0
6399,turkey,6.0
6399,onions,9.0
6399,other vegetables,9.0
6399,sliced cheese,8.0
6399,ice cream,8.0
6399,sauces,8.0
6399,waffles,6.0
6399,dishes,8.0
6407,pork,8.0
6407,root vegetables,9.0
6407,beverages,8.0
6407,white bread,8.0
6407,sugar,6.0
6409,frankfurter,8.0
6409,whole milk,8.0
6409,yogurt,8.0
6409,tidbits,8.0
6409,frozen vegetables,8.0
6409,rolls/buns,8.0
6409,detergent,6.0
6418,tropical fruit,9.0
6418,yogurt,8.0
6418,bottled water,8.0
6418,soda,5.0
6418,specialty bar,8.0
6420,grapes,8.0
6420,whole milk,8.0
6420,ice cream,8.0
6420,bottled water,8.0
6420,chocolate,8.0
6423,tropical fruit,9.0
6423,butter milk,8.0
6423,domestic eggs,8.0
6423,rolls/buns,8.0
6423,bottled water,8.0
6423,soda,5.0
6423,fruit/vegetable juice,8.0
6432,hamburger meat,8.0
6432,other vegetables,9.0
6432,rolls/buns,8.0
6432,instant coffee,8.0
6432,hygiene articles,7.0
6433,onions,9.0
6433,other vegetables,9.0
6433,specialty cheese,8.0
6433,bottled water,8.0
6433,shopping bags,8.0
6437,liver loaf,8.0
6437,whole milk,8.0
6437,yogurt,8.0
6437,frozen potato products,8.0
6437,domestic eggs,8.0
6437,rolls/buns,8.0
6437,misc. beverages,8.0
6446,sausage,8.0
6446,beef,8.0
6446,root vegetables,9.0
6446,other vegetables,9.0
6446,curd,8.0
6446,cereals,8.0
6446,soda,5.0
6446,waffles,6.0
6458,berries,9.0
6458,whole milk,8.0
6458,whipped/sour cream,8.0
6458,beverages,8.0
6458,fruit/vegetable juice,8.0
6458,newspapers,7.0
6460,sausage,8.0
6460,soda,5.0
6460,bottled beer,8.0
6460,liquor,8.0
6460,red/blush wine,8.0
6463,finished products,8.0
6463,cream cheese ,8.0
6463,bottled water,8.0
6463,specialty bar,8.0
6463,shopping bags,8.0
6465,berries,9.0
6465,yogurt,8.0
6465,beverages,8.0
6465,UHT-milk,8.0
6465,domestic eggs,8.0
6465,rolls/buns,8.0
6465,mustard,8.0
6471,frankfurter,8.0
6471,sausage,8.0
6471,tropical fruit,9.0
6471,pip fruit,9.0
6471,grapes,8.0
6471,root vegetables,9.0
6471,other vegetables,9.0
6471,whole milk,8.0
6471,yogurt,8.0
6471,sliced cheese,8.0
6471,frozen meals,8.0
6471,frozen fish,8.0
6471,brown bread,6.0
6471,rice,9.0
6471,oil,8.0
6471,red/blush wine,8.0
6471,hygiene articles,7.0
6479,grapes,8.0
6479,berries,9.0
6479,root vegetables,9.0
6479,other vegetables,9.0
6479,packaged fruit/vegetables,9.0
6479,curd,8.0
6479,yogurt,8.0
6479,brown bread,6.0
6479,pastry,6.0
6480,tropical fruit,9.0
6480,dessert,6.0
6480,UHT-milk,8.0
6480,cream cheese ,8.0
6480,frozen vegetables,8.0
6480,brown bread,6.0
6480,misc. beverages,8.0
6483,citrus fruit,9.0
6483,tropical fruit,9.0
6483,root vegetables,9.0
6483,other vegetables,9.0
6483,whole milk,8.0
6483,specialty cheese,8.0
6483,canned vegetables,8.0
6489,pip fruit,9.0
6489,whole milk,8.0
6489,frozen vegetables,8.0
6489,napkins,7.0
6489,candles,8.0
6490,other vegetables,9.0
6490,whole milk,8.0
6490,pastry,6.0
6490,margarine,8.0
6490,coffee,8.0
6490,shopping bags,8.0
6492,pork,8.0
6492,herbs,9.0
6492,whole milk,8.0
6492,yogurt,8.0
6492,whipped/sour cream,8.0
6492,frozen vegetables,8.0
6492,oil,8.0
6492,liquor (appetizer),8.0
6496,other vegetables,9.0
6496,dessert,6.0
6496,canned beer,8.0
6496,chewing gum,8.0
6496,flower (seeds),8.0
6500,pork,8.0
6500,beef,8.0
6500,grapes,8.0
6500,other vegetables,9.0
6500,baking powder,6.0
6500,soda,5.0
6501,frankfurter,8.0
6501,beef,8.0
6501,grapes,8.0
6501,root vegetables,9.0
6501,rolls/buns,8.0
6501,soda,5.0
6501,long life bakery product,5.0
6506,tropical fruit,9.0
6506,other vegetables,9.0
6506,whole milk,8.0
6506,dessert,6.0
6506,white bread,8.0
6506,bottled water,8.0
6506,misc. beverages,8.0
6506,cake bar,6.0
6512,sausage,8.0
6512,beef,8.0
6512,root vegetables,9.0
6512,whole milk,8.0
6512,butter,8.0
6512,curd,8.0
6512,yogurt,8.0
6512,cream cheese ,8.0
6512,rolls/buns,8.0
6512,margarine,8.0
6514,tropical fruit,9.0
6514,other vegetables,9.0
6514,frozen vegetables,8.0
6514,white bread,8.0
6514,pastry,6.0
6514,sugar,6.0
6514,soda,5.0
6514,shopping bags,8.0
6516,chicken,8.0
6516,citrus fruit,9.0
6516,tropical fruit,9.0
6516,grapes,8.0
6516,other vegetables,9.0
6516,whole milk,8.0
6516,yogurt,8.0
6516,domestic eggs,8.0
6516,flour,6.0
6516,oil,8.0
6516,coffee,8.0
6516,fruit/vegetable juice,8.0
6523,yogurt,8.0
6523,pastry,6.0
6523,soups,5.0
6523,detergent,6.0
6523,flower (seeds),8.0
6524,meat,8.0
6524,other vegetables,9.0
6524,curd,8.0
6524,sliced cheese,8.0
6524,pasta,8.0
6524,shopping bags,8.0
6526,turkey,6.0
6526,citrus fruit,9.0
6526,tropical fruit,9.0
6526,pip fruit,9.0
6526,grapes,8.0
6526,cream cheese ,8.0
6526,semi-finished bread,8.0
6526,margarine,8.0
6526,fruit/vegetable juice,8.0
6526,specialty bar,8.0
6526,shopping bags,8.0
6527,citrus fruit,9.0
6527,pip fruit,9.0
6527,UHT-milk,8.0
6527,pet care,8.0
6527,coffee,8.0
6527,bottled beer,8.0
6528,berries,9.0
6528,whole milk,8.0
6528,butter,8.0
6528,whipped/sour cream,8.0
6528,domestic eggs,8.0
6528,flour,6.0
6528,meat spreads,8.0
6528,canned fish,8.0
6528,bottled water,8.0
6528,liquor,8.0
6528,shopping bags,8.0
6532,berries,9.0
6532,other vegetables,9.0
6532,butter milk,8.0
6532,yogurt,8.0
6532,bottled water,8.0
6538,chicken,8.0
6538,frozen vegetables,8.0
6538,frozen dessert,8.0
6538,bottled water,8.0
6538,soda,5.0
6539,sausage,8.0
6539,chicken,8.0
6539,tropical fruit,9.0
6539,grapes,8.0
6539,berries,9.0
6539,ice cream,8.0
6539,misc. beverages,8.0
6541,ham,8.0
6541,beef,8.0
6541,whole milk,8.0
6541,whipped/sour cream,8.0
6541,cream cheese ,8.0
6541,ice cream,8.0
6541,bottled water,8.0
6541,specialty chocolate,8.0
6547,fish,8.0
6547,other vegetables,9.0
6547,packaged fruit/vegetables,9.0
6547,cat food,8.0
6547,pet care,8.0
6547,coffee,8.0
6547,bottled water,8.0
6547,red/blush wine,8.0
6548,pip fruit,9.0
6548,other vegetables,9.0
6548,whole milk,8.0
6548,frozen vegetables,8.0
6548,chewing gum,8.0
6553,whole milk,8.0
6553,dessert,6.0
6553,rolls/buns,8.0
6553,roll products ,8.0
6553,flour,6.0
6553,vinegar,8.0
6553,sugar,6.0
6553,soups,5.0
6553,fruit/vegetable juice,8.0
6553,chocolate,8.0
6558,meat,8.0
6558,chicken,8.0
6558,pork,8.0
6558,hamburger meat,8.0
6558,citrus fruit,9.0
6558,onions,9.0
6558,other vegetables,9.0
6558,yogurt,8.0
6558,UHT-milk,8.0
6558,spread cheese,8.0
6558,domestic eggs,8.0
6558,rolls/buns,8.0
6558,margarine,8.0
6558,bottled water,8.0
6558,canned beer,8.0
6558,female sanitary products,7.0
6558,shopping bags,8.0
6564,sausage,8.0
6564,root vegetables,9.0
6564,other vegetables,9.0
6564,dessert,6.0
6564,napkins,7.0
6565,beef,8.0
6565,berries,9.0
6565,yogurt,8.0
6565,semi-finished bread,8.0
6565,pasta,8.0
6565,bottled water,8.0
6565,misc. beverages,8.0
6565,hygiene articles,7.0
6567,frankfurter,8.0
6567,other vegetables,9.0
6567,whole milk,8.0
6567,curd,8.0
6567,domestic eggs,8.0
6567,white bread,8.0
6567,sweet spreads,8.0
6567,shopping bags,8.0
6571,ham,8.0
6571,tropical fruit,9.0
6571,butter,8.0
6571,yogurt,8.0
6571,processed cheese,8.0
6571,white bread,8.0
6571,soda,5.0
6571,fruit/vegetable juice,8.0
6571,specialty bar,8.0
6572,sausage,8.0
6572,tropical fruit,9.0
6572,berries,9.0
6572,whole milk,8.0
6572,butter,8.0
6572,dessert,6.0
6572,pastry,6.0
6572,soda,5.0
6572,fruit/vegetable juice,8.0
6572,long life bakery product,5.0
6572,chewing gum,8.0
6572,hygiene articles,7.0
6579,pork,8.0
6579,beef,8.0
6579,citrus fruit,9.0
6579,root vegetables,9.0
6579,herbs,9.0
6579,other vegetables,9.0
6579,roll products ,8.0
6579,bottled water,8.0
6579,bottled beer,8.0
6579,specialty chocolate,8.0
6580,citrus fruit,9.0
6580,whole milk,8.0
6580,yogurt,8.0
6580,white bread,8.0
6580,sugar,6.0
6580,soda,5.0
6580,napkins,7.0
6580,shopping bags,8.0
6582,sausage,8.0
6582,pork,8.0
6582,yogurt,8.0
6582,spread cheese,8.0
6582,cereals,8.0
6582,canned vegetables,8.0
6582,salty snack,8.0
6582,cling film/bags,8.0
6582,shopping bags,8.0
6585,curd,8.0
6585,whipped/sour cream,8.0
6585,cream cheese ,8.0
6585,margarine,8.0
6585,long life bakery product,5.0
6587,pip fruit,9.0
6587,whole milk,8.0
6587,butter,8.0
6587,dessert,6.0
6587,domestic eggs,8.0
6587,rice,9.0
6587,sugar,6.0
6587,salty snack,8.0
6591,frankfurter,8.0
6591,chicken,8.0
6591,root vegetables,9.0
6591,other vegetables,9.0
6591,whole milk,8.0
6591,dessert,6.0
6591,butter milk,8.0
6591,yogurt,8.0
6591,whipped/sour cream,8.0
6591,sliced cheese,8.0
6591,hard cheese,8.0
6591,pastry,6.0
6591,semi-finished bread,8.0
6591,flour,6.0
6591,pasta,8.0
6591,canned vegetables,8.0
6591,specialty chocolate,8.0
6591,male cosmetics,7.0
6591,newspapers,7.0
6591,shopping bags,8.0
6596,pork,8.0
6596,beef,8.0
6596,cream cheese ,8.0
6596,tidbits,8.0
6596,soda,5.0
6602,ham,8.0
6602,finished products,8.0
6602,whipped/sour cream,8.0
6602,hard cheese,8.0
6602,pasta,8.0
6603,frankfurter,8.0
6603,citrus fruit,9.0
6603,onions,9.0
6603,other vegetables,9.0
6603,canned beer,8.0
6603,chocolate,8.0
6605,pork,8.0
6605,tropical fruit,9.0
6605,soda,5.0
6605,canned beer,8.0
6605,liquor (appetizer),8.0
6605,newspapers,7.0
6606,citrus fruit,9.0
6606,mustard,8.0
6606,soda,5.0
6606,canned beer,8.0
6606,salty snack,8.0
6606,chocolate,8.0
6606,candy,8.0
6606,shopping bags,8.0
6608,sausage,8.0
6608,pip fruit,9.0
6608,other vegetables,9.0
6608,hard cheese,8.0
6608,brown bread,6.0
6608,oil,8.0
6608,hygiene articles,7.0
6609,frankfurter,8.0
6609,ham,8.0
6609,dessert,6.0
6609,yogurt,8.0
6609,processed cheese,8.0
6609,white bread,8.0
6609,pastry,6.0
6609,soda,5.0
6615,citrus fruit,9.0
6615,tropical fruit,9.0
6615,yogurt,8.0
6615,frozen fish,8.0
6615,rolls/buns,8.0
6615,canned vegetables,8.0
6615,soda,5.0
6615,fruit/vegetable juice,8.0
6615,red/blush wine,8.0
6615,chocolate,8.0
6615,candy,8.0
6615,seasonal products,8.0
6615,hygiene articles,7.0
6618,sausage,8.0
6618,pork,8.0
6618,root vegetables,9.0
6618,other vegetables,9.0
6618,whole milk,8.0
6618,butter,8.0
6618,yogurt,8.0
6618,whipped/sour cream,8.0
6618,sliced cheese,8.0
6618,zwieback,8.0
6618,sugar,6.0
6618,coffee,8.0
6620,other vegetables,9.0
6620,frozen fish,8.0
6620,pickled vegetables,8.0
6620,dog food,8.0
6620,salty snack,8.0
6620,shopping bags,8.0
6621,butter,8.0
6621,ice cream,8.0
6621,brown bread,6.0
6621,bottled beer,8.0
6621,rum,8.0
6625,chicken,8.0
6625,pork,8.0
6625,beef,8.0
6625,other vegetables,9.0
6625,salt,8.0
6625,bottled water,8.0
6629,other vegetables,9.0
6629,whole milk,8.0
6629,yogurt,8.0
6629,rolls/buns,8.0
6629,ketchup,8.0
6629,canned vegetables,8.0
6629,napkins,7.0
6629,photo/film,8.0
6630,citrus fruit,9.0
6630,tropical fruit,9.0
6630,whole milk,8.0
6630,yogurt,8.0
6630,soft cheese,8.0
6630,cat food,8.0
6630,bottled water,8.0
6630,chocolate,8.0
6630,specialty chocolate,8.0
6632,citrus fruit,9.0
6632,tropical fruit,9.0
6632,rolls/buns,8.0
6632,oil,8.0
6632,mustard,8.0
6632,soups,5.0
6632,sweet spreads,8.0
6632,soda,5.0
6632,syrup,6.0
6632,canned beer,8.0
6632,waffles,6.0
6632,chocolate,8.0
6632,specialty bar,8.0
6632,dish cleaner,8.0
6632,baby cosmetics,8.0
6632,cookware,8.0
6633,tropical fruit,9.0
6633,coffee,8.0
6633,soda,5.0
6633,misc. beverages,8.0
6633,canned beer,8.0
6633,waffles,6.0
6633,chocolate,8.0
6634,chicken,8.0
6634,pork,8.0
6634,beef,8.0
6634,grapes,8.0
6634,other vegetables,9.0
6634,whole milk,8.0
6634,butter,8.0
6634,yogurt,8.0
6634,margarine,8.0
6634,waffles,6.0
6639,beef,8.0
6639,root vegetables,9.0
6639,herbs,9.0
6639,packaged fruit/vegetables,9.0
6639,brown bread,6.0
6639,canned vegetables,8.0
6641,frankfurter,8.0
6641,turkey,6.0
6641,tropical fruit,9.0
6641,grapes,8.0
6641,root vegetables,9.0
6641,other vegetables,9.0
6641,whole milk,8.0
6641,frozen vegetables,8.0
6641,frozen meals,8.0
6641,frozen potato products,8.0
6641,pastry,6.0
6641,pickled vegetables,8.0
6641,sweet spreads,8.0
6641,soda,5.0
6641,misc. beverages,8.0
6641,salty snack,8.0
6641,cake bar,6.0
6641,chocolate,8.0
6641,detergent,6.0
6641,house keeping products,8.0
6644,whole milk,8.0
6644,dessert,6.0
6644,ice cream,8.0
6644,misc. beverages,8.0
6644,canned beer,8.0
6644,cake bar,6.0
6646,ham,8.0
6646,yogurt,8.0
6646,UHT-milk,8.0
6646,sliced cheese,8.0
6646,frozen vegetables,8.0
6646,frozen dessert,8.0
6646,semi-finished bread,8.0
6646,sweet spreads,8.0
6646,fruit/vegetable juice,8.0
6646,newspapers,7.0
6646,shopping bags,8.0
6647,pip fruit,9.0
6647,dessert,6.0
6647,butter milk,8.0
6647,yogurt,8.0
6647,whipped/sour cream,8.0
6647,frozen vegetables,8.0
6647,rolls/buns,8.0
6649,tropical fruit,9.0
6649,brown bread,6.0
6649,margarine,8.0
6649,cat food,8.0
6649,detergent,6.0
6649,cling film/bags,8.0
6649,newspapers,7.0
6650,citrus fruit,9.0
6650,coffee,8.0
6650,canned beer,8.0
6650,chewing gum,8.0
6650,shopping bags,8.0
6652,citrus fruit,9.0
6652,whole milk,8.0
6652,pastry,6.0
6652,soda,5.0
6652,red/blush wine,8.0
6658,tropical fruit,9.0
6658,condensed milk,8.0
6658,dog food,8.0
6658,bottled water,8.0
6658,fruit/vegetable juice,8.0
6658,specialty chocolate,8.0
6659,yogurt,8.0
6659,bottled water,8.0
6659,misc. beverages,8.0
6659,fruit/vegetable juice,8.0
6659,candy,8.0
6659,light bulbs,8.0
6659,newspapers,7.0
6660,other vegetables,9.0
6660,yogurt,8.0
6660,beverages,8.0
6660,UHT-milk,8.0
6660,cream cheese ,8.0
6660,long life bakery product,5.0
6660,hygiene articles,7.0
6660,napkins,7.0
6661,turkey,6.0
6661,tropical fruit,9.0
6661,pip fruit,9.0
6661,onions,9.0
6661,whipped/sour cream,8.0
6661,pastry,6.0
6661,semi-finished bread,8.0
6661,potato products,9.0
6661,coffee,8.0
6661,salty snack,8.0
6661,shopping bags,8.0
6666,ham,8.0
6666,chicken,8.0
6666,other vegetables,9.0
6666,processed cheese,8.0
6666,white bread,8.0
6666,detergent,6.0
6667,sausage,8.0
6667,dessert,6.0
6667,sliced cheese,8.0
6667,brown bread,6.0
6667,detergent,6.0
6667,kitchen towels,8.0
6667,pot plants,8.0
6667,shopping bags,8.0
6668,tropical fruit,9.0
6668,yogurt,8.0
6668,beverages,8.0
6668,rolls/buns,8.0
6668,waffles,6.0
6668,specialty chocolate,8.0
6668,shopping bags,8.0
6669,citrus fruit,9.0
6669,root vegetables,9.0
6669,yogurt,8.0
6669,hard cheese,8.0
6669,fruit/vegetable juice,8.0
6671,sausage,8.0
6671,other vegetables,9.0
6671,rolls/buns,8.0
6671,brown bread,6.0
6671,margarine,8.0
6671,sugar,6.0
6671,bottled water,8.0
6671,canned beer,8.0
6671,shopping bags,8.0
6673,frankfurter,8.0
6673,citrus fruit,9.0
6673,tropical fruit,9.0
6673,whole milk,8.0
6673,white bread,8.0
6673,chewing gum,8.0
6675,pork,8.0
6675,root vegetables,9.0
6675,onions,9.0
6675,dessert,6.0
6675,whipped/sour cream,8.0
6675,UHT-milk,8.0
6675,brown bread,6.0
6675,newspapers,7.0
6679,chicken,8.0
6679,pip fruit,9.0
6679,root vegetables,9.0
6679,herbs,9.0
6679,whole milk,8.0
6679,frozen vegetables,8.0
6679,domestic eggs,8.0
6680,citrus fruit,9.0
6680,root vegetables,9.0
6680,packaged fruit/vegetables,9.0
6680,whole milk,8.0
6680,yogurt,8.0
6680,cat food,8.0
6680,bottled water,8.0
6680,chocolate,8.0
6680,napkins,7.0
6681,hamburger meat,8.0
6681,tropical fruit,9.0
6681,root vegetables,9.0
6681,other vegetables,9.0
6681,yogurt,8.0
6681,whipped/sour cream,8.0
6681,cream cheese ,8.0
6681,rolls/buns,8.0
6681,baking powder,6.0
6682,root vegetables,9.0
6682,whole milk,8.0
6682,bottled water,8.0
6682,abrasive cleaner,7.0
6682,cling film/bags,8.0
6685,whole milk,8.0
6685,pasta,8.0
6685,mustard,8.0
6685,ketchup,8.0
6685,dog food,8.0
6685,soda,5.0
6685,newspapers,7.0
6687,turkey,6.0
6687,whole milk,8.0
6687,domestic eggs,8.0
6687,rolls/buns,8.0
6687,flour,6.0
6687,mustard,8.0
6687,cereals,8.0
6687,long life bakery product,5.0
6688,turkey,6.0
6688,tropical fruit,9.0
6688,whole milk,8.0
6688,yogurt,8.0
6688,beverages,8.0
6688,hard cheese,8.0
6688,cream cheese ,8.0
6688,brown bread,6.0
6688,baking powder,6.0
6688,dog food,8.0
6688,bottled water,8.0
6688,soda,5.0
6688,fruit/vegetable juice,8.0
6688,canned beer,8.0
6688,detergent,6.0
6688,pot plants,8.0
6689,meat,8.0
6689,turkey,6.0
6689,hamburger meat,8.0
6689,citrus fruit,9.0
6689,pip fruit,9.0
6689,whole milk,8.0
6689,butter,8.0
6689,yogurt,8.0
6689,specialty cheese,8.0
6689,rolls/buns,8.0
6689,brown bread,6.0
6689,Instant food products,8.0
6689,bottled beer,8.0
6689,specialty chocolate,8.0
6689,newspapers,7.0
6690,tropical fruit,9.0
6690,pip fruit,9.0
6690,yogurt,8.0
6690,frozen meals,8.0
6690,rolls/buns,8.0
6690,bottled water,8.0
6690,soda,5.0
6690,newspapers,7.0
6695,frankfurter,8.0
6695,pip fruit,9.0
6695,other vegetables,9.0
6695,soda,5.0
6695,bottled beer,8.0
6698,whole milk,8.0
6698,yogurt,8.0
6698,rolls/buns,8.0
6698,soups,5.0
6698,coffee,8.0
6699,berries,9.0
6699,whole milk,8.0
6699,hard cheese,8.0
6699,processed cheese,8.0
6699,domestic eggs,8.0
6699,rolls/buns,8.0
6699,white bread,8.0
6699,margarine,8.0
6699,sugar,6.0
6699,waffles,6.0
6700,frankfurter,8.0
6700,sausage,8.0
6700,hamburger meat,8.0
6700,pip fruit,9.0
6700,other vegetables,9.0
6700,whole milk,8.0
6700,dessert,6.0
6700,frozen meals,8.0
6700,domestic eggs,8.0
6700,soda,5.0
6701,citrus fruit,9.0
6701,tropical fruit,9.0
6701,yogurt,8.0
6701,rolls/buns,8.0
6701,red/blush wine,8.0
6703,pork,8.0
6703,root vegetables,9.0
6703,whole milk,8.0
6703,pickled vegetables,8.0
6703,coffee,8.0
6704,frankfurter,8.0
6704,pork,8.0
6704,tropical fruit,9.0
6704,pip fruit,9.0
6704,other vegetables,9.0
6704,whipped/sour cream,8.0
6704,beverages,8.0
6704,white bread,8.0
6705,ham,8.0
6705,whole milk,8.0
6705,sliced cheese,8.0
6705,bottled water,8.0
6705,napkins,7.0
6706,citrus fruit,9.0
6706,berries,9.0
6706,whole milk,8.0
6706,butter milk,8.0
6706,whipped/sour cream,8.0
6706,frozen vegetables,8.0
6706,mustard,8.0
6706,baking powder,6.0
6706,soda,5.0
6706,fruit/vegetable juice,8.0
6706,liquor (appetizer),8.0
6706,cooking chocolate,6.0
6707,chicken,8.0
6707,whole milk,8.0
6707,soft cheese,8.0
6707,coffee,8.0
6707,salty snack,8.0
6707,specialty chocolate,8.0
6709,tropical fruit,9.0
6709,berries,9.0
6709,other vegetables,9.0
6709,whole milk,8.0
6709,butter,8.0
6709,yogurt,8.0
6709,cream cheese ,8.0
6709,brown bread,6.0
6711,sausage,8.0
6711,citrus fruit,9.0
6711,tropical fruit,9.0
6711,root vegetables,9.0
6711,other vegetables,9.0
6711,whole milk,8.0
6711,yogurt,8.0
6711,whipped/sour cream,8.0
6711,processed cheese,8.0
6711,rolls/buns,8.0
6711,pastry,6.0
6711,coffee,8.0
6711,cake bar,6.0
6711,newspapers,7.0
6712,hamburger meat,8.0
6712,whole milk,8.0
6712,white bread,8.0
6712,brown bread,6.0
6712,sugar,6.0
6712,fruit/vegetable juice,8.0
6713,citrus fruit,9.0
6713,whole milk,8.0
6713,butter milk,8.0
6713,UHT-milk,8.0
6713,domestic eggs,8.0
6713,rolls/buns,8.0
6713,semi-finished bread,8.0
6713,margarine,8.0
6713,bottled water,8.0
6717,ham,8.0
6717,other vegetables,9.0
6717,processed cheese,8.0
6717,rolls/buns,8.0
6717,white bread,8.0
6717,brown bread,6.0
6717,margarine,8.0
6718,beef,8.0
6718,citrus fruit,9.0
6718,root vegetables,9.0
6718,whole milk,8.0
6718,domestic eggs,8.0
6718,rubbing alcohol,6.0
6719,pip fruit,9.0
6719,bottled water,8.0
6719,liquor,8.0
6719,napkins,7.0
6719,cling film/bags,8.0
6721,whole milk,8.0
6721,roll products ,8.0
6721,semi-finished bread,8.0
6721,margarine,8.0
6721,pet care,8.0
6721,instant coffee,8.0
6721,soda,5.0
6721,bottled beer,8.0
6721,salty snack,8.0
6721,popcorn,8.0
6721,long life bakery product,5.0
6722,pork,8.0
6722,root vegetables,9.0
6722,whole milk,8.0
6722,whipped/sour cream,8.0
6722,ice cream,8.0
6722,brown bread,6.0
6722,flour,6.0
6722,pasta,8.0
6722,margarine,8.0
6722,sugar,6.0
6722,pudding powder,8.0
6722,bottled water,8.0
6722,specialty chocolate,8.0
6722,detergent,6.0
6722,dish cleaner,8.0
6722,hygiene articles,7.0
6722,cling film/bags,8.0
6722,house keeping products,8.0
6722,candles,8.0
6726,ham,8.0
6726,beef,8.0
6726,butter,8.0
6726,yogurt,8.0
6726,specialty cheese,8.0
6726,domestic eggs,8.0
6726,bottled water,8.0
6726,cake bar,6.0
6726,pot plants,8.0
6731,frankfurter,8.0
6731,other vegetables,9.0
6731,yogurt,8.0
6731,UHT-milk,8.0
6731,soft cheese,8.0
6731,domestic eggs,8.0
6731,rolls/buns,8.0
6731,dish cleaner,8.0
6733,pip fruit,9.0
6733,yogurt,8.0
6733,soft cheese,8.0
6733,brown bread,6.0
6733,seasonal products,8.0
6740,sausage,8.0
6740,ham,8.0
6740,root vegetables,9.0
6740,other vegetables,9.0
6740,soft cheese,8.0
6740,sliced cheese,8.0
6740,mustard,8.0
6740,specialty vegetables,9.0
6740,bottled beer,8.0
6740,rum,8.0
6740,long life bakery product,5.0
6741,sausage,8.0
6741,meat,8.0
6741,chicken,8.0
6741,hamburger meat,8.0
6741,tropical fruit,9.0
6741,herbs,9.0
6741,other vegetables,9.0
6741,ice cream,8.0
6741,white bread,8.0
6741,soda,5.0
6741,specialty chocolate,8.0
6741,dish cleaner,8.0
6741,abrasive cleaner,7.0
6744,sausage,8.0
6744,whole milk,8.0
6744,butter,8.0
6744,cream cheese ,8.0
6744,pickled vegetables,8.0
6744,fruit/vegetable juice,8.0
6744,long life bakery product,5.0
6745,sausage,8.0
6745,root vegetables,9.0
6745,whole milk,8.0
6745,pastry,6.0
6745,soda,5.0
6745,soap,6.0
6746,sausage,8.0
6746,citrus fruit,9.0
6746,pip fruit,9.0
6746,whole milk,8.0
6746,butter milk,8.0
6748,other vegetables,9.0
6748,butter,8.0
6748,sliced cheese,8.0
6748,cream cheese ,8.0
6748,rolls/buns,8.0
6748,margarine,8.0
6748,soda,5.0
6748,misc. beverages,8.0
6750,sausage,8.0
6750,soda,5.0
6750,white wine,8.0
6750,chewing gum,8.0
6750,shopping bags,8.0
6752,beef,8.0
6752,onions,9.0
6752,other vegetables,9.0
6752,whipped/sour cream,8.0
6752,domestic eggs,8.0
6752,pastry,6.0
6752,flour,6.0
6752,pet care,8.0
6752,fruit/vegetable juice,8.0
6752,canned beer,8.0
6752,newspapers,7.0
6753,sausage,8.0
6753,other vegetables,9.0
6753,butter,8.0
6753,curd,8.0
6753,whipped/sour cream,8.0
6753,hard cheese,8.0
6753,flour,6.0
6753,sauces,8.0
6753,misc. beverages,8.0
6753,fruit/vegetable juice,8.0
6753,salty snack,8.0
6754,pork,8.0
6754,beef,8.0
6754,root vegetables,9.0
6754,other vegetables,9.0
6754,whole milk,8.0
6754,domestic eggs,8.0
6754,rice,9.0
6754,sugar,6.0
6754,fruit/vegetable juice,8.0
6754,bottled beer,8.0
6754,abrasive cleaner,7.0
6754,soap,6.0
6754,newspapers,7.0
6756,pip fruit,9.0
6756,root vegetables,9.0
6756,herbs,9.0
6756,whole milk,8.0
6756,curd,8.0
6756,yogurt,8.0
6756,canned fish,8.0
6756,pot plants,8.0
6761,packaged fruit/vegetables,9.0
6761,whole milk,8.0
6761,beverages,8.0
6761,rolls/buns,8.0
6761,napkins,7.0
6763,other vegetables,9.0
6763,whole milk,8.0
6763,curd,8.0
6763,domestic eggs,8.0
6763,hygiene articles,7.0
6764,sausage,8.0
6764,citrus fruit,9.0
6764,onions,9.0
6764,other vegetables,9.0
6764,whole milk,8.0
6764,sliced cheese,8.0
6764,cream cheese ,8.0
6764,salt,8.0
6764,newspapers,7.0
6765,ham,8.0
6765,tropical fruit,9.0
6765,beverages,8.0
6765,white bread,8.0
6765,pastry,6.0
6765,waffles,6.0
6765,specialty chocolate,8.0
6765,specialty bar,8.0
6768,ham,8.0
6768,root vegetables,9.0
6768,onions,9.0
6768,whole milk,8.0
6768,domestic eggs,8.0
6768,rolls/buns,8.0
6768,brown bread,6.0
6768,pastry,6.0
6768,newspapers,7.0
6769,tropical fruit,9.0
6769,root vegetables,9.0
6769,whole milk,8.0
6769,curd,8.0
6769,domestic eggs,8.0
6769,brown bread,6.0
6769,fruit/vegetable juice,8.0
6770,tropical fruit,9.0
6770,pip fruit,9.0
6770,other vegetables,9.0
6770,soda,5.0
6770,bottled beer,8.0
6770,liquor (appetizer),8.0
6775,pip fruit,9.0
6775,UHT-milk,8.0
6775,white bread,8.0
6775,brown bread,6.0
6775,margarine,8.0
6775,softener,8.0
6775,napkins,7.0
6776,other vegetables,9.0
6776,whole milk,8.0
6776,pet care,8.0
6776,soda,5.0
6776,canned beer,8.0
6776,salty snack,8.0
6777,tropical fruit,9.0
6777,yogurt,8.0
6777,white bread,8.0
6777,soda,5.0
6777,fruit/vegetable juice,8.0
6777,candy,8.0
6777,napkins,7.0
6779,frankfurter,8.0
6779,hamburger meat,8.0
6779,root vegetables,9.0
6779,other vegetables,9.0
6779,whole milk,8.0
6779,curd,8.0
6779,sliced cheese,8.0
6779,processed cheese,8.0
6779,frozen meals,8.0
6779,ice cream,8.0
6779,domestic eggs,8.0
6779,bottled water,8.0
6779,fruit/vegetable juice,8.0
6779,bottled beer,8.0
6780,root vegetables,9.0
6780,whole milk,8.0
6780,hard cheese,8.0
6780,domestic eggs,8.0
6780,zwieback,8.0
6780,rice,9.0
6780,mustard,8.0
6780,organic products,9.0
6780,pickled vegetables,8.0
6780,cat food,8.0
6780,coffee,8.0
6780,fruit/vegetable juice,8.0
6780,cleaner,6.0
6780,napkins,7.0
6780,shopping bags,8.0
6781,chicken,8.0
6781,berries,9.0
6781,root vegetables,9.0
6781,herbs,9.0
6781,other vegetables,9.0
6781,whole milk,8.0
6781,curd,8.0
6781,ice cream,8.0
6781,domestic eggs,8.0
6781,margarine,8.0
6781,soups,5.0
6781,newspapers,7.0
6784,frankfurter,8.0
6784,sausage,8.0
6784,hamburger meat,8.0
6784,tropical fruit,9.0
6784,other vegetables,9.0
6784,pastry,6.0
6784,soda,5.0
6784,salty snack,8.0
6784,detergent,6.0
6785,ham,8.0
6785,beef,8.0
6785,citrus fruit,9.0
6785,tropical fruit,9.0
6785,root vegetables,9.0
6785,other vegetables,9.0
6785,whole milk,8.0
6785,butter milk,8.0
6785,domestic eggs,8.0
6785,rolls/buns,8.0
6785,pastry,6.0
6785,mustard,8.0
6785,pickled vegetables,8.0
6785,soda,5.0
6785,long life bakery product,5.0
6785,chocolate,8.0
6785,specialty chocolate,8.0
6785,specialty bar,8.0
6785,chocolate marshmallow,8.0
6785,candy,8.0
6785,napkins,7.0
6785,cookware,8.0
6785,newspapers,7.0
6788,berries,9.0
6788,other vegetables,9.0
6788,yogurt,8.0
6788,whipped/sour cream,8.0
6788,soft cheese,8.0
6788,processed cheese,8.0
6788,pastry,6.0
6788,roll products ,8.0
6788,flour,6.0
6788,cat food,8.0
6799,pork,8.0
6799,tropical fruit,9.0
6799,grapes,8.0
6799,root vegetables,9.0
6799,other vegetables,9.0
6799,whole milk,8.0
6799,butter,8.0
6799,yogurt,8.0
6799,rolls/buns,8.0
6802,beef,8.0
6802,tropical fruit,9.0
6802,root vegetables,9.0
6802,other vegetables,9.0
6802,curd,8.0
6802,rolls/buns,8.0
6802,tea,8.0
6802,bottled water,8.0
6802,hygiene articles,7.0
6802,flower (seeds),8.0
6803,frankfurter,8.0
6803,pork,8.0
6803,beef,8.0
6803,tropical fruit,9.0
6803,root vegetables,9.0
6803,other vegetables,9.0
6803,butter,8.0
6803,rolls/buns,8.0
6803,pastry,6.0
6803,coffee,8.0
6803,fruit/vegetable juice,8.0
6803,chocolate,8.0
6803,hygiene articles,7.0
6803,newspapers,7.0
6804,tropical fruit,9.0
6804,onions,9.0
6804,whole milk,8.0
6804,whipped/sour cream,8.0
6804,margarine,8.0
6804,soda,5.0
6805,tropical fruit,9.0
6805,root vegetables,9.0
6805,whole milk,8.0
6805,curd,8.0
6805,dessert,6.0
6805,butter milk,8.0
6805,yogurt,8.0
6805,sauces,8.0
6805,bottled water,8.0
6805,syrup,6.0
6805,specialty chocolate,8.0
6805,cleaner,6.0
6806,frankfurter,8.0
6806,sausage,8.0
6806,turkey,6.0
6806,tropical fruit,9.0
6806,root vegetables,9.0
6806,white bread,8.0
6806,canned vegetables,8.0
6806,soda,5.0
6807,sausage,8.0
6807,pip fruit,9.0
6807,root vegetables,9.0
6807,herbs,9.0
6807,whole milk,8.0
6807,processed cheese,8.0
6807,mayonnaise,8.0
6807,soda,5.0
6807,rum,8.0
6809,pork,8.0
6809,citrus fruit,9.0
6809,pip fruit,9.0
6809,root vegetables,9.0
6809,other vegetables,9.0
6809,whole milk,8.0
6809,butter,8.0
6809,curd,8.0
6809,yogurt,8.0
6809,whipped/sour cream,8.0
6809,cream cheese ,8.0
6809,frozen vegetables,8.0
6809,frozen meals,8.0
6809,Instant food products,8.0
6809,soda,5.0
6809,fruit/vegetable juice,8.0
6809,salty snack,8.0
6809,specialty bar,8.0
6810,chicken,8.0
6810,hamburger meat,8.0
6810,tropical fruit,9.0
6810,pip fruit,9.0
6810,root vegetables,9.0
6810,other vegetables,9.0
6810,rolls/buns,8.0
6810,salt,8.0
6810,canned vegetables,8.0
6810,coffee,8.0
6810,soda,5.0
6810,canned beer,8.0
6811,other vegetables,9.0
6811,whole milk,8.0
6811,curd,8.0
6811,whipped/sour cream,8.0
6811,domestic eggs,8.0
6811,rolls/buns,8.0
6812,whole milk,8.0
6812,butter,8.0
6812,yogurt,8.0
6812,frozen meals,8.0
6812,rolls/buns,8.0
6812,zwieback,8.0
6812,margarine,8.0
6812,pickled vegetables,8.0
6812,fruit/vegetable juice,8.0
6812,bottled beer,8.0
6814,zwieback,8.0
6814,salty snack,8.0
6814,popcorn,8.0
6814,waffles,6.0
6814,chocolate,8.0
6815,pork,8.0
6815,bottled beer,8.0
6815,salty snack,8.0
6815,detergent,6.0
6815,napkins,7.0
6819,pip fruit,9.0
6819,onions,9.0
6819,other vegetables,9.0
6819,vinegar,8.0
6819,waffles,6.0
6820,sausage,8.0
6820,spread cheese,8.0
6820,mustard,8.0
6820,bottled water,8.0
6820,cleaner,6.0
6820,shopping bags,8.0
6821,frankfurter,8.0
6821,hamburger meat,8.0
6821,pip fruit,9.0
6821,other vegetables,9.0
6821,butter milk,8.0
6821,yogurt,8.0
6821,sliced cheese,8.0
6821,coffee,8.0
6821,specialty bar,8.0
6823,sausage,8.0
6823,other vegetables,9.0
6823,packaged fruit/vegetables,9.0
6823,bottled beer,8.0
6823,red/blush wine,8.0
6825,citrus fruit,9.0
6825,other vegetables,9.0
6825,whole milk,8.0
6825,yogurt,8.0
6825,bottled water,8.0
6825,bottled beer,8.0
6827,pip fruit,9.0
6827,whole milk,8.0
6827,domestic eggs,8.0
6827,white bread,8.0
6827,flour,6.0
6827,specialty fat,8.0
6827,baking powder,6.0
6827,bottled water,8.0
6827,fruit/vegetable juice,8.0
6827,flower (seeds),8.0
6828,tropical fruit,9.0
6828,pip fruit,9.0
6828,other vegetables,9.0
6828,whole milk,8.0
6828,curd,8.0
6828,photo/film,8.0
6829,onions,9.0
6829,other vegetables,9.0
6829,whole milk,8.0
6829,curd,8.0
6829,yogurt,8.0
6829,brown bread,6.0
6829,rice,9.0
6829,margarine,8.0
6829,canned beer,8.0
6829,cake bar,6.0
6829,dish cleaner,8.0
6829,hygiene articles,7.0
6829,napkins,7.0
6829,house keeping products,8.0
6830,root vegetables,9.0
6830,other vegetables,9.0
6830,curd,8.0
6830,cream cheese ,8.0
6830,pastry,6.0
6833,turkey,6.0
6833,citrus fruit,9.0
6833,tropical fruit,9.0
6833,root vegetables,9.0
6833,herbs,9.0
6833,other vegetables,9.0
6833,whole milk,8.0
6833,curd,8.0
6833,hard cheese,8.0
6833,cream cheese ,8.0
6833,domestic eggs,8.0
6833,brown bread,6.0
6833,oil,8.0
6833,bottled water,8.0
6833,misc. beverages,8.0
6833,fruit/vegetable juice,8.0
6837,herbs,9.0
6837,whole milk,8.0
6837,butter milk,8.0
6837,yogurt,8.0
6837,cream cheese ,8.0
6837,frozen vegetables,8.0
6837,frozen fish,8.0
6837,rolls/buns,8.0
6837,salt,8.0
6837,margarine,8.0
6837,newspapers,7.0
6841,chicken,8.0
6841,hamburger meat,8.0
6841,herbs,9.0
6841,other vegetables,9.0
6841,whole milk,8.0
6841,yogurt,8.0
6841,domestic eggs,8.0
6841,rolls/buns,8.0
6841,light bulbs,8.0
6844,sausage,8.0
6844,citrus fruit,9.0
6844,yogurt,8.0
6844,pastry,6.0
6844,instant coffee,8.0
6844,soda,5.0
6844,napkins,7.0
6844,newspapers,7.0
6845,tropical fruit,9.0
6845,other vegetables,9.0
6845,yogurt,8.0
6845,frozen vegetables,8.0
6845,margarine,8.0
6845,pickled vegetables,8.0
6845,cat food,8.0
6845,detergent,6.0
6845,pot plants,8.0
6846,grapes,8.0
6846,berries,9.0
6846,butter,8.0
6846,frozen vegetables,8.0
6846,bottled water,8.0
6846,soda,5.0
6846,cling film/bags,8.0
6850,other vegetables,9.0
6850,whipped/sour cream,8.0
6850,rolls/buns,8.0
6850,pastry,6.0
6850,sweet spreads,8.0
6850,chocolate,8.0
6852,frankfurter,8.0
6852,ham,8.0
6852,beef,8.0
6852,berries,9.0
6852,other vegetables,9.0
6852,whole milk,8.0
6852,yogurt,8.0
6852,domestic eggs,8.0
6852,pastry,6.0
6852,soda,5.0
6852,bottled beer,8.0
6852,red/blush wine,8.0
6852,flower (seeds),8.0
6856,whole milk,8.0
6856,curd,8.0
6856,dessert,6.0
6856,roll products ,8.0
6856,tea,8.0
6856,cocoa drinks,8.0
6856,bottled beer,8.0
6856,canned beer,8.0
6856,cooking chocolate,6.0
6856,cling film/bags,8.0
6857,sausage,8.0
6857,rolls/buns,8.0
6857,pastry,6.0
6857,soda,5.0
6857,seasonal products,8.0
6857,shopping bags,8.0
6859,other vegetables,9.0
6859,bottled beer,8.0
6859,red/blush wine,8.0
6859,prosecco,8.0
6859,specialty chocolate,8.0
6860,sliced cheese,8.0
6860,hard cheese,8.0
6860,coffee,8.0
6860,soda,5.0
6860,bottled beer,8.0
6860,chewing gum,8.0
6860,hygiene articles,7.0
6863,frankfurter,8.0
6863,ham,8.0
6863,citrus fruit,9.0
6863,tropical fruit,9.0
6863,pip fruit,9.0
6863,root vegetables,9.0
6863,herbs,9.0
6863,other vegetables,9.0
6863,whole milk,8.0
6863,yogurt,8.0
6863,whipped/sour cream,8.0
6863,processed cheese,8.0
6863,domestic eggs,8.0
6863,white bread,8.0
6863,coffee,8.0
6863,bottled beer,8.0
6864,sausage,8.0
6864,turkey,6.0
6864,tropical fruit,9.0
6864,grapes,8.0
6864,other vegetables,9.0
6864,whole milk,8.0
6864,curd,8.0
6864,yogurt,8.0
6864,semi-finished bread,8.0
6864,spices,9.0
6864,baking powder,6.0
6864,cat food,8.0
6864,bottled water,8.0
6864,long life bakery product,5.0
6864,chocolate,8.0
6871,other vegetables,9.0
6871,whole milk,8.0
6871,butter,8.0
6871,yogurt,8.0
6871,beverages,8.0
6871,sliced cheese,8.0
6871,cereals,8.0
6871,pot plants,8.0
6878,other vegetables,9.0
6878,whole milk,8.0
6878,frozen vegetables,8.0
6878,frozen dessert,8.0
6878,soups,5.0
6878,soda,5.0
6878,napkins,7.0
6878,flower (seeds),8.0
6884,root vegetables,9.0
6884,other vegetables,9.0
6884,whole milk,8.0
6884,pet care,8.0
6884,soda,5.0
6885,turkey,6.0
6885,packaged fruit/vegetables,9.0
6885,butter milk,8.0
6885,UHT-milk,8.0
6885,rolls/buns,8.0
6885,zwieback,8.0
6885,bottled water,8.0
6885,fruit/vegetable juice,8.0
6887,citrus fruit,9.0
6887,other vegetables,9.0
6887,white bread,8.0
6887,brown bread,6.0
6887,roll products ,8.0
6887,margarine,8.0
6887,coffee,8.0
6887,fruit/vegetable juice,8.0
6887,syrup,6.0
6889,curd,8.0
6889,yogurt,8.0
6889,oil,8.0
6889,bottled water,8.0
6889,bottled beer,8.0
6889,male cosmetics,7.0
6895,pork,8.0
6895,beef,8.0
6895,butter,8.0
6895,whipped/sour cream,8.0
6895,frozen meals,8.0
6895,frozen fish,8.0
6895,rolls/buns,8.0
6895,pastry,6.0
6895,canned fish,8.0
6895,cat food,8.0
6895,waffles,6.0
6895,chocolate,8.0
6895,shopping bags,8.0
6896,pip fruit,9.0
6896,margarine,8.0
6896,soda,5.0
6896,long life bakery product,5.0
6896,waffles,6.0
6896,specialty chocolate,8.0
6896,detergent,6.0
6896,dish cleaner,8.0
6896,hygiene articles,7.0
6896,house keeping products,8.0
6896,flower soil/fertilizer,8.0
6897,chicken,8.0
6897,other vegetables,9.0
6897,beverages,8.0
6897,spices,9.0
6897,hygiene articles,7.0
6898,chicken,8.0
6898,citrus fruit,9.0
6898,whole milk,8.0
6898,processed cheese,8.0
6898,coffee,8.0
6898,soda,5.0
6898,fruit/vegetable juice,8.0
6898,canned beer,8.0
6898,white wine,8.0
6898,candy,8.0
6898,shopping bags,8.0
6901,sausage,8.0
6901,UHT-milk,8.0
6901,domestic eggs,8.0
6901,white bread,8.0
6901,soda,5.0
6901,cake bar,6.0
6902,sausage,8.0
6902,root vegetables,9.0
6902,butter,8.0
6902,oil,8.0
6902,pickled vegetables,8.0
6902,bottled beer,8.0
6902,shopping bags,8.0
6905,sausage,8.0
6905,meat,8.0
6905,berries,9.0
6905,whole milk,8.0
6905,whipped/sour cream,8.0
6905,white bread,8.0
6905,fruit/vegetable juice,8.0
6905,long life bakery product,5.0
6905,waffles,6.0
6905,abrasive cleaner,7.0
6911,hamburger meat,8.0
6911,pip fruit,9.0
6911,tea,8.0
6911,bottled beer,8.0
6911,white wine,8.0
6913,sausage,8.0
6913,meat,8.0
6913,citrus fruit,9.0
6913,yogurt,8.0
6913,hard cheese,8.0
6913,frozen meals,8.0
6913,soda,5.0
6913,fruit/vegetable juice,8.0
6913,napkins,7.0
6913,newspapers,7.0
6916,beef,8.0
6916,root vegetables,9.0
6916,herbs,9.0
6916,frozen vegetables,8.0
6916,fruit/vegetable juice,8.0
6916,specialty chocolate,8.0
6921,frankfurter,8.0
6921,beef,8.0
6921,other vegetables,9.0
6921,chocolate,8.0
6921,shopping bags,8.0
6925,whole milk,8.0
6925,curd,8.0
6925,soda,5.0
6925,bottled beer,8.0
6925,cling film/bags,8.0
6926,whole milk,8.0
6926,misc. beverages,8.0
6926,salty snack,8.0
6926,long life bakery product,5.0
6926,shopping bags,8.0
6927,citrus fruit,9.0
6927,oil,8.0
6927,baking powder,6.0
6927,candy,8.0
6927,dishes,8.0
6928,whole milk,8.0
6928,canned fish,8.0
6928,bottled beer,8.0
6928,abrasive cleaner,7.0
6928,cleaner,6.0
6937,beef,8.0
6937,citrus fruit,9.0
6937,root vegetables,9.0
6937,other vegetables,9.0
6937,whole milk,8.0
6937,yogurt,8.0
6937,domestic eggs,8.0
6937,pastry,6.0
6937,semi-finished bread,8.0
6937,salt,8.0
6937,sugar,6.0
6937,sweet spreads,8.0
6937,soda,5.0
6937,fruit/vegetable juice,8.0
6937,red/blush wine,8.0
6938,citrus fruit,9.0
6938,tropical fruit,9.0
6938,whole milk,8.0
6938,butter milk,8.0
6938,rice,9.0
6938,oil,8.0
6938,bottled water,8.0
6938,white wine,8.0
6938,popcorn,8.0
6938,hygiene articles,7.0
6938,shopping bags,8.0
6942,other vegetables,9.0
6942,whole milk,8.0
6942,dessert,6.0
6942,butter milk,8.0
6942,yogurt,8.0
6942,cream cheese ,8.0
6942,pickled vegetables,8.0
6947,pip fruit,9.0
6947,root vegetables,9.0
6947,other vegetables,9.0
6947,whole milk,8.0
6947,margarine,8.0
6947,bottled water,8.0
6950,tropical fruit,9.0
6950,other vegetables,9.0
6950,packaged fruit/vegetables,9.0
6950,butter,8.0
6950,bottled water,8.0
6952,sausage,8.0
6952,pip fruit,9.0
6952,root vegetables,9.0
6952,whole milk,8.0
6952,butter,8.0
6952,domestic eggs,8.0
6952,brown bread,6.0
6952,cereals,8.0
6952,baking powder,6.0
6952,fruit/vegetable juice,8.0
6952,long life bakery product,5.0
6952,chocolate,8.0
6954,whole milk,8.0
6954,semi-finished bread,8.0
6954,sugar,6.0
6954,coffee,8.0
6954,seasonal products,8.0
6954,hygiene articles,7.0
6954,napkins,7.0
6954,shopping bags,8.0
6955,frozen dessert,8.0
6955,pastry,6.0
6955,semi-finished bread,8.0
6955,vinegar,8.0
6955,coffee,8.0
6962,other vegetables,9.0
6962,packaged fruit/vegetables,9.0
6962,dessert,6.0
6962,frozen vegetables,8.0
6962,domestic eggs,8.0
6962,flour,6.0
6962,salt,8.0
6962,sugar,6.0
6964,sausage,8.0
6964,other vegetables,9.0
6964,frozen dessert,8.0
6964,pastry,6.0
6964,fruit/vegetable juice,8.0
6964,long life bakery product,5.0
6968,bottled water,8.0
6968,soda,5.0
6968,fruit/vegetable juice,8.0
6968,salty snack,8.0
6968,newspapers,7.0
6975,citrus fruit,9.0
6975,tropical fruit,9.0
6975,whole milk,8.0
6975,curd,8.0
6975,yogurt,8.0
6975,domestic eggs,8.0
6975,bottled water,8.0
6975,soda,5.0
6975,shopping bags,8.0
6977,whole milk,8.0
6977,UHT-milk,8.0
6977,frozen potato products,8.0
6977,baking powder,6.0
6977,pet care,8.0
6977,popcorn,8.0
6977,candy,8.0
6985,onions,9.0
6985,whole milk,8.0
6985,processed cheese,8.0
6985,pastry,6.0
6985,oil,8.0
6987,frankfurter,8.0
6987,dessert,6.0
6987,rolls/buns,8.0
6987,artif. sweetener,8.0
6987,mustard,8.0
6987,canned beer,8.0
6987,dish cleaner,8.0
6987,male cosmetics,7.0
6989,citrus fruit,9.0
6989,tropical fruit,9.0
6989,pip fruit,9.0
6989,yogurt,8.0
6989,ice cream,8.0
6989,soda,5.0
6990,tropical fruit,9.0
6990,other vegetables,9.0
6990,whole milk,8.0
6990,curd,8.0
6990,frozen fish,8.0
6990,domestic eggs,8.0
6990,baking powder,6.0
6990,cling film/bags,8.0
6995,tropical fruit,9.0
6995,pip fruit,9.0
6995,whole milk,8.0
6995,hard cheese,8.0
6995,frozen meals,8.0
6995,white bread,8.0
6995,zwieback,8.0
6995,sparkling wine,8.0
6995,softener,8.0
6995,hygiene articles,7.0
6995,newspapers,7.0
6997,sausage,8.0
6997,other vegetables,9.0
6997,brown bread,6.0
6997,misc. beverages,8.0
6997,fruit/vegetable juice,8.0
6997,chocolate,8.0
6997,candy,8.0
7006,bottled water,8.0
7006,soda,5.0
7006,cake bar,6.0
7006,chocolate,8.0
7006,shopping bags,8.0
7013,citrus fruit,9.0
7013,pip fruit,9.0
7013,grapes,8.0
7013,other vegetables,9.0
7013,brown bread,6.0
7013,cat food,8.0
7013,bottled water,8.0
7013,napkins,7.0
7014,citrus fruit,9.0
7014,other vegetables,9.0
7014,frozen meals,8.0
7014,rice,9.0
7014,bottled beer,8.0
7014,canned beer,8.0
7017,beef,8.0
7017,tropical fruit,9.0
7017,root vegetables,9.0
7017,whole milk,8.0
7017,rolls/buns,8.0
7017,bottled water,8.0
7017,salty snack,8.0
7026,tropical fruit,9.0
7026,whole milk,8.0
7026,yogurt,8.0
7026,pastry,6.0
7026,soda,5.0
7026,misc. beverages,8.0
7032,tropical fruit,9.0
7032,pip fruit,9.0
7032,other vegetables,9.0
7032,curd,8.0
7032,beverages,8.0
7032,pastry,6.0
7032,soda,5.0
7032,waffles,6.0
7033,chicken,8.0
7033,beef,8.0
7033,packaged fruit/vegetables,9.0
7033,dessert,6.0
7033,whipped/sour cream,8.0
7033,soft cheese,8.0
7033,frozen meals,8.0
7033,rolls/buns,8.0
7033,white bread,8.0
7033,pasta,8.0
7033,shopping bags,8.0
7039,hamburger meat,8.0
7039,citrus fruit,9.0
7039,root vegetables,9.0
7039,other vegetables,9.0
7039,ice cream,8.0
7039,domestic eggs,8.0
7039,rolls/buns,8.0
7039,white bread,8.0
7039,canned beer,8.0
7039,long life bakery product,5.0
7039,cling film/bags,8.0
7041,frozen meals,8.0
7041,frozen fish,8.0
7041,frozen dessert,8.0
7041,pastry,6.0
7041,canned beer,8.0
7041,long life bakery product,5.0
7041,waffles,6.0
7041,napkins,7.0
7041,shopping bags,8.0
7045,tropical fruit,9.0
7045,yogurt,8.0
7045,whipped/sour cream,8.0
7045,sliced cheese,8.0
7045,coffee,8.0
7045,soda,5.0
7045,fruit/vegetable juice,8.0
7045,hair spray,7.0
7045,soap,6.0
7046,sausage,8.0
7046,tropical fruit,9.0
7046,whole milk,8.0
7046,soft cheese,8.0
7046,brown bread,6.0
7046,fruit/vegetable juice,8.0
7052,tropical fruit,9.0
7052,root vegetables,9.0
7052,whole milk,8.0
7052,condensed milk,8.0
7052,rolls/buns,8.0
7052,bottled beer,8.0
7052,waffles,6.0
7055,citrus fruit,9.0
7055,tropical fruit,9.0
7055,whole milk,8.0
7055,rolls/buns,8.0
7055,honey,9.0
7057,beef,8.0
7057,citrus fruit,9.0
7057,root vegetables,9.0
7057,pasta,8.0
7057,canned beer,8.0
7057,male cosmetics,7.0
7057,hygiene articles,7.0
7064,root vegetables,9.0
7064,butter,8.0
7064,curd,8.0
7064,pastry,6.0
7064,chocolate,8.0
7064,kitchen towels,8.0
7068,chicken,8.0
7068,root vegetables,9.0
7068,other vegetables,9.0
7068,curd,8.0
7068,yogurt,8.0
7068,beverages,8.0
7068,margarine,8.0
7068,candles,8.0
7068,flower (seeds),8.0
7069,sausage,8.0
7069,chicken,8.0
7069,other vegetables,9.0
7069,whole milk,8.0
7069,whipped/sour cream,8.0
7069,hard cheese,8.0
7069,frozen meals,8.0
7069,rolls/buns,8.0
7069,cereals,8.0
7069,coffee,8.0
7069,cake bar,6.0
7069,cleaner,6.0
7069,skin care,7.0
7069,female sanitary products,7.0
7069,house keeping products,8.0
7075,chicken,8.0
7075,root vegetables,9.0
7075,curd,8.0
7075,specialty bar,8.0
7075,newspapers,7.0
7077,citrus fruit,9.0
7077,whole milk,8.0
7077,butter,8.0
7077,yogurt,8.0
7077,frozen vegetables,8.0
7077,rolls/buns,8.0
7077,baking powder,6.0
7077,instant coffee,8.0
7077,napkins,7.0
7077,dishes,8.0
7077,newspapers,7.0
7083,pip fruit,9.0
7083,whole milk,8.0
7083,butter,8.0
7083,cream cheese ,8.0
7083,bottled water,8.0
7083,newspapers,7.0
7084,citrus fruit,9.0
7084,tropical fruit,9.0
7084,whole milk,8.0
7084,pastry,6.0
7084,margarine,8.0
7084,candles,8.0
7085,other vegetables,9.0
7085,whole milk,8.0
7085,yogurt,8.0
7085,domestic eggs,8.0
7085,roll products ,8.0
7085,newspapers,7.0
7085,shopping bags,8.0
7086,citrus fruit,9.0
7086,root vegetables,9.0
7086,whole milk,8.0
7086,butter milk,8.0
7086,yogurt,8.0
7086,baking powder,6.0
7086,bottled water,8.0
7089,UHT-milk,8.0
7089,condensed milk,8.0
7089,sugar,6.0
7089,coffee,8.0
7089,cling film/bags,8.0
7090,frankfurter,8.0
7090,sausage,8.0
7090,finished products,8.0
7090,organic sausage,9.0
7090,pastry,6.0
7090,waffles,6.0
7094,tropical fruit,9.0
7094,whole milk,8.0
7094,curd,8.0
7094,yogurt,8.0
7094,brown bread,6.0
7094,pastry,6.0
7094,cereals,8.0
7094,seasonal products,8.0
7097,fish,8.0
7097,root vegetables,9.0
7097,rolls/buns,8.0
7097,roll products ,8.0
7097,napkins,7.0
7098,frankfurter,8.0
7098,sausage,8.0
7098,chicken,8.0
7098,citrus fruit,9.0
7098,root vegetables,9.0
7098,onions,9.0
7098,other vegetables,9.0
7098,butter,8.0
7098,processed cheese,8.0
7098,spread cheese,8.0
7098,salad dressing,8.0
7098,frozen vegetables,8.0
7098,frozen fish,8.0
7098,rolls/buns,8.0
7098,flour,6.0
7098,artif. sweetener,8.0
7098,soda,5.0
7098,candy,8.0
7098,cleaner,6.0
7099,yogurt,8.0
7099,cream cheese ,8.0
7099,spread cheese,8.0
7099,rolls/buns,8.0
7099,bottled water,8.0
7099,soda,5.0
7099,fruit/vegetable juice,8.0
7099,bottled beer,8.0
7099,chocolate,8.0
7099,newspapers,7.0
7100,tropical fruit,9.0
7100,yogurt,8.0
7100,coffee,8.0
7100,cling film/bags,8.0
7100,newspapers,7.0
7103,hamburger meat,8.0
7103,whole milk,8.0
7103,yogurt,8.0
7103,salt,8.0
7103,canned vegetables,8.0
7103,soda,5.0
7103,cling film/bags,8.0
7106,chicken,8.0
7106,citrus fruit,9.0
7106,butter,8.0
7106,margarine,8.0
7106,bottled water,8.0
7106,soda,5.0
7106,fruit/vegetable juice,8.0
7106,newspapers,7.0
7113,chicken,8.0
7113,herbs,9.0
7113,curd,8.0
7113,oil,8.0
7113,soda,5.0
7113,canned beer,8.0
7113,napkins,7.0
7114,citrus fruit,9.0
7114,other vegetables,9.0
7114,curd,8.0
7114,brown bread,6.0
7114,hygiene articles,7.0
7116,sausage,8.0
7116,other vegetables,9.0
7116,whole milk,8.0
7116,UHT-milk,8.0
7116,frozen vegetables,8.0
7116,frozen fish,8.0
7116,cling film/bags,8.0
7116,house keeping products,8.0
7116,shopping bags,8.0
7119,ham,8.0
7119,hamburger meat,8.0
7119,whole milk,8.0
7119,processed cheese,8.0
7119,rolls/buns,8.0
7119,pastry,6.0
7119,Instant food products,8.0
7119,fruit/vegetable juice,8.0
7119,salty snack,8.0
7119,chocolate marshmallow,8.0
7121,pork,8.0
7121,citrus fruit,9.0
7121,whole milk,8.0
7121,curd,8.0
7121,yogurt,8.0
7121,bottled beer,8.0
7121,dishes,8.0
7123,citrus fruit,9.0
7123,pip fruit,9.0
7123,other vegetables,9.0
7123,condensed milk,8.0
7123,frozen vegetables,8.0
7123,pastry,6.0
7123,waffles,6.0
7126,condensed milk,8.0
7126,bottled water,8.0
7126,fruit/vegetable juice,8.0
7126,bottled beer,8.0
7126,canned beer,8.0
7127,chicken,8.0
7127,rolls/buns,8.0
7127,margarine,8.0
7127,coffee,8.0
7127,bottled water,8.0
7127,red/blush wine,8.0
7127,long life bakery product,5.0
7127,candy,8.0
7127,newspapers,7.0
7130,whole milk,8.0
7130,rolls/buns,8.0
7130,soap,6.0
7130,napkins,7.0
7130,newspapers,7.0
7132,chicken,8.0
7132,beef,8.0
7132,root vegetables,9.0
7132,whole milk,8.0
7132,curd,8.0
7132,yogurt,8.0
7132,hard cheese,8.0
7132,cream cheese ,8.0
7132,domestic eggs,8.0
7132,sweet spreads,8.0
7132,dog food,8.0
7132,napkins,7.0
7133,root vegetables,9.0
7133,other vegetables,9.0
7133,whole milk,8.0
7133,yogurt,8.0
7133,hard cheese,8.0
7133,frozen vegetables,8.0
7133,rolls/buns,8.0
7135,root vegetables,9.0
7135,other vegetables,9.0
7135,yogurt,8.0
7135,cream cheese ,8.0
7135,rolls/buns,8.0
7138,chicken,8.0
7138,grapes,8.0
7138,whole milk,8.0
7138,rolls/buns,8.0
7138,white wine,8.0
7138,dishes,8.0
7141,citrus fruit,9.0
7141,tropical fruit,9.0
7141,root vegetables,9.0
7141,frozen meals,8.0
7141,frozen fish,8.0
7141,bottled water,8.0
7144,onions,9.0
7144,other vegetables,9.0
7144,yogurt,8.0
7144,whipped/sour cream,8.0
7144,UHT-milk,8.0
7144,sugar,6.0
7145,sausage,8.0
7145,tropical fruit,9.0
7145,berries,9.0
7145,other vegetables,9.0
7145,whole milk,8.0
7145,curd,8.0
7145,mayonnaise,8.0
7145,rolls/buns,8.0
7145,flour,6.0
7145,margarine,8.0
7145,sugar,6.0
7145,cake bar,6.0
7145,chocolate,8.0
7150,sausage,8.0
7150,pastry,6.0
7150,soda,5.0
7150,salty snack,8.0
7150,newspapers,7.0
7150,shopping bags,8.0
7156,frankfurter,8.0
7156,tropical fruit,9.0
7156,root vegetables,9.0
7156,butter milk,8.0
7156,beverages,8.0
7156,brown bread,6.0
7156,fruit/vegetable juice,9.0
7159,chicken,8.0
7159,berries,9.0
7159,other vegetables,9.0
7159,yogurt,8.0
7159,frozen vegetables,8.0
7160,pip fruit,9.0
7160,root vegetables,9.0
7160,other vegetables,9.0
7160,beverages,8.0
7160,cookware,8.0
7161,sausage,8.0
7161,sliced cheese,8.0
7161,rolls/buns,8.0
7161,sugar,6.0
7161,candy,7.0
7166,sausage,8.0
7166,root vegetables,9.0
7166,frozen vegetables,8.0
7166,frozen meals,8.0
7166,rolls/buns,8.0
7166,bottled water,7.0
7173,rolls/buns,8.0
7173,canned fish,8.0
7173,canned beer,8.0
7173,waffles,6.0
7173,newspapers,7.0
7175,butter,8.0
7175,beverages,7.0
7175,sliced cheese,8.0
7175,pastry,6.0
7175,shopping bags,8.0
7179,frankfurter,7.0
7179,beef,8.0
7179,berries,9.0
7179,processed cheese,8.0
7179,frozen meals,8.0
7179,frozen potato products,8.0
7179,rolls/buns,8.0
7179,bottled water,7.0
7179,soda,5.0
7179,fruit/vegetable juice,9.0
7179,red/blush wine,8.0
7179,long life bakery product,5.0
7179,specialty bar,8.0
7182,whole milk,8.0
7182,butter,8.0
7182,rolls/buns,8.0
7182,pasta,8.0
7182,candy,7.0
7183,root vegetables,9.0
7183,other vegetables,9.0
7183,butter,8.0
7183,domestic eggs,8.0
7183,bottled water,7.0
7183,soda,5.0
7183,misc. beverages,8.0
7184,whole milk,8.0
7184,yogurt,8.0
7184,frozen meals,8.0
7184,waffles,6.0
7184,napkins,7.0
7184,newspapers,7.0
7185,sausage,8.0
7185,beef,8.0
7185,whole milk,8.0
7185,rolls/buns,8.0
7185,pastry,6.0
7185,fruit/vegetable juice,9.0
7190,berries,9.0
7190,other vegetables,9.0
7190,yogurt,8.0
7190,spread cheese,8.0
7190,rolls/buns,8.0
7199,root vegetables,9.0
7199,UHT-milk,8.0
7199,condensed milk,8.0
7199,white bread,8.0
7199,shopping bags,8.0
7201,root vegetables,9.0
7201,onions,9.0
7201,yogurt,8.0
7201,whipped/sour cream,8.0
7201,UHT-milk,8.0
7201,salt,8.0
7201,coffee,8.0
7201,bottled water,7.0
7201,bottled beer,7.0
7202,pip fruit,9.0
7202,whole milk,8.0
7202,domestic eggs,8.0
7202,sweet spreads,8.0
7202,soda,5.0
7203,pip fruit,9.0
7203,whole milk,8.0
7203,rolls/buns,8.0
7203,ketchup,8.0
7203,spices,9.0
7203,chocolate,7.0
7209,sausage,8.0
7209,turkey,6.0
7209,pip fruit,9.0
7209,curd,8.0
7209,yogurt,8.0
7209,frozen vegetables,8.0
7209,white bread,8.0
7209,canned vegetables,8.0
7209,sweet spreads,8.0
7209,soda,5.0
7209,fruit/vegetable juice,9.0
7209,hygiene articles,7.0
7210,frankfurter,7.0
7210,sausage,8.0
7210,tropical fruit,9.0
7210,other vegetables,9.0
7210,whipped/sour cream,8.0
7210,hard cheese,8.0
7210,rolls/buns,8.0
7210,semi-finished bread,8.0
7210,chocolate,7.0
7210,dish cleaner,7.0
7210,shopping bags,8.0
7213,sausage,8.0
7213,root vegetables,9.0
7213,other vegetables,9.0
7213,whole milk,8.0
7213,soda,5.0
7213,candy,7.0
7217,nuts/prunes,9.0
7217,whole milk,8.0
7217,rolls/buns,8.0
7217,waffles,6.0
7217,chocolate,7.0
7217,newspapers,7.0
7226,beef,8.0
7226,tropical fruit,9.0
7226,root vegetables,9.0
7226,yogurt,8.0
7226,brown bread,6.0
7226,canned fish,8.0
7226,canned beer,8.0
7226,red/blush wine,8.0
7226,newspapers,7.0
7228,sausage,8.0
7228,whole milk,8.0
7228,rolls/buns,8.0
7228,coffee,8.0
7228,newspapers,7.0
7235,sausage,8.0
7235,domestic eggs,8.0
7235,rolls/buns,8.0
7235,canned fish,8.0
7235,coffee,8.0
7235,canned beer,8.0
7235,white wine,8.0
7235,male cosmetics,7.0
7235,napkins,7.0
7235,shopping bags,8.0
7236,pork,8.0
7236,root vegetables,9.0
7236,other vegetables,9.0
7236,beverages,7.0
7236,rolls/buns,8.0
7236,pastry,6.0
7236,sauces,8.0
7236,bottled water,7.0
7236,soda,5.0
7236,red/blush wine,8.0
7236,sparkling wine,8.0
7236,chocolate,7.0
7236,specialty chocolate,8.0
7236,candy,7.0
7236,napkins,7.0
7236,newspapers,7.0
7243,yogurt,8.0
7243,bottled beer,7.0
7243,white wine,8.0
7243,salty snack,8.0
7243,napkins,7.0
7244,frozen meals,8.0
7244,zwieback,7.0
7244,fruit/vegetable juice,9.0
7244,salty snack,8.0
7244,long life bakery product,5.0
7244,specialty chocolate,8.0
7244,hygiene articles,7.0
7244,napkins,7.0
7249,beef,8.0
7249,root vegetables,9.0
7249,yogurt,8.0
7249,whipped/sour cream,8.0
7249,frozen vegetables,8.0
7249,soups,5.0
7250,citrus fruit,9.0
7250,tropical fruit,9.0
7250,pip fruit,9.0
7250,other vegetables,9.0
7250,zwieback,7.0
7250,shopping bags,8.0
7253,frankfurter,7.0
7253,other vegetables,9.0
7253,butter,8.0
7253,yogurt,8.0
7253,soft cheese,8.0
7253,rolls/buns,8.0
7253,newspapers,7.0
7254,curd,8.0
7254,dessert,6.0
7254,soda,5.0
7254,bottled beer,7.0
7254,cake bar,6.0
7258,onions,9.0
7258,other vegetables,9.0
7258,whole milk,8.0
7258,yogurt,8.0
7258,frozen vegetables,8.0
7258,bottled water,7.0
7258,fruit/vegetable juice,9.0
7258,bottled beer,7.0
7258,salty snack,8.0
7258,popcorn,8.0
7259,whole milk,8.0
7259,rolls/buns,8.0
7259,vinegar,7.0
7259,baking powder,6.0
7259,instant coffee,8.0
7259,bottled water,7.0
7259,napkins,7.0
7259,dishes,8.0
7259,flower soil/fertilizer,7.0
7260,root vegetables,9.0
7260,onions,9.0
7260,whole milk,8.0
7260,butter,8.0
7260,oil,8.0
7260,soups,5.0
7260,bottled beer,7.0
7261,pip fruit,9.0
7261,other vegetables,9.0
7261,brown bread,6.0
7261,fruit/vegetable juice,9.0
7261,specialty chocolate,8.0
7262,beef,8.0
7262,pip fruit,9.0
7262,other vegetables,9.0
7262,whole milk,8.0
7262,curd cheese,6.0
7262,rolls/buns,8.0
7262,pastry,6.0
7262,soda,5.0
7263,citrus fruit,9.0
7263,butter milk,8.0
7263,sliced cheese,8.0
7263,bottled water,7.0
7263,cleaner,6.0
7264,sausage,8.0
7264,hamburger meat,8.0
7264,root vegetables,9.0
7264,onions,9.0
7264,meat spreads,8.0
7264,napkins,7.0
7264,newspapers,7.0
7268,tropical fruit,9.0
7268,rolls/buns,8.0
7268,canned fish,8.0
7268,specialty chocolate,8.0
7268,napkins,7.0
7270,sausage,8.0
7270,other vegetables,9.0
7270,whole milk,8.0
7270,whipped/sour cream,8.0
7270,domestic eggs,8.0
7270,pastry,6.0
7270,meat spreads,8.0
7270,instant coffee,8.0
7270,bottled water,7.0
7270,soda,5.0
7274,ham,8.0
7274,pork,8.0
7274,hard cheese,8.0
7274,domestic eggs,8.0
7274,rolls/buns,8.0
7274,pastry,6.0
7274,sugar,6.0
7274,salty snack,8.0
7275,frankfurter,7.0
7275,meat,8.0
7275,citrus fruit,9.0
7275,pip fruit,9.0
7275,brown bread,6.0
7275,pickled vegetables,9.0
7275,coffee,8.0
7275,specialty chocolate,8.0
7275,newspapers,7.0
7284,sausage,8.0
7284,pip fruit,9.0
7284,berries,9.0
7284,whole milk,8.0
7284,butter,8.0
7284,whipped/sour cream,8.0
7285,beef,8.0
7285,tropical fruit,9.0
7285,root vegetables,9.0
7285,other vegetables,9.0
7285,whole milk,8.0
7285,curd,8.0
7285,domestic eggs,8.0
7285,cooking chocolate,6.0
7286,berries,9.0
7286,UHT-milk,8.0
7286,semi-finished bread,8.0
7286,cat food,8.0
7286,cake bar,6.0
7286,shopping bags,8.0
7287,beef,8.0
7287,root vegetables,9.0
7287,whole milk,8.0
7287,yogurt,8.0
7287,pudding powder,8.0
7287,sweet spreads,8.0
7288,whole milk,8.0
7288,butter,8.0
7288,butter milk,8.0
7288,beverages,7.0
7288,domestic eggs,8.0
7288,rolls/buns,8.0
7288,salt,8.0
7288,coffee,8.0
7288,chocolate,7.0
7288,shopping bags,8.0
7289,frankfurter,7.0
7289,curd,8.0
7289,yogurt,8.0
7289,hard cheese,8.0
7289,brown bread,6.0
7289,canned beer,8.0
7290,tropical fruit,9.0
7290,whole milk,8.0
7290,domestic eggs,8.0
7290,brown bread,6.0
7290,soda,5.0
7290,canned beer,8.0
7292,citrus fruit,9.0
7292,brown bread,6.0
7292,pastry,6.0
7292,white wine,8.0
7292,chocolate,7.0
7292,shopping bags,8.0
7301,other vegetables,9.0
7301,frozen meals,8.0
7301,rolls/buns,8.0
7301,bottled water,7.0
7301,bottled beer,7.0
7301,red/blush wine,8.0
7304,other vegetables,9.0
7304,whole milk,8.0
7304,butter,8.0
7304,yogurt,8.0
7304,whipped/sour cream,8.0
7304,frozen vegetables,8.0
7304,rolls/buns,8.0
7304,margarine,8.0
7304,napkins,7.0
7306,sausage,8.0
7306,pork,8.0
7306,beef,8.0
7306,tropical fruit,9.0
7306,grapes,8.0
7306,other vegetables,9.0
7306,whole milk,8.0
7306,frozen dessert,8.0
7306,domestic eggs,8.0
7306,soda,5.0
7306,chocolate,7.0
7307,beef,8.0
7307,citrus fruit,9.0
7307,butter,8.0
7307,domestic eggs,8.0
7307,flour,6.0
7307,margarine,8.0
7307,baking powder,6.0
7307,long life bakery product,5.0
7308,tropical fruit,9.0
7308,whipped/sour cream,8.0
7308,UHT-milk,8.0
7308,salt,8.0
7308,pasta,8.0
7308,oil,8.0
7308,salty snack,8.0
7308,candy,7.0
7309,sausage,8.0
7309,butter,8.0
7309,butter milk,8.0
7309,ice cream,8.0
7309,coffee,8.0
7309,salty snack,8.0
7316,grapes,8.0
7316,root vegetables,9.0
7316,onions,9.0
7316,whipped/sour cream,8.0
7316,rolls/buns,8.0
7316,mustard,8.0
7316,coffee,8.0
7316,bottled water,7.0
7316,soda,5.0
7316,fruit/vegetable juice,9.0
7316,chocolate,7.0
7316,shopping bags,8.0
7318,citrus fruit,9.0
7318,tropical fruit,9.0
7318,other vegetables,9.0
7318,rolls/buns,8.0
7318,shopping bags,8.0
7319,meat,8.0
7319,other vegetables,9.0
7319,yogurt,8.0
7319,ice cream,8.0
7319,fruit/vegetable juice,9.0
7319,salty snack,8.0
7319,newspapers,7.0
7321,finished products,7.0
7321,beef,8.0
7321,frozen meals,8.0
7321,rolls/buns,8.0
7321,soda,5.0
7325,tropical fruit,9.0
7325,root vegetables,9.0
7325,yogurt,8.0
7325,cream cheese ,8.0
7325,processed cheese,8.0
7325,brown bread,6.0
7325,ketchup,8.0
7325,salty snack,8.0
7325,waffles,6.0
7325,candy,7.0
7332,herbs,9.0
7332,whipped/sour cream,8.0
7332,semi-finished bread,8.0
7332,chewing gum,7.0
7332,newspapers,7.0
7335,hamburger meat,8.0
7335,root vegetables,9.0
7335,herbs,9.0
7335,other vegetables,9.0
7335,bottled water,7.0
7335,bottled beer,7.0
7335,newspapers,7.0
7343,sausage,8.0
7343,whole milk,8.0
7343,rolls/buns,8.0
7343,soda,5.0
7343,salty snack,8.0
7343,long life bakery product,5.0
7343,waffles,6.0
7343,chocolate marshmallow,7.0
7343,candy,7.0
7344,sausage,8.0
7344,beverages,7.0
7344,brown bread,6.0
7344,salt,8.0
7344,soda,5.0
7344,salty snack,8.0
7344,popcorn,8.0
7344,dental care,8.0
7344,make up remover,7.0
7347,beef,8.0
7347,root vegetables,9.0
7347,domestic eggs,8.0
7347,vinegar,7.0
7347,soda,5.0
7351,root vegetables,9.0
7351,other vegetables,9.0
7351,pickled vegetables,9.0
7351,bottled water,7.0
7351,fruit/vegetable juice,9.0
7353,pip fruit,9.0
7353,beverages,7.0
7353,frozen meals,8.0
7353,long life bakery product,5.0
7353,chocolate,7.0
7353,napkins,7.0
7360,sausage,8.0
7360,ham,8.0
7360,yogurt,8.0
7360,sugar,6.0
7360,misc. beverages,8.0
7360,abrasive cleaner,7.0
7360,cleaner,6.0
7360,dishes,8.0
7364,whole milk,8.0
7364,butter,8.0
7364,yogurt,8.0
7364,domestic eggs,8.0
7364,rolls/buns,8.0
7366,pip fruit,9.0
7366,other vegetables,9.0
7366,whole milk,8.0
7366,butter milk,8.0
7366,dish cleaner,7.0
7367,sausage,8.0
7367,other vegetables,9.0
7367,yogurt,8.0
7367,pickled vegetables,9.0
7367,bottled water,7.0
7367,liquor,8.0
7367,shopping bags,8.0
7368,whole milk,8.0
7368,margarine,8.0
7368,baking powder,6.0
7368,bottled water,7.0
7368,bottled beer,7.0
7368,waffles,6.0
7368,napkins,7.0
7375,beverages,7.0
7375,pastry,6.0
7375,bottled water,7.0
7375,fruit/vegetable juice,9.0
7375,bottled beer,7.0
7377,tropical fruit,9.0
7377,pip fruit,9.0
7377,root vegetables,9.0
7377,butter,8.0
7377,curd,8.0
7377,chewing gum,7.0
7377,chocolate,7.0
7384,citrus fruit,9.0
7384,cat food,8.0
7384,coffee,8.0
7384,salty snack,8.0
7384,napkins,7.0
7389,frankfurter,7.0
7389,pork,8.0
7389,tropical fruit,9.0
7389,dessert,6.0
7389,pickled vegetables,9.0
7389,salty snack,8.0
7389,shopping bags,8.0
7392,pip fruit,9.0
7392,root vegetables,9.0
7392,curd,8.0
7392,hard cheese,8.0
7392,specialty cheese,8.0
7393,citrus fruit,9.0
7393,whole milk,8.0
7393,domestic eggs,8.0
7393,specialty chocolate,8.0
7393,shopping bags,8.0
7396,other vegetables,9.0
7396,butter milk,8.0
7396,UHT-milk,8.0
7396,sliced cheese,8.0
7396,cream cheese ,8.0
7396,processed cheese,8.0
7396,specialty cheese,8.0
7396,canned vegetables,8.0
7398,tropical fruit,9.0
7398,rolls/buns,8.0
7398,white bread,8.0
7398,salty snack,8.0
7398,candy,7.0
7401,soda,5.0
7401,canned beer,8.0
7401,liquor (appetizer),8.0
7401,salty snack,8.0
7401,shopping bags,8.0
7403,frankfurter,7.0
7403,onions,9.0
7403,packaged fruit/vegetables,9.0
7403,cream cheese ,8.0
7403,brown bread,6.0
7403,canned fish,8.0
7403,shopping bags,8.0
7404,ham,8.0
7404,pip fruit,9.0
7404,domestic eggs,8.0
7404,pastry,6.0
7404,semi-finished bread,8.0
7404,cat food,8.0
7404,newspapers,7.0
7408,other vegetables,9.0
7408,whole milk,8.0
7408,coffee,8.0
7408,soda,5.0
7408,canned beer,8.0
7410,sausage,8.0
7410,UHT-milk,8.0
7410,pickled vegetables,8.0
7410,bottled water,7.0
7410,canned beer,8.0
7414,whole milk,8.0
7414,pastry,6.0
7414,semi-finished bread,8.0
7414,sugar,6.0
7414,soda,5.0
7414,salty snack,8.0
7414,specialty bar,8.0
7418,root vegetables,9.0
7418,other vegetables,9.0
7418,whole milk,8.0
7418,yogurt,8.0
7418,long life bakery product,5.0
7418,newspapers,7.0
7426,sausage,8.0
7426,citrus fruit,9.0
7426,butter,8.0
7426,yogurt,8.0
7426,brown bread,6.0
7426,margarine,8.0
7426,fruit/vegetable juice,9.0
7426,hygiene articles,7.0
7426,newspapers,7.0
7427,frankfurter,7.0
7427,sausage,8.0
7427,citrus fruit,9.0
7427,frozen vegetables,8.0
7427,frozen meals,8.0
7427,vinegar,7.0
7427,oil,8.0
7427,coffee,8.0
7427,waffles,6.0
7427,cooking chocolate,6.0
7427,hygiene articles,7.0
7428,liver loaf,8.0
7428,whole milk,8.0
7428,rolls/buns,8.0
7428,misc. beverages,8.0
7428,chocolate,7.0
7431,pork,8.0
7431,beef,8.0
7431,berries,9.0
7431,domestic eggs,8.0
7431,oil,8.0
7433,pip fruit,9.0
7433,grapes,8.0
7433,frozen meals,8.0
7433,rolls/buns,8.0
7433,mustard,8.0
7433,canned beer,8.0
7434,citrus fruit,9.0
7434,tropical fruit,9.0
7434,rolls/buns,8.0
7434,soda,5.0
7434,specialty bar,8.0
7435,meat,8.0
7435,hamburger meat,8.0
7435,other vegetables,9.0
7435,whole milk,8.0
7435,rolls/buns,8.0
7435,candy,7.0
7437,hamburger meat,8.0
7437,whole milk,8.0
7437,sliced cheese,8.0
7437,pasta,8.0
7437,shopping bags,8.0
7441,whipped/sour cream,8.0
7441,UHT-milk,8.0
7441,pastry,6.0
7441,margarine,8.0
7441,cat food,8.0
7441,chocolate,7.0
7441,dishes,8.0
7441,newspapers,7.0
7442,tropical fruit,9.0
7442,yogurt,8.0
7442,rolls/buns,8.0
7442,skin care,7.0
7442,shopping bags,8.0
7445,turkey,6.0
7445,pip fruit,9.0
7445,root vegetables,9.0
7445,yogurt,8.0
7445,cream cheese ,8.0
7445,flour,6.0
7445,sugar,6.0
7445,napkins,7.0
7445,newspapers,7.0
7449,meat,8.0
7449,pip fruit,9.0
7449,whole milk,8.0
7449,soda,5.0
7449,newspapers,7.0
7450,hamburger meat,8.0
7450,pip fruit,9.0
7450,curd,8.0
7450,dessert,6.0
7450,cream cheese ,8.0
7450,rolls/buns,8.0
7450,brown bread,6.0
7452,whole milk,8.0
7452,white bread,8.0
7452,mustard,8.0
7452,bottled water,7.0
7452,soda,5.0
7452,newspapers,7.0
7453,pork,8.0
7453,herbs,9.0
7453,other vegetables,9.0
7453,whole milk,8.0
7453,curd cheese,6.0
7453,fruit/vegetable juice,9.0
7458,whole milk,8.0
7458,rolls/buns,8.0
7458,brown bread,6.0
7458,oil,8.0
7458,sauces,8.0
7461,root vegetables,9.0
7461,frozen vegetables,8.0
7461,rolls/buns,8.0
7461,fruit/vegetable juice,9.0
7461,canned beer,8.0
7462,frankfurter,7.0
7462,tropical fruit,9.0
7462,pip fruit,9.0
7462,other vegetables,9.0
7462,frozen vegetables,8.0
7462,frozen fish,8.0
7462,zwieback,7.0
7462,margarine,8.0
7464,frankfurter,7.0
7464,tropical fruit,9.0
7464,pip fruit,9.0
7464,whole milk,8.0
7464,curd,8.0
7464,pastry,6.0
7464,flour,6.0
7464,margarine,8.0
7464,sugar,6.0
7464,organic products,9.0
7471,beef,8.0
7471,hamburger meat,8.0
7471,whole milk,8.0
7471,soft cheese,8.0
7471,frozen chicken,8.0
7471,rolls/buns,8.0
7471,margarine,8.0
7471,seasonal products,8.0
7472,whole milk,8.0
7472,hard cheese,8.0
7472,brown bread,6.0
7472,coffee,8.0
7472,soda,5.0
7473,beef,8.0
7473,grapes,8.0
7473,other vegetables,9.0
7473,whole milk,8.0
7473,dessert,6.0
7473,yogurt,8.0
7473,frozen vegetables,8.0
7473,cake bar,6.0
7473,dishes,8.0
7473,newspapers,7.0
7474,sausage,8.0
7474,ham,8.0
7474,root vegetables,9.0
7474,other vegetables,9.0
7474,whole milk,8.0
7474,yogurt,8.0
7474,rolls/buns,8.0
7474,pastry,6.0
7474,margarine,8.0
7474,bottled water,7.0
7474,shopping bags,8.0
7478,citrus fruit,9.0
7478,butter,8.0
7478,yogurt,8.0
7478,cream cheese ,8.0
7478,rolls/buns,8.0
7478,bottled water,7.0
7478,soda,5.0
7478,newspapers,7.0
7480,frankfurter,7.0
7480,sausage,8.0
7480,rolls/buns,8.0
7480,soda,5.0
7480,liquor (appetizer),8.0
7480,specialty bar,8.0
7480,shopping bags,8.0
7482,tropical fruit,9.0
7482,onions,9.0
7482,whole milk,8.0
7482,cream cheese ,8.0
7482,specialty cheese,8.0
7482,bottled water,7.0
7482,soda,5.0
7483,frankfurter,7.0
7483,berries,9.0
7483,whole milk,8.0
7483,rice,9.0
7483,coffee,8.0
7483,cling film/bags,8.0
7484,sausage,8.0
7484,citrus fruit,9.0
7484,berries,9.0
7484,other vegetables,9.0
7484,whole milk,8.0
7484,butter,8.0
7484,whipped/sour cream,8.0
7484,brown bread,6.0
7484,soups,5.0
7484,coffee,8.0
7484,bottled water,7.0
7484,bottled beer,7.0
7484,waffles,6.0
7485,tropical fruit,9.0
7485,hard cheese,8.0
7485,frozen vegetables,8.0
7485,domestic eggs,8.0
7485,semi-finished bread,8.0
7489,tropical fruit,9.0
7489,frozen dessert,8.0
7489,rolls/buns,8.0
7489,bottled water,7.0
7489,flower (seeds),7.0
7490,sausage,8.0
7490,cream cheese ,8.0
7490,domestic eggs,8.0
7490,rolls/buns,8.0
7490,cereals,8.0
7490,canned vegetables,8.0
7490,cat food,8.0
7490,soda,5.0
7490,misc. beverages,8.0
7492,sausage,8.0
7492,pip fruit,9.0
7492,root vegetables,9.0
7492,other vegetables,9.0
7492,whole milk,8.0
7492,yogurt,8.0
7492,pastry,6.0
7492,soda,5.0
7492,napkins,7.0
7492,shopping bags,8.0
7493,frankfurter,7.0
7493,sausage,8.0
7493,pork,8.0
7493,beef,8.0
7493,hamburger meat,8.0
7493,tropical fruit,9.0
7493,root vegetables,9.0
7493,whole milk,8.0
7493,yogurt,8.0
7493,spread cheese,8.0
7493,rolls/buns,8.0
7493,pastry,6.0
7493,bottled beer,7.0
7493,canned beer,8.0
7493,newspapers,7.0
7495,frankfurter,7.0
7495,sausage,8.0
7495,ham,8.0
7495,grapes,8.0
7495,other vegetables,9.0
7495,dessert,6.0
7495,whipped/sour cream,8.0
7495,bottled water,7.0
7495,soda,5.0
7500,frankfurter,7.0
7500,tropical fruit,9.0
7500,other vegetables,9.0
7500,spices,9.0
7500,flower (seeds),7.0
7503,pork,8.0
7503,whipped/sour cream,8.0
7503,rolls/buns,8.0
7503,oil,8.0
7503,soda,5.0
7503,long life bakery product,5.0
7503,chocolate,7.0
7503,candy,7.0
7507,beef,8.0
7507,citrus fruit,9.0
7507,domestic eggs,8.0
7507,salty snack,8.0
7507,long life bakery product,5.0
7507,napkins,7.0
7508,herbs,9.0
7508,whole milk,8.0
7508,butter,8.0
7508,soups,5.0
7508,bottled water,7.0
7508,bottled beer,7.0
7509,frankfurter,7.0
7509,meat,8.0
7509,whole milk,8.0
7509,butter,8.0
7509,yogurt,8.0
7509,cream cheese ,8.0
7509,rolls/buns,8.0
7509,pastry,6.0
7510,sausage,8.0
7510,finished products,7.0
7510,pork,8.0
7510,berries,9.0
7510,root vegetables,9.0
7510,packaged fruit/vegetables,9.0
7510,whole milk,8.0
7510,curd,8.0
7510,frozen vegetables,8.0
7510,brown bread,6.0
7510,sugar,6.0
7510,soda,5.0
7510,fruit/vegetable juice,9.0
7510,chocolate,7.0
7510,specialty chocolate,8.0
7510,specialty bar,8.0
7510,hygiene articles,7.0
7510,napkins,7.0
7515,citrus fruit,9.0
7515,berries,9.0
7515,pastry,6.0
7515,male cosmetics,7.0
7515,hygiene articles,7.0
7516,berries,9.0
7516,other vegetables,9.0
7516,yogurt,8.0
7516,frozen fish,8.0
7516,oil,8.0
7516,margarine,8.0
7516,salty snack,8.0
7519,sausage,8.0
7519,whole milk,8.0
7519,yogurt,8.0
7519,UHT-milk,8.0
7519,rolls/buns,8.0
7520,liver loaf,8.0
7520,beef,8.0
7520,whole milk,8.0
7520,yogurt,8.0
7520,soft cheese,8.0
7520,frozen vegetables,8.0
7520,white bread,8.0
7520,roll products ,8.0
7520,vinegar,7.0
7520,baking powder,6.0
7520,fruit/vegetable juice,9.0
7523,hamburger meat,8.0
7523,cream cheese ,8.0
7523,sweet spreads,8.0
7523,coffee,8.0
7523,canned beer,8.0
7523,cling film/bags,8.0
7523,shopping bags,8.0
7524,chicken,8.0
7524,tropical fruit,9.0
7524,root vegetables,9.0
7524,other vegetables,9.0
7524,beverages,7.0
7524,coffee,8.0
7524,bottled beer,7.0
7524,liquor,8.0
7525,tropical fruit,9.0
7525,butter,8.0
7525,bottled water,7.0
7525,male cosmetics,7.0
7525,newspapers,7.0
7526,nuts/prunes,9.0
7526,root vegetables,9.0
7526,yogurt,8.0
7526,condensed milk,8.0
7526,ice cream,8.0
7526,semi-finished bread,8.0
7526,bottled beer,7.0
7526,brandy,7.0
7526,salty snack,8.0
7527,pork,8.0
7527,root vegetables,9.0
7527,whole milk,8.0
7527,sliced cheese,8.0
7527,frozen fish,8.0
7527,domestic eggs,8.0
7527,cake bar,6.0
7527,chocolate marshmallow,7.0
7527,candy,7.0
7528,grapes,8.0
7528,hard cheese,8.0
7528,margarine,8.0
7528,specialty fat,8.0
7528,newspapers,7.0
7534,other vegetables,9.0
7534,whole milk,8.0
7534,beverages,7.0
7534,flour,6.0
7534,flower (seeds),7.0
7536,frankfurter,7.0
7536,beef,8.0
7536,root vegetables,9.0
7536,butter milk,8.0
7536,chocolate,7.0
7539,hamburger meat,8.0
7539,root vegetables,9.0
7539,whole milk,8.0
7539,frozen vegetables,8.0
7539,rolls/buns,8.0
7539,Instant food products,7.0
7541,sausage,8.0
7541,other vegetables,9.0
7541,whipped/sour cream,8.0
7541,ice cream,8.0
7541,domestic eggs,8.0
7541,rolls/buns,8.0
7541,coffee,8.0
7541,bottled water,7.0
7541,newspapers,7.0
7542,hamburger meat,8.0
7542,berries,9.0
7542,other vegetables,9.0
7542,whole milk,8.0
7542,beverages,7.0
7542,soft cheese,8.0
7542,hard cheese,8.0
7542,pastry,6.0
7542,sauces,8.0
7542,waffles,6.0
7543,sausage,8.0
7543,pork,8.0
7543,citrus fruit,9.0
7543,root vegetables,9.0
7543,other vegetables,9.0
7543,curd,8.0
7543,soft cheese,8.0
7543,hard cheese,8.0
7543,cream cheese ,8.0
7543,frozen dessert,8.0
7543,roll products ,8.0
7543,rice,9.0
7543,oil,8.0
7543,coffee,8.0
7543,fruit/vegetable juice,8.0
7543,chocolate,7.0
7543,abrasive cleaner,7.0
7545,grapes,8.0
7545,other vegetables,9.0
7545,whole milk,8.0
7545,butter,8.0
7545,coffee,8.0
7545,bottled water,7.0
7548,hamburger meat,8.0
7548,pip fruit,9.0
7548,other vegetables,9.0
7548,whole milk,8.0
7548,curd,8.0
7548,roll products ,8.0
7550,citrus fruit,9.0
7550,tropical fruit,9.0
7550,grapes,8.0
7550,root vegetables,9.0
7550,herbs,9.0
7550,other vegetables,9.0
7550,whole milk,8.0
7550,frozen vegetables,8.0
7550,rice,9.0
7550,dog food,8.0
7550,bottled water,7.0
7550,misc. beverages,8.0
7550,fruit/vegetable juice,8.0
7550,napkins,7.0
7552,berries,9.0
7552,whole milk,8.0
7552,yogurt,8.0
7552,sugar,6.0
7552,cling film/bags,8.0
7552,house keeping products,7.0
7553,whole milk,8.0
7553,butter,8.0
7553,curd,8.0
7553,whipped/sour cream,8.0
7553,newspapers,7.0
7554,frankfurter,7.0
7554,pork,8.0
7554,beef,8.0
7554,tropical fruit,9.0
7554,other vegetables,9.0
7554,whole milk,8.0
7554,yogurt,8.0
7554,rolls/buns,8.0
7554,semi-finished bread,8.0
7554,pickled vegetables,8.0
7554,soda,5.0
7554,newspapers,7.0
7555,other vegetables,9.0
7555,whole milk,8.0
7555,pastry,6.0
7555,margarine,8.0
7555,bottled water,7.0
7558,tropical fruit,9.0
7558,other vegetables,9.0
7558,whole milk,8.0
7558,pastry,6.0
7558,rice,9.0
7558,flower (seeds),7.0
7560,brown bread,6.0
7560,sugar,6.0
7560,canned fish,8.0
7560,coffee,8.0
7560,soda,5.0
7575,sausage,8.0
7575,chicken,8.0
7575,berries,9.0
7575,root vegetables,9.0
7575,other vegetables,9.0
7575,butter milk,8.0
7575,rolls/buns,8.0
7575,salt,8.0
7575,mustard,8.0
7575,canned fish,8.0
7575,coffee,8.0
7575,bottled water,7.0
7575,fruit/vegetable juice,9.0
7575,cling film/bags,8.0
7575,newspapers,7.0
7579,grapes,8.0
7579,fruit/vegetable juice,9.0
7579,red/blush wine,8.0
7579,long life bakery product,5.0
7579,waffles,6.0
7579,specialty chocolate,8.0
7579,shopping bags,8.0
7580,frozen vegetables,8.0
7580,flour,6.0
7580,bottled beer,7.0
7580,liquor (appetizer),8.0
7580,salty snack,8.0
7580,dishes,8.0
7581,sausage,8.0
7581,tropical fruit,9.0
7581,pip fruit,9.0
7581,spices,9.0
7581,pet care,8.0
7581,canned beer,8.0
7582,pork,8.0
7582,citrus fruit,9.0
7582,other vegetables,9.0
7582,whole milk,8.0
7582,whipped/sour cream,8.0
7582,specialty cheese,8.0
7582,domestic eggs,8.0
7582,canned vegetables,8.0
7582,fruit/vegetable juice,9.0
7582,canned beer,8.0
7582,specialty bar,8.0
7592,sausage,7.0
7592,pip fruit,9.0
7592,root vegetables,9.0
7592,whole milk,8.0
7592,rolls/buns,8.0
7592,pastry,6.0
7592,coffee,8.0
7595,other vegetables,9.0
7595,whole milk,8.0
7595,curd,8.0
7595,whipped/sour cream,8.0
7595,domestic eggs,7.0
7595,brown bread,6.0
7595,flour,6.0
7595,coffee,8.0
7597,meat,7.0
7597,root vegetables,9.0
7597,whole milk,8.0
7597,curd,8.0
7597,pastry,6.0
7597,brandy,7.0
7598,frankfurter,7.0
7598,pork,7.0
7598,other vegetables,9.0
7598,brown bread,6.0
7598,pickled vegetables,7.0
7598,coffee,8.0
7598,newspapers,7.0
7599,other vegetables,9.0
7599,whole milk,8.0
7599,frozen meals,7.0
7599,pastry,6.0
7599,fruit/vegetable juice,7.0
7599,long life bakery product,5.0
7599,shopping bags,7.0
7604,frankfurter,7.0
7604,ham,8.0
7604,whole milk,8.0
7604,cream cheese ,8.0
7604,processed cheese,8.0
7604,white bread,8.0
7604,shopping bags,7.0
7606,citrus fruit,9.0
7606,tropical fruit,9.0
7606,onions,9.0
7606,other vegetables,9.0
7606,pastry,6.0
7606,bottled water,7.0
7606,bathroom cleaner,7.0
7606,newspapers,7.0
7608,whole milk,8.0
7608,frozen meals,7.0
7608,mustard,7.0
7608,canned fish,7.0
7608,bottled beer,7.0
7611,whole milk,8.0
7611,curd,8.0
7611,yogurt,8.0
7611,artif. sweetener,7.0
7611,rum,7.0
7611,hygiene articles,7.0
7611,napkins,7.0
7611,photo/film,8.0
7620,pip fruit,9.0
7620,grapes,8.0
7620,yogurt,8.0
7620,hard cheese,8.0
7620,napkins,7.0
7626,ham,8.0
7626,berries,9.0
7626,onions,9.0
7626,whole milk,8.0
7626,butter milk,8.0
7626,yogurt,8.0
7626,whipped/sour cream,8.0
7626,cream cheese ,8.0
7626,mayonnaise,8.0
7626,pastry,6.0
7626,semi-finished bread,8.0
7626,chocolate,7.0
7626,specialty chocolate,8.0
7626,hygiene articles,7.0
7626,cling film/bags,7.0
7640,frankfurter,7.0
7640,pork,8.0
7640,tropical fruit,9.0
7640,pip fruit,9.0
7640,other vegetables,9.0
7640,whole milk,8.0
7640,dessert,6.0
7640,whipped/sour cream,8.0
7640,cream cheese ,8.0
7640,frozen meals,8.0
7640,cat food,8.0
7640,salty snack,8.0
7640,cake bar,6.0
7640,chewing gum,7.0
7640,specialty bar,8.0
7640,seasonal products,8.0
7641,sausage,8.0
7641,ham,8.0
7641,citrus fruit,9.0
7641,root vegetables,9.0
7641,other vegetables,9.0
7641,whole milk,8.0
7641,soft cheese,8.0
7641,processed cheese,8.0
7641,frozen vegetables,8.0
7641,salt,8.0
7641,oil,8.0
7641,margarine,8.0
7641,soda,5.0
7641,fruit/vegetable juice,9.0
7641,bottled beer,7.0
7641,chocolate,7.0
7644,sausage,8.0
7644,tropical fruit,9.0
7644,berries,9.0
7644,yogurt,8.0
7644,shopping bags,8.0
7645,pork,8.0
7645,packaged fruit/vegetables,9.0
7645,ice cream,8.0
7645,oil,8.0
7645,detergent,6.0
7648,berries,9.0
7648,root vegetables,9.0
7648,whole milk,8.0
7648,butter,8.0
7648,rolls/buns,8.0
7648,salty snack,8.0
7651,chicken,8.0
7651,frozen vegetables,8.0
7651,soda,5.0
7651,canned beer,8.0
7651,hygiene articles,7.0
7652,chicken,8.0
7652,tropical fruit,9.0
7652,root vegetables,9.0
7652,whole milk,8.0
7652,white bread,8.0
7652,specialty bar,8.0
7652,shopping bags,8.0
7653,frankfurter,7.0
7653,whole milk,8.0
7653,dessert,6.0
7653,white bread,8.0
7653,shopping bags,8.0
7656,root vegetables,9.0
7656,whole milk,8.0
7656,rolls/buns,8.0
7656,zwieback,7.0
7656,newspapers,7.0
7660,chicken,8.0
7660,other vegetables,9.0
7660,whole milk,8.0
7660,curd,8.0
7660,long life bakery product,5.0
7664,frozen potato products,8.0
7664,ketchup,8.0
7664,chocolate,7.0
7664,hygiene articles,7.0
7664,shopping bags,8.0
7666,hamburger meat,8.0
7666,whole milk,8.0
7666,butter,8.0
7666,UHT-milk,8.0
7666,cat food,8.0
7666,pet care,8.0
7666,detergent,6.0
7683,other vegetables,9.0
7683,hard cheese,8.0
7683,frozen vegetables,8.0
7683,fruit/vegetable juice,9.0
7683,long life bakery product,5.0
7686,pip fruit,9.0
7686,condensed milk,8.0
7686,bottled beer,7.0
7686,red/blush wine,8.0
7686,chocolate,7.0
7686,shopping bags,8.0
7687,whole milk,8.0
7687,brown bread,6.0
7687,soda,5.0
7687,bottled beer,7.0
7687,salty snack,8.0
7687,long life bakery product,5.0
7687,chocolate,7.0
7687,shopping bags,8.0
7689,meat,8.0
7689,ice cream,8.0
7689,rolls/buns,8.0
7689,soda,5.0
7689,long life bakery product,5.0
7689,napkins,7.0
7692,ham,8.0
7692,root vegetables,9.0
7692,butter,8.0
7692,UHT-milk,8.0
7692,rolls/buns,8.0
7692,pasta,8.0
7692,sugar,6.0
7692,coffee,8.0
7692,soda,5.0
7694,chicken,8.0
7694,citrus fruit,9.0
7694,cat food,8.0
7694,white wine,8.0
7694,shopping bags,8.0
7697,frankfurter,7.0
7697,pork,8.0
7697,whole milk,8.0
7697,yogurt,8.0
7697,UHT-milk,8.0
7697,brown bread,6.0
7698,other vegetables,9.0
7698,curd,8.0
7698,whipped/sour cream,8.0
7698,pastry,6.0
7698,baking powder,6.0
7701,tropical fruit,9.0
7701,root vegetables,9.0
7701,whole milk,8.0
7701,hard cheese,8.0
7701,curd cheese,6.0
7701,sugar,6.0
7701,canned fish,8.0
7705,pork,8.0
7705,berries,9.0
7705,whole milk,8.0
7705,butter,8.0
7705,yogurt,8.0
7705,whipped/sour cream,8.0
7705,hard cheese,8.0
7706,butter,8.0
7706,sliced cheese,8.0
7706,frozen dessert,8.0
7706,rolls/buns,8.0
7706,pastry,6.0
7706,soda,5.0
7706,bottled beer,7.0
7710,sausage,8.0
7710,pip fruit,9.0
7710,berries,9.0
7710,whole milk,8.0
7710,curd,8.0
7710,dessert,6.0
7710,butter milk,8.0
7710,yogurt,8.0
7710,whipped/sour cream,8.0
7710,soft cheese,8.0
7710,sliced cheese,8.0
7710,curd cheese,6.0
7710,domestic eggs,8.0
7710,rolls/buns,8.0
7710,sugar,6.0
7710,long life bakery product,5.0
7712,pork,8.0
7712,beef,8.0
7712,whole milk,8.0
7712,frozen vegetables,8.0
7712,sugar,6.0
7712,canned beer,8.0
7712,detergent,6.0
7712,skin care,7.0
7712,napkins,7.0
7712,flower (seeds),7.0
7714,yogurt,8.0
7714,liquor (appetizer),8.0
7714,long life bakery product,5.0
7714,hygiene articles,7.0
7714,shopping bags,8.0
7715,brandy,7.0
7715,liquor,8.0
7715,liquor (appetizer),8.0
7715,long life bakery product,5.0
7715,dish cleaner,8.0
7715,napkins,7.0
7715,dishes,8.0
7715,shopping bags,8.0
7718,finished products,7.0
7718,grapes,8.0
7718,other vegetables,9.0
7718,curd,8.0
7718,beverages,7.0
7718,rolls/buns,8.0
7718,pastry,6.0
7718,waffles,6.0
7718,specialty bar,8.0
7719,onions,9.0
7719,other vegetables,9.0
7719,soft cheese,8.0
7719,hard cheese,8.0
7719,salad dressing,8.0
7719,specialty chocolate,8.0
7722,beef,8.0
7722,root vegetables,9.0
7722,onions,9.0
7722,herbs,9.0
7722,whole milk,8.0
7722,curd cheese,6.0
7722,rolls/buns,8.0
7722,oil,8.0
7722,jam,7.0
7722,bottled water,7.0
7722,waffles,6.0
7725,citrus fruit,9.0
7725,whipped/sour cream,8.0
7725,brown bread,6.0
7725,bottled water,7.0
7725,hygiene articles,7.0
7726,chicken,8.0
7726,pork,8.0
7726,herbs,9.0
7726,other vegetables,9.0
7726,canned fish,8.0
7726,misc. beverages,8.0
7726,napkins,7.0
7726,newspapers,7.0
7729,sausage,8.0
7729,chicken,8.0
7729,grapes,8.0
7729,whole milk,8.0
7729,cream cheese ,8.0
7729,ice cream,8.0
7729,domestic eggs,8.0
7729,pickled vegetables,8.0
7729,soda,5.0
7729,chocolate,7.0
7729,shopping bags,8.0
7731,pip fruit,9.0
7731,butter,8.0
7731,soft cheese,8.0
7731,white bread,8.0
7731,misc. beverages,8.0
7735,pork,8.0
7735,tropical fruit,9.0
7735,nuts/prunes,9.0
7735,rolls/buns,8.0
7735,newspapers,7.0
7736,pork,8.0
7736,tropical fruit,9.0
7736,processed cheese,8.0
7736,specialty vegetables,9.0
7736,bottled water,7.0
7736,soda,5.0
7736,bottled beer,7.0
7740,beef,8.0
7740,citrus fruit,9.0
7740,grapes,8.0
7740,berries,9.0
7740,butter milk,8.0
7740,yogurt,8.0
7740,sliced cheese,8.0
7740,rolls/buns,8.0
7742,ham,8.0
7742,tropical fruit,9.0
7742,root vegetables,9.0
7742,other vegetables,9.0
7742,whole milk,8.0
7742,butter,8.0
7742,yogurt,8.0
7742,frozen vegetables,8.0
7742,frozen dessert,8.0
7742,frozen potato products,8.0
7742,white bread,8.0
7742,pasta,8.0
7742,honey,9.0
7742,chewing gum,7.0
7742,detergent,6.0
7742,hygiene articles,7.0
7744,hamburger meat,8.0
7744,hard cheese,8.0
7744,sauces,8.0
7744,coffee,8.0
7744,toilet cleaner,7.0
7744,shopping bags,8.0
7745,berries,9.0
7745,whole milk,8.0
7745,whipped/sour cream,8.0
7745,pastry,6.0
7745,soda,5.0
7745,chewing gum,7.0
7745,chocolate,7.0
7745,candy,7.0
7747,citrus fruit,9.0
7747,other vegetables,9.0
7747,UHT-milk,8.0
7747,domestic eggs,8.0
7747,white bread,8.0
7747,pickled vegetables,8.0
7748,whole milk,8.0
7748,curd,8.0
7748,yogurt,8.0
7748,whipped/sour cream,8.0
7748,margarine,8.0
7752,meat,8.0
7752,other vegetables,9.0
7752,whole milk,8.0
7752,pastry,6.0
7752,soda,5.0
7752,newspapers,7.0
7753,tropical fruit,9.0
7753,coffee,8.0
7753,candy,7.0
7753,soap,6.0
7753,shopping bags,8.0
7754,pip fruit,9.0
7754,whole milk,8.0
7754,brown bread,6.0
7754,fruit/vegetable juice,8.0
7754,bottled beer,7.0
7754,red/blush wine,8.0
7754,shopping bags,8.0
7757,other vegetables,9.0
7757,butter,8.0
7757,beverages,7.0
7757,soda,5.0
7757,photo/film,8.0
7757,shopping bags,8.0
7758,frankfurter,7.0
7758,root vegetables,9.0
7758,butter milk,8.0
7758,canned fish,8.0
7758,bottled beer,7.0
7759,sausage,8.0
7759,whole milk,8.0
7759,domestic eggs,8.0
7759,sugar,6.0
7759,coffee,8.0
7759,napkins,7.0
7759,newspapers,7.0
7759,shopping bags,8.0
7760,meat,8.0
7760,hamburger meat,8.0
7760,onions,9.0
7760,other vegetables,9.0
7760,condensed milk,8.0
7760,brown bread,6.0
7761,yogurt,8.0
7761,oil,8.0
7761,pickled vegetables,8.0
7761,fruit/vegetable juice,8.0
7761,salty snack,8.0
7761,hygiene articles,7.0
7763,whole milk,8.0
7763,yogurt,8.0
7763,cream cheese ,8.0
7763,frozen meals,8.0
7763,shopping bags,8.0
7766,frankfurter,7.0
7766,citrus fruit,9.0
7766,other vegetables,9.0
7766,whole milk,8.0
7766,yogurt,8.0
7766,zwieback,7.0
7766,vinegar,7.0
7766,cleaner,6.0
7767,sausage,8.0
7767,citrus fruit,9.0
7767,tropical fruit,9.0
7767,root vegetables,9.0
7767,butter milk,8.0
7767,brown bread,6.0
7767,mustard,8.0
7767,popcorn,8.0
7767,shopping bags,8.0
7768,citrus fruit,9.0
7768,root vegetables,9.0
7768,other vegetables,9.0
7768,dessert,6.0
7768,pastry,6.0
7768,chocolate,7.0
7768,dishes,8.0
7768,candles,7.0
7770,sausage,8.0
7770,citrus fruit,9.0
7770,whole milk,8.0
7770,sliced cheese,8.0
7770,frozen meals,8.0
7770,white bread,8.0
7770,chewing gum,7.0
7770,photo/film,8.0
7772,ham,8.0
7772,whole milk,8.0
7772,sliced cheese,8.0
7772,spread cheese,8.0
7772,brown bread,6.0
7772,pickled vegetables,8.0
7772,bottled beer,7.0
7772,shopping bags,8.0
7776,chicken,8.0
7776,grapes,8.0
7776,whole milk,8.0
7776,yogurt,8.0
7776,sliced cheese,8.0
7776,bottled water,7.0
7776,fruit/vegetable juice,8.0
7777,hamburger meat,8.0
7777,root vegetables,9.0
7777,other vegetables,9.0
7777,dessert,6.0
7777,rolls/buns,8.0
7782,tropical fruit,9.0
7782,whole milk,8.0
7782,rolls/buns,8.0
7782,prosecco,8.0
7782,salty snack,8.0
7782,specialty bar,8.0
7783,other vegetables,9.0
7783,yogurt,8.0
7783,whipped/sour cream,8.0
7783,brown bread,6.0
7783,margarine,8.0
7783,shopping bags,8.0
7786,sausage,8.0
7786,beef,8.0
7786,root vegetables,9.0
7786,other vegetables,9.0
7786,white bread,8.0
7786,pastry,6.0
7786,soda,5.0
7786,shopping bags,8.0
7797,onions,9.0
7797,whole milk,8.0
7797,yogurt,8.0
7797,rolls/buns,8.0
7797,brown bread,6.0
7797,fruit/vegetable juice,8.0
7798,whole milk,8.0
7798,yogurt,8.0
7798,domestic eggs,8.0
7798,baking powder,6.0
7798,newspapers,7.0
7799,yogurt,8.0
7799,condensed milk,8.0
7799,sliced cheese,8.0
7799,rolls/buns,8.0
7799,margarine,8.0
7799,bottled water,7.0
7799,soda,5.0
7799,cling film/bags,8.0
7804,pip fruit,9.0
7804,berries,9.0
7804,other vegetables,9.0
7804,butter,8.0
7804,yogurt,8.0
7804,soda,5.0
7804,chocolate,7.0
7804,house keeping products,7.0
7805,frankfurter,7.0
7805,whipped/sour cream,8.0
7805,sugar,6.0
7805,fruit/vegetable juice,8.0
7805,napkins,7.0
7805,newspapers,7.0
7806,turkey,6.0
7806,grapes,8.0
7806,other vegetables,9.0
7806,hard cheese,8.0
7806,frozen vegetables,8.0
7806,rolls/buns,8.0
7806,misc. beverages,8.0
7806,newspapers,7.0
7807,onions,9.0
7807,other vegetables,9.0
7807,roll products ,8.0
7807,bottled beer,7.0
7807,liquor (appetizer),8.0
7807,newspapers,7.0
7808,beef,8.0
7808,pip fruit,9.0
7808,other vegetables,9.0
7808,whole milk,8.0
7808,frozen vegetables,8.0
7808,rolls/buns,8.0
7809,sausage,8.0
7809,citrus fruit,9.0
7809,berries,9.0
7809,whipped/sour cream,8.0
7809,rolls/buns,8.0
7809,canned beer,8.0
7809,specialty bar,8.0
7809,napkins,7.0
7811,chicken,8.0
7811,tropical fruit,9.0
7811,berries,9.0
7811,whole milk,8.0
7811,whipped/sour cream,8.0
7811,beverages,7.0
7811,sugar,6.0
7811,dishes,8.0
7812,sausage,8.0
7812,pork,8.0
7812,beef,8.0
7812,pip fruit,9.0
7812,grapes,8.0
7812,other vegetables,9.0
7812,whole milk,8.0
7812,butter,8.0
7812,curd,8.0
7812,yogurt,8.0
7812,pastry,6.0
7812,bottled water,7.0
7812,hygiene articles,7.0
7812,napkins,7.0
7813,tropical fruit,9.0
7813,pip fruit,9.0
7813,whole milk,8.0
7813,rolls/buns,8.0
7813,coffee,8.0
7813,hygiene articles,7.0
7814,tropical fruit,9.0
7814,root vegetables,9.0
7814,butter,8.0
7814,pasta,8.0
7814,soda,5.0
7814,napkins,7.0
7817,tropical fruit,9.0
7817,root vegetables,9.0
7817,whole milk,8.0
7817,butter,8.0
7817,curd,8.0
7817,yogurt,8.0
7817,pudding powder,8.0
7817,coffee,8.0
7825,beef,8.0
7825,herbs,9.0
7825,whole milk,8.0
7825,pickled vegetables,8.0
7825,cat food,8.0
7826,meat,8.0
7826,beef,8.0
7826,berries,9.0
7826,other vegetables,9.0
7826,curd,8.0
7826,yogurt,8.0
7826,whipped/sour cream,8.0
7826,UHT-milk,8.0
7826,brown bread,6.0
7828,beef,8.0
7828,hamburger meat,8.0
7828,tropical fruit,9.0
7828,pip fruit,9.0
7828,root vegetables,9.0
7828,herbs,9.0
7828,other vegetables,9.0
7828,whole milk,8.0
7828,butter,8.0
7828,whipped/sour cream,8.0
7828,hard cheese,8.0
7828,rolls/buns,8.0
7828,brown bread,6.0
7828,oil,8.0
7828,waffles,6.0
7828,cake bar,6.0
7830,berries,9.0
7830,whole milk,8.0
7830,flour,6.0
7830,baking powder,6.0
7830,dog food,8.0
7830,chocolate,7.0
7832,whole milk,8.0
7832,butter milk,8.0
7832,yogurt,8.0
7832,beverages,7.0
7832,bottled water,7.0
7832,soda,5.0
7832,newspapers,7.0
7835,pork,8.0
7835,other vegetables,9.0
7835,whipped/sour cream,8.0
7835,rolls/buns,8.0
7835,brown bread,6.0
7835,pastry,6.0
7835,sugar,6.0
7835,dishes,8.0
7837,citrus fruit,9.0
7837,tropical fruit,9.0
7837,whole milk,8.0
7837,frozen meals,8.0
7837,rolls/buns,8.0
7837,brown bread,6.0
7842,whole milk,8.0
7842,rolls/buns,8.0
7842,oil,8.0
7842,detergent,6.0
7842,shopping bags,8.0
7843,sausage,8.0
7843,root vegetables,9.0
7843,other vegetables,9.0
7843,frozen vegetables,8.0
7843,rolls/buns,8.0
7843,white bread,8.0
7843,baking powder,6.0
7843,bottled beer,7.0
7843,detergent,6.0
7846,tropical fruit,9.0
7846,whole milk,8.0
7846,butter milk,8.0
7846,brown bread,6.0
7846,bottled water,7.0
7847,ham,8.0
7847,pip fruit,9.0
7847,root vegetables,9.0
7847,other vegetables,9.0
7847,whole milk,8.0
7847,whipped/sour cream,8.0
7847,hard cheese,8.0
7847,domestic eggs,8.0
7847,margarine,8.0
7848,meat,8.0
7848,tropical fruit,9.0
7848,rolls/buns,8.0
7848,instant coffee,8.0
7848,soda,5.0
7848,chocolate,7.0
7848,newspapers,7.0
7850,other vegetables,9.0
7850,whole milk,8.0
7850,rolls/buns,8.0
7850,long life bakery product,5.0
7850,flower (seeds),7.0
7853,butter,8.0
7853,pastry,6.0
7853,cat food,8.0
7853,canned beer,8.0
7853,hygiene articles,7.0
7853,shopping bags,8.0
7857,sausage,8.0
7857,chicken,8.0
7857,tropical fruit,9.0
7857,onions,9.0
7857,other vegetables,9.0
7857,dessert,6.0
7857,whipped/sour cream,8.0
7857,UHT-milk,8.0
7857,cream cheese ,8.0
7857,pastry,6.0
7857,bottled water,7.0
7857,soda,5.0
7857,waffles,6.0
7857,chewing gum,7.0
7857,shopping bags,8.0
7859,frankfurter,7.0
7859,sausage,8.0
7859,beef,8.0
7859,citrus fruit,9.0
7859,pip fruit,9.0
7859,berries,9.0
7859,other vegetables,9.0
7859,whole milk,8.0
7859,hard cheese,8.0
7859,frozen vegetables,8.0
7859,pastry,6.0
7859,oil,8.0
7859,baking powder,6.0
7859,dog food,8.0
7859,fruit/vegetable juice,9.0
7859,bottled beer,7.0
7859,specialty chocolate,8.0
7859,seasonal products,8.0
7859,detergent,6.0
7859,soap,6.0
7863,frankfurter,7.0
7863,pork,8.0
7863,dessert,6.0
7863,UHT-milk,8.0
7863,margarine,8.0
7863,specialty fat,8.0
7863,napkins,7.0
7864,frankfurter,7.0
7864,beef,8.0
7864,berries,9.0
7864,other vegetables,9.0
7864,whole milk,8.0
7866,beef,8.0
7866,other vegetables,9.0
7866,rolls/buns,8.0
7866,pastry,6.0
7866,soap,6.0
7871,ham,8.0
7871,whipped/sour cream,8.0
7871,frozen vegetables,8.0
7871,rolls/buns,8.0
7871,seasonal products,8.0
7873,frankfurter,7.0
7873,grapes,8.0
7873,yogurt,8.0
7873,coffee,8.0
7873,bottled water,7.0
7874,root vegetables,9.0
7874,other vegetables,9.0
7874,whole milk,8.0
7874,butter milk,8.0
7874,frozen meals,8.0
7876,hamburger meat,8.0
7876,packaged fruit/vegetables,9.0
7876,whole milk,8.0
7876,whipped/sour cream,8.0
7876,rolls/buns,8.0
7876,bottled water,7.0
7876,salty snack,8.0
7876,chewing gum,7.0
7878,meat,8.0
7878,whole milk,8.0
7878,curd,8.0
7878,sliced cheese,8.0
7878,flour,6.0
7878,sugar,6.0
7878,pudding powder,8.0
7878,bottled water,7.0
7878,soda,5.0
7878,canned beer,8.0
7879,tropical fruit,9.0
7879,whole milk,8.0
7879,beverages,7.0
7879,processed cheese,8.0
7879,pastry,6.0
7879,waffles,6.0
7879,specialty bar,8.0
7880,root vegetables,9.0
7880,onions,9.0
7880,other vegetables,9.0
7880,whole milk,8.0
7880,frozen dessert,8.0
7880,coffee,8.0
7880,bottled beer,7.0
7887,sausage,8.0
7887,packaged fruit/vegetables,9.0
7887,UHT-milk,8.0
7887,pastry,6.0
7887,soups,5.0
7887,bottled water,7.0
7889,citrus fruit,9.0
7889,whole milk,8.0
7889,soft cheese,8.0
7889,sliced cheese,8.0
7889,cream cheese ,8.0
7889,canned fish,8.0
7897,frankfurter,7.0
7897,processed cheese,8.0
7897,domestic eggs,8.0
7897,white bread,8.0
7897,brown bread,6.0
7897,ketchup,8.0
7897,soda,5.0
7897,hygiene articles,7.0
7899,sausage,8.0
7899,pip fruit,9.0
7899,whole milk,8.0
7899,curd,8.0
7899,yogurt,8.0
7900,domestic eggs,8.0
7900,rolls/buns,8.0
7900,coffee,8.0
7900,canned beer,8.0
7900,brandy,7.0
7900,chocolate,7.0
7900,shopping bags,8.0
7902,pork,8.0
7902,beef,8.0
7902,onions,9.0
7902,yogurt,8.0
7902,UHT-milk,8.0
7902,frozen fish,8.0
7902,rolls/buns,8.0
7902,margarine,8.0
7902,sugar,6.0
7902,salty snack,8.0
7902,newspapers,7.0
7903,tropical fruit,9.0
7903,whole milk,8.0
7903,cream cheese ,8.0
7903,oil,8.0
7903,cake bar,6.0
7905,hamburger meat,8.0
7905,root vegetables,9.0
7905,whole milk,8.0
7905,whipped/sour cream,8.0
7905,flour,6.0
7905,chocolate marshmallow,7.0
7905,newspapers,7.0
7909,chicken,8.0
7909,root vegetables,9.0
7909,yogurt,8.0
7909,cream cheese ,8.0
7909,napkins,7.0
7916,beef,8.0
7916,whole milk,8.0
7916,rolls/buns,8.0
7916,pastry,6.0
7916,cat food,8.0
7916,waffles,6.0
7916,chocolate,7.0
7916,hygiene articles,7.0
7916,newspapers,7.0
7916,shopping bags,8.0
7918,whole milk,8.0
7918,yogurt,8.0
7918,baking powder,6.0
7918,detergent,6.0
7918,flower (seeds),7.0
7918,shopping bags,8.0
7920,sausage,8.0
7920,hamburger meat,8.0
7920,root vegetables,9.0
7920,whole milk,8.0
7920,domestic eggs,8.0
7920,white bread,8.0
7920,semi-finished bread,8.0
7920,honey,9.0
7925,turkey,6.0
7925,tropical fruit,9.0
7925,root vegetables,9.0
7925,whole milk,8.0
7925,newspapers,7.0
7926,frankfurter,7.0
7926,margarine,8.0
7926,bottled water,7.0
7926,red/blush wine,8.0
7926,long life bakery product,5.0
7930,whole milk,8.0
7930,hard cheese,8.0
7930,brown bread,6.0
7930,bottled beer,7.0
7930,hygiene articles,7.0
7930,newspapers,7.0
7930,shopping bags,8.0
7932,whole milk,8.0
7932,dessert,6.0
7932,yogurt,8.0
7932,canned fish,8.0
7932,soda,5.0
7932,fruit/vegetable juice,8.0
7932,shopping bags,8.0
7933,bottled beer,7.0
7933,brandy,7.0
7933,chocolate,7.0
7933,specialty chocolate,8.0
7933,shopping bags,8.0
7934,liquor,8.0
7934,salty snack,8.0
7934,chocolate,7.0
7934,specialty chocolate,8.0
7934,specialty bar,8.0
7934,seasonal products,8.0
7934,shopping bags,8.0
7935,curd,8.0
7935,coffee,8.0
7935,soda,5.0
7935,bottled beer,7.0
7935,chocolate,7.0
7935,candy,7.0
7935,shopping bags,8.0
7936,other vegetables,9.0
7936,whole milk,8.0
7936,domestic eggs,8.0
7936,margarine,8.0
7936,fruit/vegetable juice,8.0
7938,other vegetables,9.0
7938,ice cream,8.0
7938,oil,8.0
7938,specialty chocolate,8.0
7938,shopping bags,8.0
7940,pork,8.0
7940,frozen fish,8.0
7940,domestic eggs,8.0
7940,sugar,6.0
7940,misc. beverages,8.0
7940,dental care,8.0
7940,hygiene articles,7.0
7940,shopping bags,8.0
7944,root vegetables,9.0
7944,whole milk,8.0
7944,yogurt,8.0
7944,domestic eggs,8.0
7944,rolls/buns,8.0
7944,long life bakery product,5.0
7944,napkins,7.0
7946,beef,8.0
7946,root vegetables,9.0
7946,other vegetables,9.0
7946,white bread,8.0
7946,soda,5.0
7946,chocolate,7.0
7946,newspapers,7.0
7948,yogurt,8.0
7948,UHT-milk,8.0
7948,cream cheese ,8.0
7948,rolls/buns,8.0
7948,brown bread,6.0
7948,pastry,6.0
7948,pickled vegetables,9.0
7948,canned fish,8.0
7948,cling film/bags,8.0
7949,frankfurter,7.0
7949,whole milk,8.0
7949,yogurt,8.0
7949,frozen fish,8.0
7949,domestic eggs,8.0
7951,whole milk,8.0
7951,cream cheese ,8.0
7951,domestic eggs,8.0
7951,margarine,8.0
7951,canned beer,8.0
7951,long life bakery product,5.0
7951,shopping bags,8.0
7952,grapes,8.0
7952,dessert,6.0
7952,yogurt,8.0
7952,beverages,7.0
7952,frozen vegetables,8.0
7952,canned beer,8.0
7971,butter,8.0
7971,domestic eggs,8.0
7971,flour,6.0
7971,soups,5.0
7971,baking powder,6.0
7974,meat,8.0
7974,brown bread,6.0
7974,soda,5.0
7974,misc. beverages,8.0
7974,kitchen towels,7.0
7976,citrus fruit,9.0
7976,yogurt,8.0
7976,UHT-milk,8.0
7976,pastry,6.0
7976,sauces,8.0
7976,coffee,8.0
7976,light bulbs,7.0
7977,whole milk,8.0
7977,popcorn,8.0
7977,specialty chocolate,8.0
7977,specialty bar,8.0
7977,candy,7.0
7978,soda,5.0
7978,bottled beer,7.0
7978,liquor,8.0
7978,red/blush wine,8.0
7978,shopping bags,8.0
7979,root vegetables,9.0
7979,other vegetables,9.0
7979,packaged fruit/vegetables,9.0
7979,rolls/buns,8.0
7979,canned beer,8.0
7979,red/blush wine,8.0
7981,root vegetables,9.0
7981,other vegetables,9.0
7981,whole milk,8.0
7981,butter,8.0
7981,frozen vegetables,8.0
7981,sugar,6.0
7981,bottled water,7.0
7981,fruit/vegetable juice,8.0
7985,yogurt,8.0
7985,rolls/buns,8.0
7985,vinegar,7.0
7985,margarine,8.0
7985,sparkling wine,8.0
7988,ham,8.0
7988,other vegetables,9.0
7988,hard cheese,8.0
7988,pastry,6.0
7988,chewing gum,7.0
7989,frankfurter,7.0
7989,whole milk,8.0
7989,yogurt,8.0
7989,rolls/buns,8.0
7989,margarine,8.0
7990,root vegetables,9.0
7990,other vegetables,9.0
7990,whole milk,8.0
7990,processed cheese,8.0
7990,mayonnaise,8.0
7990,domestic eggs,8.0
7990,brown bread,6.0
7990,oil,8.0
7990,soda,5.0
7990,long life bakery product,5.0
7990,shopping bags,8.0
7992,hamburger meat,8.0
7992,curd,8.0
7992,hard cheese,8.0
7992,flour,6.0
7992,pasta,8.0
7992,margarine,8.0
7992,sugar,6.0
7992,Instant food products,7.0
7992,fruit/vegetable juice,8.0
7992,chewing gum,7.0
7992,hygiene articles,7.0
7992,napkins,7.0
7993,frankfurter,7.0
7993,tropical fruit,9.0
7993,berries,9.0
7993,butter milk,8.0
7993,yogurt,8.0
7993,whipped/sour cream,8.0
7993,specialty cheese,8.0
7993,rolls/buns,8.0
7994,beef,8.0
7994,curd,8.0
7994,frozen vegetables,8.0
7994,frozen dessert,8.0
7994,rolls/buns,8.0
7994,coffee,8.0
7994,newspapers,7.0
7994,shopping bags,8.0
7995,root vegetables,9.0
7995,UHT-milk,8.0
7995,ice cream,8.0
7995,frozen potato products,8.0
7995,bottled water,7.0
7995,soda,5.0
7995,bottled beer,7.0
7995,specialty bar,8.0
7995,napkins,7.0
7995,shopping bags,8.0
7997,sausage,8.0
7997,pork,8.0
7997,tropical fruit,9.0
7997,root vegetables,9.0
7997,other vegetables,9.0
7997,whole milk,8.0
7997,curd,8.0
7997,rolls/buns,8.0
7997,soda,5.0
8004,whole milk,8.0
8004,frozen meals,8.0
8004,rolls/buns,8.0
8004,pastry,6.0
8004,sugar,6.0
8004,soda,5.0
8009,other vegetables,9.0
8009,soft cheese,8.0
8009,specialty cheese,8.0
8009,margarine,8.0
8009,red/blush wine,8.0
8016,grapes,8.0
8016,root vegetables,9.0
8016,other vegetables,9.0
8016,yogurt,8.0
8016,white bread,8.0
8018,other vegetables,9.0
8018,whole milk,8.0
8018,yogurt,8.0
8018,whipped/sour cream,8.0
8018,meat spreads,8.0
8018,instant coffee,8.0
8018,soda,5.0
8019,ham,8.0
8019,pork,8.0
8019,citrus fruit,9.0
8019,pip fruit,9.0
8019,root vegetables,9.0
8019,other vegetables,9.0
8019,butter milk,8.0
8019,beverages,7.0
8019,sliced cheese,8.0
8019,frozen vegetables,8.0
8019,frozen fish,8.0
8019,oil,8.0
8019,margarine,8.0
8019,canned vegetables,8.0
8021,sausage,8.0
8021,whole milk,8.0
8021,margarine,8.0
8021,waffles,6.0
8021,candles,7.0
8027,tropical fruit,9.0
8027,whole milk,8.0
8027,yogurt,8.0
8027,rolls/buns,8.0
8027,pastry,6.0
8027,coffee,8.0
8027,specialty chocolate,8.0
8029,pork,8.0
8029,rolls/buns,8.0
8029,margarine,8.0
8029,canned beer,8.0
8029,napkins,7.0
8031,pork,8.0
8031,frozen potato products,8.0
8031,rolls/buns,8.0
8031,pastry,6.0
8031,soda,5.0
8031,white wine,8.0
8035,frankfurter,7.0
8035,UHT-milk,8.0
8035,hard cheese,8.0
8035,spread cheese,8.0
8035,brown bread,6.0
8035,pastry,6.0
8035,bottled water,7.0
8035,seasonal products,8.0
8035,shopping bags,8.0
8037,pork,8.0
8037,pip fruit,9.0
8037,other vegetables,9.0
8037,yogurt,8.0
8037,domestic eggs,8.0
8041,other vegetables,9.0
8041,yogurt,8.0
8041,whipped/sour cream,8.0
8041,mayonnaise,8.0
8041,domestic eggs,8.0
8041,pet care,8.0
8041,misc. beverages,8.0
8041,sparkling wine,8.0
8043,frankfurter,7.0
8043,tropical fruit,9.0
8043,pip fruit,9.0
8043,sliced cheese,8.0
8043,mayonnaise,8.0
8043,domestic eggs,8.0
8043,rolls/buns,8.0
8043,fruit/vegetable juice,9.0
8043,shopping bags,8.0
8044,chicken,8.0
8044,tropical fruit,9.0
8044,onions,9.0
8044,other vegetables,9.0
8044,butter milk,8.0
8044,yogurt,8.0
8044,beverages,7.0
8044,sliced cheese,8.0
8044,hard cheese,8.0
8044,rolls/buns,8.0
8044,pastry,6.0
8044,cereals,8.0
8044,chocolate,7.0
8044,napkins,7.0
8044,house keeping products,7.0
8045,sausage,8.0
8045,ham,8.0
8045,rolls/buns,8.0
8045,soda,5.0
8045,white wine,8.0
8046,frankfurter,7.0
8046,root vegetables,9.0
8046,frozen vegetables,8.0
8046,white bread,8.0
8046,bathroom cleaner,7.0
8048,frankfurter,7.0
8048,sausage,8.0
8048,chicken,8.0
8048,citrus fruit,9.0
8048,root vegetables,9.0
8048,herbs,9.0
8048,packaged fruit/vegetables,9.0
8048,whole milk,8.0
8048,salt,8.0
8048,sugar,6.0
8048,bottled beer,7.0
8048,napkins,7.0
8050,sausage,8.0
8050,white bread,8.0
8050,coffee,8.0
8050,soda,5.0
8050,shopping bags,8.0
8052,whole milk,8.0
8052,dog food,8.0
8052,cat food,8.0
8052,soda,5.0
8052,chocolate,7.0
8052,napkins,7.0
8068,other vegetables,9.0
8068,whole milk,8.0
8068,whipped/sour cream,8.0
8068,coffee,8.0
8068,flower (seeds),7.0
8070,curd,8.0
8070,dessert,6.0
8070,rolls/buns,8.0
8070,seasonal products,8.0
8070,dishes,8.0
8072,bottled water,7.0
8072,canned beer,8.0
8072,white wine,8.0
8072,specialty bar,8.0
8072,shopping bags,8.0
8076,hamburger meat,8.0
8076,berries,9.0
8076,dessert,6.0
8076,whipped/sour cream,8.0
8076,shopping bags,8.0
8079,pork,8.0
8079,root vegetables,9.0
8079,herbs,9.0
8079,whole milk,8.0
8079,frozen vegetables,8.0
8079,rolls/buns,8.0
8079,sweet spreads,8.0
8079,detergent,6.0
8079,flower (seeds),7.0
8081,sausage,8.0
8081,tropical fruit,9.0
8081,cream cheese ,8.0
8081,pastry,6.0
8081,bottled water,7.0
8082,soft cheese,8.0
8082,frozen meals,8.0
8082,domestic eggs,8.0
8082,rolls/buns,8.0
8082,cat food,8.0
8084,frankfurter,7.0
8084,ham,8.0
8084,meat,8.0
8084,pip fruit,9.0
8084,berries,9.0
8084,UHT-milk,8.0
8084,soft cheese,8.0
8084,sliced cheese,8.0
8084,cream cheese ,8.0
8084,frozen vegetables,8.0
8084,frozen fish,8.0
8084,white bread,8.0
8084,brown bread,6.0
8084,sugar,6.0
8084,sauces,8.0
8084,sweet spreads,8.0
8084,canned fish,8.0
8084,pet care,8.0
8084,fruit/vegetable juice,9.0
8084,specialty bar,8.0
8084,kitchen towels,7.0
8085,frankfurter,7.0
8085,whole milk,8.0
8085,rolls/buns,8.0
8085,cling film/bags,8.0
8085,shopping bags,8.0
8093,beef,8.0
8093,citrus fruit,9.0
8093,tropical fruit,9.0
8093,root vegetables,9.0
8093,other vegetables,9.0
8093,whole milk,8.0
8093,whipped/sour cream,8.0
8093,cream cheese ,8.0
8093,rolls/buns,8.0
8093,rice,9.0
8093,vinegar,7.0
8093,baking powder,6.0
8093,detergent,6.0
8094,yogurt,8.0
8094,salt,8.0
8094,coffee,8.0
8094,specialty bar,8.0
8094,softener,8.0
8094,hygiene articles,7.0
8101,onions,9.0
8101,oil,8.0
8101,dog food,8.0
8101,bottled water,7.0
8101,dish cleaner,7.0
8101,shopping bags,8.0
8107,pork,8.0
8107,citrus fruit,9.0
8107,tropical fruit,9.0
8107,grapes,8.0
8107,root vegetables,9.0
8107,cream cheese ,8.0
8107,pet care,8.0
8107,bottled water,7.0
8107,fruit/vegetable juice,9.0
8107,bottled beer,7.0
8110,chicken,8.0
8110,soda,5.0
8110,liquor (appetizer),8.0
8110,newspapers,7.0
8110,shopping bags,8.0
8111,citrus fruit,9.0
8111,butter milk,8.0
8111,white bread,8.0
8111,canned fish,8.0
8111,bottled water,7.0
8111,sparkling wine,8.0
8111,male cosmetics,7.0
8114,hamburger meat,8.0
8114,tropical fruit,9.0
8114,onions,9.0
8114,canned vegetables,8.0
8114,soda,5.0
8114,candy,7.0
8114,shopping bags,8.0
8117,sausage,8.0
8117,other vegetables,9.0
8117,beverages,7.0
8117,rolls/buns,8.0
8117,red/blush wine,8.0
8117,specialty chocolate,8.0
8117,shopping bags,8.0
8119,onions,9.0
8119,other vegetables,9.0
8119,whole milk,8.0
8119,yogurt,8.0
8119,whipped/sour cream,8.0
8119,tea,8.0
8119,cleaner,6.0
8119,bathroom cleaner,7.0
8120,beef,8.0
8120,citrus fruit,9.0
8120,grapes,8.0
8120,root vegetables,9.0
8120,rolls/buns,8.0
8120,dog food,8.0
8120,chocolate,7.0
8126,frankfurter,7.0
8126,citrus fruit,9.0
8126,other vegetables,9.0
8126,UHT-milk,8.0
8126,syrup,6.0
8126,seasonal products,8.0
8126,newspapers,7.0
8129,fish,8.0
8129,citrus fruit,9.0
8129,tropical fruit,9.0
8129,other vegetables,9.0
8129,oil,8.0
8129,margarine,8.0
8129,white wine,8.0
8138,hamburger meat,8.0
8138,soft cheese,8.0
8138,hard cheese,8.0
8138,baking powder,6.0
8138,meat spreads,8.0
8138,dish cleaner,7.0
8144,sausage,8.0
8144,chicken,8.0
8144,other vegetables,9.0
8144,soft cheese,8.0
8144,frozen vegetables,8.0
8144,spices,9.0
8144,soda,5.0
8144,shopping bags,8.0
8147,finished products,7.0
8147,other vegetables,9.0
8147,pet care,8.0
8147,misc. beverages,8.0
8147,chocolate,7.0
8147,newspapers,7.0
8149,ham,8.0
8149,tropical fruit,9.0
8149,pip fruit,9.0
8149,other vegetables,9.0
8149,UHT-milk,8.0
8149,sliced cheese,8.0
8149,domestic eggs,8.0
8149,white bread,8.0
8149,fruit/vegetable juice,9.0
8150,bottled beer,7.0
8150,liquor,8.0
8150,red/blush wine,8.0
8150,waffles,6.0
8150,candy,7.0
8150,napkins,7.0
8150,shopping bags,8.0
8151,ice cream,8.0
8151,domestic eggs,8.0
8151,rolls/buns,8.0
8151,bottled water,7.0
8151,soda,5.0
8151,bottled beer,7.0
8151,shopping bags,8.0
8153,beef,8.0
8153,spread cheese,8.0
8153,rolls/buns,8.0
8153,white wine,8.0
8153,shopping bags,8.0
8159,meat,8.0
8159,other vegetables,9.0
8159,dessert,6.0
8159,yogurt,8.0
8159,domestic eggs,8.0
8159,rolls/buns,8.0
8159,oil,8.0
8159,pet care,8.0
8159,coffee,8.0
8159,bottled water,7.0
8159,fruit/vegetable juice,9.0
8159,bottled beer,7.0
8162,frankfurter,7.0
8162,sausage,8.0
8162,other vegetables,9.0
8162,yogurt,8.0
8162,rolls/buns,8.0
8162,white bread,8.0
8174,citrus fruit,9.0
8174,grapes,8.0
8174,onions,9.0
8174,other vegetables,9.0
8174,whipped/sour cream,8.0
8174,cream cheese ,8.0
8174,mayonnaise,8.0
8174,frozen vegetables,8.0
8174,ice cream,8.0
8174,mustard,8.0
8174,spices,9.0
8174,preservation products,8.0
8174,coffee,8.0
8174,cocoa drinks,7.0
8174,long life bakery product,5.0
8174,waffles,6.0
8174,chocolate,7.0
8174,candy,7.0
8174,dish cleaner,7.0
8174,abrasive cleaner,7.0
8174,hygiene articles,7.0
8176,other vegetables,9.0
8176,rice,9.0
8176,coffee,8.0
8176,specialty chocolate,8.0
8176,seasonal products,8.0
8176,hygiene articles,7.0
8176,shopping bags,6.0
8181,chicken,6.0
8181,frozen vegetables,6.0
8181,chocolate,7.0
8181,chocolate marshmallow,7.0
8181,shopping bags,6.0
8184,pork,5.0
8184,other vegetables,9.0
8184,whipped/sour cream,8.0
8184,frozen vegetables,5.0
8184,cereals,8.0
8184,cat food,5.0
8184,fruit/vegetable juice,9.0
8184,cake bar,6.0
8184,specialty chocolate,8.0
8184,specialty bar,8.0
8184,napkins,7.0
8184,newspapers,7.0
8184,shopping bags,8.0
8187,whole milk,8.0
8187,frozen meals,8.0
8187,white bread,8.0
8187,bottled water,7.0
8187,soda,5.0
8187,candy,7.0
8188,beef,8.0
8188,root vegetables,9.0
8188,other vegetables,9.0
8188,bottled water,7.0
8188,soda,5.0
8189,frankfurter,7.0
8189,sausage,8.0
8189,yogurt,8.0
8189,white bread,8.0
8189,bottled water,7.0
8189,soda,5.0
8189,shopping bags,8.0
8190,sausage,8.0
8190,ham,8.0
8190,curd,8.0
8190,soda,5.0
8190,cake bar,6.0
8190,shopping bags,8.0
8195,citrus fruit,9.0
8195,tropical fruit,9.0
8195,brown bread,6.0
8195,sauces,8.0
8195,soda,5.0
8195,napkins,7.0
8195,shopping bags,8.0
8198,frankfurter,7.0
8198,onions,9.0
8198,butter milk,8.0
8198,spices,9.0
8198,soups,5.0
8198,soda,5.0
8198,shopping bags,8.0
8199,tropical fruit,9.0
8199,grapes,8.0
8199,frozen meals,8.0
8199,brown bread,6.0
8199,bottled water,7.0
8199,soda,5.0
8199,shopping bags,8.0
8203,root vegetables,9.0
8203,herbs,9.0
8203,whole milk,8.0
8203,curd,8.0
8203,frozen vegetables,8.0
8203,frozen dessert,8.0
8203,sweet spreads,8.0
8203,fruit/vegetable juice,8.0
8204,curd,8.0
8204,yogurt,8.0
8204,white bread,8.0
8204,brown bread,6.0
8204,flour,6.0
8204,artif. sweetener,7.0
8204,red/blush wine,8.0
8204,shopping bags,8.0
8205,dessert,6.0
8205,misc. beverages,8.0
8205,fruit/vegetable juice,8.0
8205,popcorn,8.0
8205,shopping bags,8.0
8206,tropical fruit,9.0
8206,pip fruit,9.0
8206,whole milk,8.0
8206,rolls/buns,8.0
8206,brown bread,6.0
8206,soda,5.0
8206,chewing gum,7.0
8210,hamburger meat,8.0
8210,other vegetables,9.0
8210,curd,8.0
8210,rolls/buns,8.0
8210,bottled beer,7.0
8210,specialty bar,8.0
8214,cream cheese ,8.0
8214,brown bread,6.0
8214,meat spreads,8.0
8214,soda,5.0
8214,chocolate,7.0
8217,whole milk,8.0
8217,butter,8.0
8217,yogurt,8.0
8217,rolls/buns,8.0
8217,coffee,8.0
8217,fruit/vegetable juice,9.0
8217,detergent,6.0
8221,yogurt,8.0
8221,whipped/sour cream,8.0
8221,UHT-milk,8.0
8221,fruit/vegetable juice,9.0
8221,newspapers,7.0
8223,other vegetables,9.0
8223,cream cheese ,8.0
8223,rolls/buns,8.0
8223,margarine,4.0
8223,specialty fat,8.0
8223,soups,5.0
8225,beef,4.0
8225,frozen vegetables,4.0
8225,rolls/buns,8.0
8225,soda,5.0
8225,chewing gum,7.0
8225,photo/film,8.0
8226,beef,4.0
8226,sugar,6.0
8226,soda,5.0
8226,long life bakery product,5.0
8226,hygiene articles,7.0
8230,pork,4.0
8230,whole milk,8.0
8230,yogurt,8.0
8230,cream cheese ,8.0
8230,rolls/buns,8.0
8230,pudding powder,8.0
8231,sausage,4.0
8231,beef,4.0
8231,hamburger meat,8.0
8231,pip fruit,9.0
8231,root vegetables,9.0
8231,herbs,9.0
8231,other vegetables,9.0
8231,yogurt,8.0
8231,mayonnaise,8.0
8231,rolls/buns,8.0
8231,dishes,6.0
8233,frankfurter,7.0
8233,beef,6.0
8233,other vegetables,9.0
8233,pasta,8.0
8233,margarine,6.0
8233,canned fish,6.0
8233,dishes,6.0
8233,cling film/bags,6.0
8234,other vegetables,9.0
8234,whole milk,8.0
8234,dessert,6.0
8234,cream cheese ,8.0
8234,sugar,6.0
8234,dishes,6.0
8235,pip fruit,9.0
8235,herbs,9.0
8235,other vegetables,9.0
8235,whipped/sour cream,8.0
8235,oil,6.0
8235,bottled water,7.0
8239,pip fruit,9.0
8239,other vegetables,9.0
8239,whipped/sour cream,8.0
8239,sliced cheese,8.0
8239,rolls/buns,8.0
8240,frankfurter,7.0
8240,meat,6.0
8240,chicken,6.0
8240,pip fruit,9.0
8240,root vegetables,9.0
8240,onions,9.0
8240,whipped/sour cream,8.0
8240,domestic eggs,6.0
8240,potato products,9.0
8240,shopping bags,6.0
8242,butter,8.0
8242,yogurt,8.0
8242,frozen vegetables,6.0
8242,frozen potato products,6.0
8242,pickled vegetables,6.0
8243,sausage,6.0
8243,citrus fruit,9.0
8243,tropical fruit,9.0
8243,pip fruit,9.0
8243,other vegetables,9.0
8243,whole milk,8.0
8243,butter,8.0
8243,processed cheese,8.0
8243,spread cheese,8.0
8243,pastry,6.0
8243,canned fish,6.0
8243,bottled water,7.0
8243,red/blush wine,8.0
8243,salty snack,6.0
8243,long life bakery product,5.0
8243,chocolate,7.0
8243,female sanitary products,7.0
8243,rubbing alcohol,6.0
8243,hygiene articles,7.0
8243,napkins,7.0
8243,house keeping products,7.0
8244,meat,6.0
8244,citrus fruit,9.0
8244,yogurt,8.0
8244,condensed milk,8.0
8244,frozen vegetables,6.0
8244,spices,9.0
8244,meat spreads,6.0
8244,canned fish,6.0
8245,dog food,6.0
8245,detergent,6.0
8245,hygiene articles,7.0
8245,napkins,7.0
8245,newspapers,7.0
8245,pot plants,7.0
8248,pip fruit,9.0
8248,whole milk,8.0
8248,cream cheese ,8.0
8248,rolls/buns,8.0
8248,chocolate,7.0
8248,cooking chocolate,6.0
8249,tropical fruit,9.0
8249,whole milk,8.0
8249,frozen meals,6.0
8249,frozen dessert,6.0
8249,rolls/buns,8.0
8249,soda,5.0
8249,bottled beer,7.0
8249,cake bar,6.0
8249,detergent,6.0
8249,pot plants,7.0
8255,sausage,6.0
8255,tropical fruit,9.0
8255,root vegetables,9.0
8255,whole milk,8.0
8255,yogurt,8.0
8255,frozen potato products,6.0
8255,pastry,6.0
8256,organic sausage,9.0
8256,pork,6.0
8256,root vegetables,9.0
8256,curd,8.0
8256,bottled water,7.0
8261,meat,6.0
8261,butter,8.0
8261,yogurt,8.0
8261,rolls/buns,8.0
8261,bottled water,7.0
8261,soda,5.0
8261,fruit/vegetable juice,9.0
8264,whole milk,8.0
8264,rolls/buns,8.0
8264,flour,6.0
8264,vinegar,7.0
8264,shopping bags,7.0
8265,citrus fruit,9.0
8265,tropical fruit,9.0
8265,whole milk,8.0
8265,rolls/buns,8.0
8265,brown bread,6.0
8265,bottled water,7.0
8268,other vegetables,9.0
8268,sliced cheese,8.0
8268,rolls/buns,8.0
8268,bottled water,7.0
8268,newspapers,7.0
8276,berries,9.0
8276,dessert,6.0
8276,rolls/buns,8.0
8276,soda,5.0
8276,white wine,8.0
8278,pork,7.0
8278,root vegetables,9.0
8278,other vegetables,9.0
8278,whole milk,8.0
8278,butter milk,8.0
8278,yogurt,8.0
8278,whipped/sour cream,8.0
8278,rolls/buns,8.0
8278,flour,6.0
8278,cat food,7.0
8278,instant coffee,8.0
8278,waffles,6.0
8278,cling film/bags,7.0
8278,newspapers,7.0
8281,sausage,7.0
8281,tropical fruit,9.0
8281,onions,9.0
8281,other vegetables,9.0
8281,butter milk,8.0
8281,curd cheese,6.0
8281,rolls/buns,8.0
8281,bottled water,7.0
8281,abrasive cleaner,7.0
8285,organic sausage,9.0
8285,tropical fruit,9.0
8285,packaged fruit/vegetables,9.0
8285,whole milk,8.0
8285,curd,8.0
8285,yogurt,8.0
8285,soft cheese,8.0
8285,curd cheese,6.0
8285,frozen vegetables,7.0
8285,domestic eggs,7.0
8285,rolls/buns,8.0
8285,pastry,6.0
8285,margarine,7.0
8285,bottled water,7.0
8285,cooking chocolate,6.0
8285,hygiene articles,7.0
8285,shopping bags,7.0
8286,sausage,7.0
8286,hamburger meat,8.0
8286,whole milk,8.0
8286,butter,8.0
8286,curd,8.0
8286,processed cheese,8.0
8286,pastry,6.0
8286,Instant food products,7.0
8286,shopping bags,7.0
8287,frankfurter,7.0
8287,sausage,7.0
8287,other vegetables,9.0
8287,rolls/buns,8.0
8287,bottled water,7.0
8287,bottled beer,7.0
8288,chicken,7.0
8288,citrus fruit,9.0
8288,other vegetables,9.0
8288,whole milk,8.0
8288,female sanitary products,7.0
8290,berries,9.0
8290,whole milk,8.0
8290,curd,8.0
8290,yogurt,8.0
8290,rolls/buns,8.0
8290,pastry,6.0
8290,honey,9.0
8290,chocolate,7.0
8294,tropical fruit,9.0
8294,root vegetables,9.0
8294,curd,8.0
8294,yogurt,8.0
8294,tea,8.0
8294,newspapers,7.0
8295,beef,7.0
8295,other vegetables,9.0
8295,whole milk,8.0
8295,domestic eggs,7.0
8295,margarine,7.0
8295,pickled vegetables,9.0
8295,bottled water,7.0
8295,bottled beer,7.0
8295,newspapers,7.0
8301,beverages,7.0
8301,frozen fish,3.0
8301,salt,3.0
8301,sugar,6.0
8301,snack products,8.0
8302,sausage,3.0
8302,ham,8.0
8302,beef,3.0
8302,citrus fruit,9.0
8302,berries,9.0
8302,yogurt,8.0
8302,spread cheese,8.0
8302,rolls/buns,8.0
8302,cat food,3.0
8302,chocolate,7.0
8302,specialty bar,8.0
8303,rolls/buns,8.0
8303,margarine,3.0
8303,bottled water,7.0
8303,soda,5.0
8303,red/blush wine,8.0
8303,chocolate,7.0
8303,candy,7.0
8303,newspapers,7.0
8306,pork,3.0
8306,beef,3.0
8306,grapes,8.0
8306,berries,9.0
8306,root vegetables,9.0
8306,other vegetables,9.0
8306,packaged fruit/vegetables,9.0
8306,yogurt,8.0
8306,newspapers,7.0
8314,chicken,8.0
8314,root vegetables,9.0
8314,other vegetables,9.0
8314,rolls/buns,8.0
8314,canned beer,8.0
8314,red/blush wine,8.0
8317,frankfurter,7.0
8317,rolls/buns,8.0
8317,brown bread,6.0
8317,coffee,8.0
8317,bottled water,7.0
8317,soda,5.0
8317,canned beer,8.0
8317,chocolate,7.0
8317,cling film/bags,8.0
8317,shopping bags,8.0
8318,frankfurter,7.0
8318,hamburger meat,8.0
8318,root vegetables,9.0
8318,whole milk,8.0
8318,yogurt,8.0
8318,brown bread,6.0
8318,chocolate,7.0
8320,whole milk,8.0
8320,yogurt,8.0
8320,frozen fish,8.0
8320,domestic eggs,8.0
8320,white bread,8.0
8320,margarine,8.0
8320,fruit/vegetable juice,9.0
8320,waffles,6.0
8320,skin care,7.0
8320,hygiene articles,7.0
8321,sausage,7.0
8321,tropical fruit,9.0
8321,pip fruit,9.0
8321,specialty cheese,8.0
8321,ice cream,8.0
8321,rolls/buns,8.0
8321,soda,5.0
8321,specialty chocolate,8.0
8321,candy,7.0
8321,shopping bags,7.0
8333,white bread,8.0
8333,misc. beverages,7.0
8333,bottled beer,7.0
8333,liquor,7.0
8333,red/blush wine,8.0
8340,tropical fruit,9.0
8340,root vegetables,9.0
8340,whole milk,8.0
8340,white bread,8.0
8340,coffee,8.0
8344,curd,8.0
8344,cream cheese ,8.0
8344,rolls/buns,8.0
8344,flour,6.0
8344,margarine,7.0
8344,cat food,7.0
8344,coffee,8.0
8348,beef,7.0
8348,whole milk,8.0
8348,yogurt,8.0
8348,brown bread,6.0
8348,dish cleaner,7.0
8348,dishes,7.0
8353,pork,7.0
8353,beef,7.0
8353,root vegetables,9.0
8353,other vegetables,9.0
8353,UHT-milk,8.0
8353,spread cheese,8.0
8353,mayonnaise,8.0
8353,domestic eggs,7.0
8353,zwieback,7.0
8353,toilet cleaner,7.0
8353,newspapers,7.0
8353,shopping bags,7.0
8354,whole milk,8.0
8354,curd,8.0
8354,rolls/buns,8.0
8354,bottled water,7.0
8354,fruit/vegetable juice,9.0
8354,soap,6.0
8356,sausage,6.0
8356,pork,6.0
8356,beef,6.0
8356,hamburger meat,8.0
8356,root vegetables,9.0
8356,whole milk,8.0
8356,butter,8.0
8356,dessert,6.0
8356,pasta,8.0
8356,cat food,6.0
8356,chocolate,7.0
8356,candles,7.0
8356,shopping bags,6.0
8357,soft cheese,8.0
8357,cream cheese ,8.0
8357,rolls/buns,8.0
8357,soda,5.0
8357,specialty bar,8.0
8360,chicken,8.0
8360,berries,9.0
8360,root vegetables,9.0
8360,whole milk,8.0
8360,butter,8.0
8360,whipped/sour cream,8.0
8360,cereals,8.0
8360,napkins,7.0
8360,photo/film,8.0
8360,flower (seeds),7.0
8366,pork,8.0
8366,fish,8.0
8366,citrus fruit,9.0
8366,whole milk,8.0
8366,long life bakery product,5.0
8368,sausage,8.0
8368,tropical fruit,9.0
8368,pip fruit,9.0
8368,root vegetables,9.0
8368,whole milk,8.0
8368,yogurt,8.0
8368,rolls/buns,8.0
8368,pastry,6.0
8368,oil,8.0
8368,coffee,8.0
8368,specialty bar,8.0
8368,dish cleaner,7.0
8368,cling film/bags,7.0
8368,shopping bags,7.0
8371,tropical fruit,9.0
8371,whole milk,8.0
8371,yogurt,8.0
8371,whipped/sour cream,8.0
8371,frozen meals,7.0
8371,rolls/buns,8.0
8371,waffles,6.0
8371,newspapers,7.0
8371,photo/film,8.0
8375,pork,7.0
8375,tropical fruit,9.0
8375,pip fruit,9.0
8375,bottled water,7.0
8375,bottled beer,7.0
8380,pork,7.0
8380,hamburger meat,8.0
8380,other vegetables,9.0
8380,brown bread,6.0
8380,Instant food products,7.0
8381,cream cheese ,8.0
8381,rolls/buns,8.0
8381,zwieback,7.0
8381,dental care,7.0
8381,napkins,7.0
8381,newspapers,7.0
8382,tropical fruit,9.0
8382,onions,9.0
8382,other vegetables,9.0
8382,whole milk,8.0
8382,canned vegetables,8.0
8382,soda,5.0
8382,fruit/vegetable juice,9.0
8382,chocolate,7.0
8382,newspapers,7.0
8385,frankfurter,7.0
8385,sausage,9.0
8385,meat,9.0
8385,whole milk,8.0
8385,beverages,7.0
8385,hard cheese,8.0
8385,fruit/vegetable juice,9.0
8385,bottled beer,7.0
8385,sparkling wine,9.0
8385,specialty chocolate,8.0
8385,napkins,7.0
8388,pork,9.0
8388,other vegetables,9.0
8388,whole milk,8.0
8388,brown bread,6.0
8388,pastry,6.0
8388,soda,5.0
8388,misc. beverages,9.0
8389,frankfurter,7.0
8389,bottled water,7.0
8389,misc. beverages,9.0
8389,bottled beer,7.0
8389,sparkling wine,9.0
8395,frankfurter,7.0
8395,sausage,9.0
8395,tropical fruit,9.0
8395,pip fruit,9.0
8395,grapes,8.0
8395,other vegetables,9.0
8395,whole milk,8.0
8395,butter,8.0
8395,yogurt,8.0
8395,frozen meals,9.0
8395,brown bread,6.0
8395,red/blush wine,8.0
8397,citrus fruit,9.0
8397,onions,9.0
8397,UHT-milk,8.0
8397,brown bread,6.0
8397,pastry,6.0
8397,bottled water,7.0
8397,fruit/vegetable juice,9.0
8398,other vegetables,9.0
8398,whole milk,8.0
8398,yogurt,8.0
8398,frozen meals,9.0
8398,semi-finished bread,8.0
8398,cat food,9.0
8398,soda,5.0
8398,fruit/vegetable juice,9.0
8398,chocolate,7.0
8398,hygiene articles,7.0
8398,newspapers,7.0
8404,tropical fruit,9.0
8404,grapes,8.0
8404,yogurt,8.0
8404,frozen vegetables,7.0
8404,ice cream,8.0
8404,rolls/buns,8.0
8404,sugar,6.0
8404,soda,5.0
8404,detergent,6.0
8404,dish cleaner,7.0
8405,whole milk,8.0
8405,butter milk,8.0
8405,hard cheese,8.0
8405,coffee,8.0
8405,chocolate,7.0
8405,candy,7.0
8407,whole milk,8.0
8407,curd,8.0
8407,whipped/sour cream,8.0
8407,cream cheese ,8.0
8407,white bread,8.0
8407,oil,4.0
8407,sugar,6.0
8407,baking powder,6.0
8407,cat food,4.0
8407,chocolate,7.0
8407,cooking chocolate,6.0
8408,pasta,8.0
8408,sauces,4.0
8408,cake bar,6.0
8408,chocolate marshmallow,7.0
8408,napkins,7.0
8409,whole milk,8.0
8409,yogurt,8.0
8409,frozen meals,4.0
8409,pasta,8.0
8409,sauces,4.0
8409,canned fish,4.0
8409,cat food,4.0
8409,pet care,4.0
8409,soda,5.0
8413,sausage,4.0
8413,citrus fruit,9.0
8413,tropical fruit,9.0
8413,grapes,8.0
8413,other vegetables,9.0
8413,packaged fruit/vegetables,9.0
8413,butter,8.0
8413,curd,8.0
8413,butter milk,8.0
8413,yogurt,8.0
8413,brown bread,6.0
8413,flour,6.0
8413,fruit/vegetable juice,9.0
8413,waffles,6.0
8413,candy,7.0
8413,shopping bags,7.0
8414,tropical fruit,9.0
8414,frozen meals,7.0
8414,rolls/buns,8.0
8414,candy,7.0
8414,newspapers,7.0
8422,tropical fruit,9.0
8422,whole milk,8.0
8422,butter milk,8.0
8422,cereals,8.0
8422,fruit/vegetable juice,9.0
8422,long life bakery product,5.0
8422,chocolate,7.0
8422,cleaner,6.0
8422,newspapers,7.0
8424,brown bread,6.0
8424,pastry,6.0
8424,semi-finished bread,8.0
8424,dog food,9.0
8424,coffee,8.0
8424,fruit/vegetable juice,9.0
8426,berries,9.0
8426,other vegetables,9.0
8426,yogurt,8.0
8426,UHT-milk,8.0
8426,rolls/buns,8.0
8426,bottled water,7.0
8426,soda,5.0
8427,citrus fruit,9.0
8427,pip fruit,9.0
8427,butter,8.0
8427,spices,9.0
8427,bottled beer,7.0
8427,long life bakery product,5.0
8427,specialty bar,8.0
8427,dental care,7.0
8427,napkins,7.0
8427,light bulbs,7.0
8429,hamburger meat,8.0
8429,grapes,8.0
8429,whole milk,8.0
8429,pastry,6.0
8429,pasta,8.0
8429,soda,5.0
8434,hamburger meat,8.0
8434,root vegetables,9.0
8434,yogurt,8.0
8434,whipped/sour cream,8.0
8434,sliced cheese,8.0
8434,pasta,8.0
8434,soda,5.0
8434,waffles,6.0
8436,pastry,6.0
8436,soda,5.0
8436,salty snack,7.0
8436,popcorn,7.0
8436,skin care,7.0
8437,sausage,7.0
8437,other vegetables,9.0
8437,yogurt,8.0
8437,cat food,7.0
8437,chewing gum,7.0
8437,female sanitary products,7.0
8437,cling film/bags,7.0
8445,frankfurter,7.0
8445,hamburger meat,8.0
8445,whole milk,8.0
8445,coffee,8.0
8445,bottled water,7.0
8445,bottled beer,7.0
8445,waffles,6.0
8445,chocolate,7.0
8447,citrus fruit,9.0
8447,whole milk,8.0
8447,yogurt,8.0
8447,whipped/sour cream,8.0
8447,cat food,7.0
8447,specialty chocolate,8.0
8447,female sanitary products,7.0
8449,beef,7.0
8449,root vegetables,9.0
8449,curd,8.0
8449,dessert,6.0
8449,waffles,6.0
8449,dish cleaner,7.0
8454,ham,8.0
8454,berries,9.0
8454,root vegetables,9.0
8454,whole milk,8.0
8454,whipped/sour cream,8.0
8454,brown bread,6.0
8454,pastry,6.0
8454,bottled beer,7.0
8454,napkins,7.0
8459,dessert,6.0
8459,frozen dessert,7.0
8459,oil,7.0
8459,soda,5.0
8459,salty snack,7.0
8459,chocolate,7.0
8459,dental care,7.0
8468,tropical fruit,9.0
8468,whole milk,8.0
8468,curd,8.0
8468,dessert,6.0
8468,pastry,6.0
8468,soda,5.0
8468,misc. beverages,5.0
8468,hygiene articles,7.0
8468,shopping bags,5.0
8471,frankfurter,7.0
8471,meat,5.0
8471,other vegetables,9.0
8471,mustard,5.0
8471,bottled beer,7.0
8471,detergent,6.0
8474,sausage,5.0
8474,hamburger meat,8.0
8474,onions,9.0
8474,other vegetables,9.0
8474,rolls/buns,8.0
8474,coffee,8.0
8475,sausage,5.0
8475,berries,9.0
8475,curd,8.0
8475,whipped/sour cream,8.0
8475,long life bakery product,5.0
8475,specialty bar,8.0
8478,frankfurter,7.0
8478,tropical fruit,9.0
8478,whole milk,8.0
8478,rolls/buns,8.0
8478,bottled water,7.0
8478,napkins,7.0
8490,pip fruit,9.0
8490,berries,9.0
8490,root vegetables,9.0
8490,whole milk,8.0
8490,curd,8.0
8490,whipped/sour cream,8.0
8490,soft cheese,8.0
8490,frozen vegetables,5.0
8490,pastry,6.0
8491,chicken,5.0
8491,berries,9.0
8491,frozen vegetables,5.0
8491,coffee,8.0
8491,cling film/bags,5.0
8497,root vegetables,9.0
8497,whole milk,8.0
8497,whipped/sour cream,8.0
8497,domestic eggs,5.0
8497,soda,5.0
8497,fruit/vegetable juice,9.0
8498,other vegetables,9.0
8498,butter,8.0
8498,whipped/sour cream,8.0
8498,processed cheese,8.0
8498,frozen fruits,9.0
8501,grapes,8.0
8501,berries,9.0
8501,butter milk,8.0
8501,yogurt,8.0
8501,pot plants,7.0
8503,pip fruit,9.0
8503,ice cream,8.0
8503,bottled water,7.0
8503,soda,5.0
8503,fruit/vegetable juice,9.0
8503,bottled beer,7.0
8505,frankfurter,7.0
8505,chicken,9.0
8505,citrus fruit,9.0
8505,root vegetables,9.0
8505,packaged fruit/vegetables,9.0
8505,domestic eggs,9.0
8505,brown bread,6.0
8505,artif. sweetener,7.0
8505,bottled water,7.0
8505,waffles,6.0
8505,napkins,7.0
8506,frankfurter,7.0
8506,root vegetables,9.0
8506,onions,9.0
8506,whole milk,8.0
8506,curd,8.0
8506,butter milk,8.0
8506,frozen meals,9.0
8506,oil,9.0
8506,soda,5.0
8506,fruit/vegetable juice,9.0
8506,shopping bags,9.0
8507,frankfurter,7.0
8507,citrus fruit,9.0
8507,tropical fruit,9.0
8507,yogurt,8.0
8507,bottled water,7.0
8509,meat,9.0
8509,tropical fruit,9.0
8509,butter,8.0
8509,yogurt,8.0
8509,soft cheese,8.0
8509,cat food,9.0
8509,bottled water,7.0
8509,specialty chocolate,8.0
8509,dish cleaner,7.0
8509,napkins,7.0
8509,shopping bags,7.0
8515,sausage,7.0
8515,citrus fruit,9.0
8515,tropical fruit,9.0
8515,other vegetables,9.0
8515,curd,8.0
8515,pastry,6.0
8515,soda,5.0
8515,chocolate,7.0
8515,hygiene articles,7.0
8519,frankfurter,7.0
8519,whole milk,8.0
8519,processed cheese,8.0
8519,ice cream,8.0
8519,canned fish,7.0
8519,hygiene articles,7.0
8519,cling film/bags,7.0
8523,chicken,7.0
8523,pork,7.0
8523,fruit/vegetable juice,9.0
8523,canned beer,9.0
8523,waffles,6.0
8528,frankfurter,7.0
8528,beef,9.0
8528,hamburger meat,8.0
8528,grapes,8.0
8528,whole milk,8.0
8528,whipped/sour cream,8.0
8528,mayonnaise,8.0
8528,frozen vegetables,8.0
8528,coffee,8.0
8528,soda,5.0
8528,misc. beverages,8.0
8528,long life bakery product,5.0
8528,hygiene articles,7.0
8529,pork,8.0
8529,citrus fruit,9.0
8529,root vegetables,9.0
8529,whole milk,8.0
8529,dessert,6.0
8529,yogurt,8.0
8529,frozen fish,8.0
8529,margarine,8.0
8529,pickled vegetables,9.0
8529,chocolate,7.0
8529,candy,7.0
8532,other vegetables,9.0
8532,sliced cheese,8.0
8532,hard cheese,8.0
8532,rolls/buns,8.0
8532,pastry,6.0
8533,sausage,9.0
8533,pork,9.0
8533,beef,9.0
8533,tropical fruit,9.0
8533,root vegetables,9.0
8533,onions,9.0
8533,other vegetables,9.0
8533,UHT-milk,8.0
8533,sliced cheese,8.0
8533,mustard,9.0
8533,ketchup,9.0
8533,bottled water,7.0
8533,soda,5.0
8533,waffles,6.0
8533,chocolate marshmallow,7.0
8533,bathroom cleaner,7.0
8533,napkins,7.0
8533,newspapers,7.0
8534,yogurt,8.0
8534,frozen meals,9.0
8534,long life bakery product,5.0
8534,chocolate,7.0
8534,shopping bags,9.0
8535,sausage,9.0
8535,pip fruit,9.0
8535,other vegetables,9.0
8535,whole milk,8.0
8535,hard cheese,8.0
8535,rolls/buns,8.0
8535,canned vegetables,8.0
8535,candy,7.0
8535,napkins,7.0
8536,citrus fruit,9.0
8536,tropical fruit,9.0
8536,UHT-milk,8.0
8536,bottled water,7.0
8536,soda,5.0
8536,misc. beverages,9.0
8536,fruit/vegetable juice,9.0
8536,napkins,7.0
8540,meat,9.0
8540,chicken,9.0
8540,beef,9.0
8540,whole milk,8.0
8540,whipped/sour cream,8.0
8540,fruit/vegetable juice,9.0
8549,chicken,7.0
8549,beef,7.0
8549,other vegetables,9.0
8549,whole milk,8.0
8549,UHT-milk,8.0
8549,frozen vegetables,7.0
8549,pasta,8.0
8549,vinegar,7.0
8549,baking powder,6.0
8549,detergent,6.0
8549,cleaner,6.0
8549,house keeping products,7.0
8554,sausage,7.0
8554,citrus fruit,9.0
8554,root vegetables,9.0
8554,onions,9.0
8554,curd,8.0
8554,yogurt,8.0
8554,whipped/sour cream,8.0
8554,bottled beer,7.0
8556,pip fruit,9.0
8556,UHT-milk,8.0
8556,semi-finished bread,8.0
8556,margarine,7.0
8556,bottled water,7.0
8556,cake bar,6.0
8556,shopping bags,7.0
8560,citrus fruit,9.0
8560,whole milk,8.0
8560,yogurt,8.0
8560,processed cheese,8.0
8560,frozen vegetables,7.0
8560,rolls/buns,8.0
8560,margarine,7.0
8560,chocolate,7.0
8565,other vegetables,9.0
8565,spread cheese,8.0
8565,brown bread,6.0
8565,margarine,7.0
8565,bottled beer,7.0
8567,whole milk,8.0
8567,soft cheese,8.0
8567,rolls/buns,8.0
8567,prosecco,8.0
8567,napkins,7.0
8567,pot plants,7.0
8570,tropical fruit,9.0
8570,yogurt,8.0
8570,beverages,7.0
8570,hard cheese,8.0
8570,frozen meals,7.0
8570,rolls/buns,8.0
8570,tea,8.0
8570,bottled water,7.0
8570,light bulbs,7.0
8570,shopping bags,7.0
8574,sausage,7.0
8574,pork,7.0
8574,tropical fruit,9.0
8574,other vegetables,9.0
8574,butter milk,8.0
8574,UHT-milk,8.0
8574,soda,5.0
8585,meat,7.0
8585,turkey,6.0
8585,hamburger meat,8.0
8585,citrus fruit,9.0
8585,root vegetables,9.0
8585,herbs,9.0
8585,other vegetables,9.0
8585,whole milk,8.0
8585,curd,8.0
8585,yogurt,8.0
8585,rolls/buns,8.0
8585,pastry,6.0
8585,rice,9.0
8585,baking powder,6.0
8586,citrus fruit,9.0
8586,whole milk,8.0
8586,yogurt,8.0
8586,rolls/buns,8.0
8586,bottled water,7.0
8591,chicken,7.0
8591,grapes,8.0
8591,whole milk,8.0
8591,yogurt,8.0
8591,rolls/buns,8.0
8591,bottled water,7.0
8591,fruit/vegetable juice,9.0
8591,bottled beer,7.0
8591,chocolate,7.0
8591,napkins,7.0
8593,tropical fruit,9.0
8593,whole milk,8.0
8593,cream cheese ,8.0
8593,processed cheese,8.0
8593,rolls/buns,8.0
8593,shopping bags,9.0
8594,citrus fruit,9.0
8594,curd,8.0
8594,sliced cheese,8.0
8594,bottled water,7.0
8594,napkins,7.0
8597,pip fruit,9.0
8597,whole milk,8.0
8597,rolls/buns,8.0
8597,sugar,6.0
8597,baking powder,6.0
8598,pork,9.0
8598,whole milk,8.0
8598,whipped/sour cream,8.0
8598,bottled beer,7.0
8598,dishes,9.0
8600,citrus fruit,9.0
8600,tropical fruit,9.0
8600,pip fruit,9.0
8600,onions,9.0
8600,other vegetables,9.0
8600,whole milk,8.0
8600,yogurt,8.0
8600,frozen fish,9.0
8600,long life bakery product,5.0
8600,newspapers,7.0
8600,pot plants,7.0
8603,meat,9.0
8603,root vegetables,9.0
8603,onions,9.0
8603,herbs,9.0
8603,other vegetables,9.0
8603,whole milk,8.0
8603,flour,6.0
8603,soda,5.0
8603,seasonal products,8.0
8610,pip fruit,9.0
8610,other vegetables,9.0
8610,whole milk,8.0
8610,domestic eggs,9.0
8610,pastry,6.0
8610,pasta,8.0
8610,soups,5.0
8610,dish cleaner,7.0
8611,beef,7.0
8611,root vegetables,9.0
8611,other vegetables,9.0
8611,whipped/sour cream,8.0
8611,rolls/buns,8.0
8611,bottled beer,7.0
8612,yogurt,8.0
8612,cream cheese ,8.0
8612,pastry,6.0
8612,canned fish,7.0
8612,fruit/vegetable juice,9.0
8612,shopping bags,9.0
8616,sausage,9.0
8616,chicken,9.0
8616,beef,9.0
8616,citrus fruit,9.0
8616,tropical fruit,9.0
8616,root vegetables,9.0
8616,onions,9.0
8616,herbs,9.0
8616,other vegetables,9.0
8616,whole milk,8.0
8616,butter,8.0
8616,curd,8.0
8616,yogurt,8.0
8616,frozen meals,9.0
8616,domestic eggs,9.0
8620,tropical fruit,9.0
8620,dessert,6.0
8620,yogurt,8.0
8620,UHT-milk,8.0
8620,domestic eggs,9.0
8620,rolls/buns,8.0
8620,brown bread,6.0
8620,canned vegetables,8.0
8620,meat spreads,9.0
8620,cake bar,6.0
8620,chocolate,7.0
8620,specialty chocolate,8.0
8626,frankfurter,7.0
8626,meat,9.0
8626,pork,9.0
8626,grapes,8.0
8626,root vegetables,9.0
8626,whipped/sour cream,8.0
8626,domestic eggs,9.0
8627,tropical fruit,9.0
8627,whole milk,8.0
8627,white bread,8.0
8627,long life bakery product,5.0
8627,napkins,7.0
8628,pork,9.0
8628,whole milk,8.0
8628,cream cheese ,8.0
8628,frozen fish,9.0
8628,brown bread,6.0
8628,sauces,9.0
8630,chicken,9.0
8630,pork,9.0
8630,tropical fruit,9.0
8630,curd cheese,6.0
8630,cat food,9.0
8633,sausage,9.0
8633,beef,9.0
8633,citrus fruit,9.0
8633,yogurt,8.0
8633,brown bread,6.0
8633,margarine,9.0
8633,soda,5.0
8633,long life bakery product,5.0
8633,hygiene articles,7.0
8633,napkins,7.0
8633,pot plants,7.0
8634,sausage,9.0
8634,tropical fruit,9.0
8634,condensed milk,8.0
8634,soda,5.0
8634,specialty chocolate,8.0
8638,frankfurter,7.0
8638,sausage,9.0
8638,meat,9.0
8638,turkey,6.0
8638,other vegetables,9.0
8638,whipped/sour cream,8.0
8638,brown bread,6.0
8638,margarine,9.0
8638,bottled beer,7.0
8639,turkey,6.0
8639,citrus fruit,9.0
8639,pip fruit,9.0
8639,herbs,9.0
8639,butter,8.0
8639,frozen vegetables,9.0
8639,brown bread,6.0
8639,semi-finished bread,8.0
8640,beef,9.0
8640,citrus fruit,9.0
8640,whole milk,8.0
8640,yogurt,8.0
8640,rolls/buns,8.0
8640,bottled water,7.0
8643,berries,9.0
8643,other vegetables,9.0
8643,whole milk,8.0
8643,yogurt,8.0
8643,whipped/sour cream,8.0
8643,frozen vegetables,9.0
8643,margarine,9.0
8643,newspapers,7.0
8643,flower (seeds),7.0
8645,meat,9.0
8645,root vegetables,9.0
8645,other vegetables,9.0
8645,whole milk,8.0
8645,brown bread,6.0
8645,pastry,6.0
8645,artif. sweetener,7.0
8645,newspapers,7.0
8646,pip fruit,9.0
8646,sliced cheese,8.0
8646,rolls/buns,8.0
8646,canned beer,9.0
8646,shopping bags,9.0
8652,sausage,9.0
8652,citrus fruit,9.0
8652,grapes,8.0
8652,curd,8.0
8652,rolls/buns,8.0
8652,brown bread,6.0
8652,bottled beer,7.0
8653,liver loaf,9.0
8653,tropical fruit,9.0
8653,yogurt,8.0
8653,ice cream,8.0
8653,rolls/buns,8.0
8660,sausage,9.0
8660,meat,9.0
8660,grapes,8.0
8660,root vegetables,9.0
8660,other vegetables,9.0
8660,rolls/buns,8.0
8660,canned beer,9.0
8661,hamburger meat,8.0
8661,white bread,8.0
8661,pasta,8.0
8661,specialty vegetables,9.0
8661,bottled water,7.0
8661,soda,5.0
8661,snack products,8.0
8661,waffles,6.0
8661,cake bar,6.0
8661,candy,7.0
8662,frankfurter,7.0
8662,grapes,8.0
8662,yogurt,8.0
8662,cream cheese ,8.0
8662,frozen potato products,9.0
8662,rolls/buns,8.0
8662,meat spreads,9.0
8662,bottled water,7.0
8662,soda,5.0
8662,chewing gum,7.0
8666,beef,9.0
8666,citrus fruit,9.0
8666,root vegetables,9.0
8666,other vegetables,9.0
8666,dessert,6.0
8666,whipped/sour cream,8.0
8666,oil,9.0
8666,fruit/vegetable juice,9.0
8666,napkins,7.0
8666,cling film/bags,9.0
8666,newspapers,7.0
8666,shopping bags,9.0
8668,pork,9.0
8668,berries,9.0
8668,whole milk,8.0
8668,frozen meals,9.0
8668,white bread,8.0
8668,brown bread,6.0
8668,margarine,9.0
8668,long life bakery product,5.0
8668,napkins,7.0
8669,sausage,9.0
8669,root vegetables,9.0
8669,other vegetables,9.0
8669,sliced cheese,8.0
8669,hard cheese,8.0
8669,semi-finished bread,8.0
8669,oil,9.0
8669,baking powder,6.0
8669,canned vegetables,8.0
8669,pet care,9.0
8669,chocolate,7.0
8669,napkins,7.0
8669,newspapers,7.0
8673,meat,9.0
8673,tropical fruit,9.0
8673,vinegar,7.0
8673,spices,9.0
8673,cling film/bags,9.0
8674,sausage,8.0
8674,onions,9.0
8674,rolls/buns,8.0
8674,soda,5.0
8674,brandy,7.0
8674,white wine,8.0
8674,chewing gum,7.0
8674,napkins,7.0
8674,shopping bags,8.0
8676,liver loaf,8.0
8676,pork,8.0
8676,other vegetables,9.0
8676,whole milk,8.0
8676,rolls/buns,8.0
8676,coffee,8.0
8676,soda,5.0
8676,napkins,7.0
8676,dishes,8.0
8678,pork,8.0
8678,citrus fruit,9.0
8678,pip fruit,9.0
8678,root vegetables,9.0
8678,whole milk,8.0
8678,frozen dessert,8.0
8678,rolls/buns,8.0
8678,oil,8.0
8678,coffee,8.0
8678,bottled beer,7.0
8679,pork,8.0
8679,beef,8.0
8679,tropical fruit,9.0
8679,root vegetables,9.0
8679,other vegetables,9.0
8679,whole milk,8.0
8679,yogurt,8.0
8679,whipped/sour cream,8.0
8679,processed cheese,8.0
8679,frozen vegetables,8.0
8679,frozen dessert,8.0
8679,rolls/buns,8.0
8679,semi-finished bread,8.0
8679,zwieback,7.0
8679,margarine,8.0
8679,sugar,6.0
8679,Instant food products,7.0
8679,canned fish,8.0
8679,bottled water,7.0
8679,bottled beer,7.0
8679,snack products,8.0
8679,waffles,6.0
8679,chocolate marshmallow,7.0
8679,hygiene articles,7.0
8681,beef,8.0
8681,whole milk,8.0
8681,pastry,6.0
8681,semi-finished bread,8.0
8681,specialty chocolate,8.0
8681,chocolate marshmallow,7.0
8683,berries,9.0
8683,yogurt,8.0
8683,cream cheese ,8.0
8683,rolls/buns,8.0
8683,soda,5.0
8683,brandy,7.0
8685,tropical fruit,9.0
8685,other vegetables,9.0
8685,whole milk,8.0
8685,yogurt,8.0
8685,cream cheese ,8.0
8685,curd cheese,6.0
8685,domestic eggs,8.0
8685,sugar,6.0
8685,fruit/vegetable juice,8.0
8685,napkins,7.0
8687,chicken,8.0
8687,root vegetables,9.0
8687,other vegetables,9.0
8687,coffee,8.0
8687,chewing gum,7.0
8687,hygiene articles,7.0
8687,napkins,7.0
8687,cling film/bags,8.0
8687,kitchen towels,7.0
8687,light bulbs,7.0
8688,whole milk,8.0
8688,UHT-milk,8.0
8688,chocolate,7.0
8688,newspapers,7.0
8688,shopping bags,8.0
8691,frankfurter,7.0
8691,sausage,8.0
8691,root vegetables,9.0
8691,rolls/buns,8.0
8691,pickled vegetables,8.0
8691,newspapers,7.0
8694,turkey,6.0
8694,citrus fruit,9.0
8694,pip fruit,9.0
8694,root vegetables,9.0
8694,onions,9.0
8694,other vegetables,9.0
8694,whole milk,8.0
8694,butter,8.0
8694,spices,9.0
8694,bottled water,7.0
8694,bottled beer,7.0
8696,tropical fruit,9.0
8696,pip fruit,9.0
8696,root vegetables,9.0
8696,other vegetables,9.0
8696,whole milk,8.0
8696,processed cheese,8.0
8696,domestic eggs,8.0
8696,brown bread,6.0
8696,roll products ,8.0
8696,cat food,8.0
8696,bottled beer,7.0
8696,house keeping products,7.0
8699,beef,8.0
8699,root vegetables,9.0
8699,rolls/buns,8.0
8699,brown bread,6.0
8699,pastry,6.0
8699,oil,8.0
8699,napkins,7.0
8699,newspapers,7.0
8701,hamburger meat,8.0
8701,dessert,6.0
8701,pickled vegetables,8.0
8701,coffee,8.0
8701,shopping bags,8.0
8702,turkey,6.0
8702,tropical fruit,9.0
8702,grapes,8.0
8702,root vegetables,9.0
8702,other vegetables,9.0
8702,butter,8.0
8702,whipped/sour cream,8.0
8702,beverages,7.0
8702,processed cheese,8.0
8702,oil,8.0
8702,baking powder,6.0
8702,pudding powder,8.0
8702,long life bakery product,5.0
8704,frankfurter,7.0
8704,sausage,8.0
8704,pork,8.0
8704,citrus fruit,9.0
8704,other vegetables,9.0
8704,whole milk,8.0
8704,rolls/buns,8.0
8704,oil,8.0
8704,bottled water,7.0
8704,specialty chocolate,8.0
8704,flower (seeds),7.0
8706,berries,9.0
8706,whole milk,8.0
8706,flour,6.0
8706,sugar,6.0
8706,soda,5.0
8710,chicken,8.0
8710,pork,8.0
8710,whole milk,8.0
8710,whipped/sour cream,8.0
8710,coffee,8.0
8711,whole milk,8.0
8711,butter,8.0
8711,yogurt,8.0
8711,brown bread,6.0
8711,bottled water,7.0
8711,soda,5.0
8711,fruit/vegetable juice,8.0
8711,long life bakery product,5.0
8711,newspapers,7.0
8713,frankfurter,7.0
8713,citrus fruit,9.0
8713,whole milk,8.0
8713,butter,8.0
8713,yogurt,8.0
8713,frozen vegetables,8.0
8713,frozen meals,8.0
8713,ice cream,8.0
8713,rolls/buns,8.0
8713,popcorn,8.0
8713,chocolate marshmallow,7.0
8714,frankfurter,7.0
8714,whole milk,8.0
8714,margarine,8.0
8714,bottled water,7.0
8714,soda,5.0
8714,detergent,6.0
8715,pip fruit,9.0
8715,herbs,9.0
8715,other vegetables,9.0
8715,whole milk,8.0
8715,curd,8.0
8715,whipped/sour cream,8.0
8715,rum,8.0
8715,napkins,7.0
8715,house keeping products,7.0
8715,shopping bags,8.0
8716,sausage,8.0
8716,organic sausage,9.0
8716,chicken,8.0
8716,berries,9.0
8716,whole milk,8.0
8716,butter,8.0
8716,whipped/sour cream,8.0
8716,soda,5.0
8716,fruit/vegetable juice,8.0
8716,chocolate,7.0
8718,frankfurter,7.0
8718,root vegetables,9.0
8718,whole milk,8.0
8718,butter,8.0
8718,curd,8.0
8718,domestic eggs,8.0
8718,brown bread,6.0
8718,flour,6.0
8718,pickled vegetables,8.0
8718,house keeping products,7.0
8719,citrus fruit,9.0
8719,whole milk,8.0
8719,whipped/sour cream,8.0
8719,domestic eggs,8.0
8719,salt,8.0
8719,newspapers,7.0
8720,tropical fruit,9.0
8720,hard cheese,8.0
8720,domestic eggs,8.0
8720,soda,5.0
8720,misc. beverages,8.0
8720,chewing gum,7.0
8723,ham,8.0
8723,grapes,8.0
8723,berries,9.0
8723,hard cheese,8.0
8723,processed cheese,8.0
8723,snack products,8.0
8723,long life bakery product,5.0
8723,waffles,6.0
8723,female sanitary products,7.0
8723,pot plants,7.0
8723,shopping bags,8.0
8726,hamburger meat,8.0
8726,herbs,9.0
8726,other vegetables,9.0
8726,butter,8.0
8726,whipped/sour cream,8.0
8726,soda,5.0
8726,dish cleaner,8.0
8726,cleaner,6.0
8733,sausage,8.0
8733,frozen vegetables,8.0
8733,domestic eggs,8.0
8733,soda,5.0
8733,fruit/vegetable juice,8.0
8733,napkins,7.0
8733,pot plants,7.0
8734,frankfurter,7.0
8734,sausage,8.0
8734,liver loaf,8.0
8734,citrus fruit,9.0
8734,pip fruit,9.0
8734,onions,9.0
8734,yogurt,8.0
8734,domestic eggs,8.0
8734,brown bread,6.0
8734,oil,8.0
8734,fruit/vegetable juice,8.0
8737,sausage,8.0
8737,tropical fruit,9.0
8737,rolls/buns,8.0
8737,soda,5.0
8737,cling film/bags,8.0
8737,shopping bags,8.0
8742,finished products,7.0
8742,whole milk,8.0
8742,rolls/buns,8.0
8742,salty snack,8.0
8742,cake bar,6.0
8742,chocolate,7.0
8742,candy,7.0
8742,newspapers,7.0
8743,sausage,8.0
8743,beef,8.0
8743,pip fruit,9.0
8743,grapes,8.0
8743,root vegetables,9.0
8743,other vegetables,9.0
8743,whole milk,8.0
8743,curd,8.0
8743,butter milk,8.0
8743,yogurt,8.0
8743,sliced cheese,8.0
8743,cream cheese ,8.0
8743,specialty cheese,8.0
8743,frozen meals,8.0
8743,white bread,8.0
8743,pastry,6.0
8743,candy,7.0
8744,tropical fruit,9.0
8744,whipped/sour cream,8.0
8744,frozen vegetables,8.0
8744,rolls/buns,8.0
8744,salty snack,8.0
8744,dish cleaner,8.0
8745,beef,8.0
8745,grapes,8.0
8745,whole milk,8.0
8745,butter,8.0
8745,curd,8.0
8745,ice cream,8.0
8745,cat food,8.0
8745,bottled water,7.0
8745,dish cleaner,8.0
8746,sausage,8.0
8746,rolls/buns,8.0
8746,chocolate,7.0
8746,candy,7.0
8746,shopping bags,8.0
8747,ham,8.0
8747,tropical fruit,9.0
8747,ice cream,8.0
8747,semi-finished bread,8.0
8747,chocolate marshmallow,7.0
8753,chicken,8.0
8753,tropical fruit,9.0
8753,other vegetables,9.0
8753,whole milk,8.0
8753,soft cheese,8.0
8753,frozen vegetables,8.0
8753,chocolate,7.0
8756,frankfurter,7.0
8756,sausage,8.0
8756,processed cheese,8.0
8756,rolls/buns,8.0
8756,pickled vegetables,8.0
8756,bottled water,7.0
8756,liquor,8.0
8756,shopping bags,8.0
8757,citrus fruit,9.0
8757,tropical fruit,9.0
8757,other vegetables,9.0
8757,whole milk,8.0
8757,butter,8.0
8757,curd,8.0
8757,yogurt,8.0
8757,sliced cheese,8.0
8757,spread cheese,8.0
8757,rolls/buns,8.0
8757,semi-finished bread,8.0
8758,turkey,6.0
8758,yogurt,8.0
8758,rolls/buns,8.0
8758,pastry,6.0
8758,margarine,8.0
8758,bottled water,7.0
8758,soda,5.0
8758,fruit/vegetable juice,8.0
8758,canned beer,8.0
8759,sausage,8.0
8759,pip fruit,9.0
8759,other vegetables,9.0
8759,yogurt,8.0
8759,hard cheese,8.0
8759,domestic eggs,8.0
8759,rolls/buns,8.0
8759,bottled water,7.0
8759,newspapers,7.0
8760,beverages,7.0
8760,pastry,6.0
8760,soda,5.0
8760,misc. beverages,8.0
8760,chocolate marshmallow,7.0
8761,mayonnaise,8.0
8761,tidbits,8.0
8761,rolls/buns,8.0
8761,bottled water,7.0
8761,soda,5.0
8761,cake bar,6.0
8763,chicken,8.0
8763,pork,8.0
8763,beef,8.0
8763,whole milk,8.0
8763,curd,8.0
8763,soft cheese,8.0
8763,processed cheese,8.0
8763,frozen potato products,8.0
8763,rolls/buns,8.0
8763,popcorn,8.0
8765,chicken,8.0
8765,hamburger meat,8.0
8765,other vegetables,9.0
8765,butter,8.0
8765,yogurt,8.0
8765,rolls/buns,8.0
8765,white bread,8.0
8765,rice,9.0
8765,fruit/vegetable juice,8.0
8765,cake bar,6.0
8765,chocolate,7.0
8765,candy,7.0
8765,shopping bags,8.0
8774,citrus fruit,9.0
8774,tropical fruit,9.0
8774,whole milk,8.0
8774,curd,8.0
8774,dessert,6.0
8774,mayonnaise,8.0
8774,domestic eggs,8.0
8774,margarine,8.0
8774,sugar,6.0
8774,pot plants,7.0
8777,pork,8.0
8777,other vegetables,9.0
8777,whole milk,8.0
8777,brown bread,6.0
8777,pastry,6.0
8777,sugar,6.0
8778,yogurt,8.0
8778,rolls/buns,8.0
8778,dog food,8.0
8778,bottled water,7.0
8778,canned beer,8.0
8778,shopping bags,8.0
8785,meat,8.0
8785,beef,8.0
8785,other vegetables,9.0
8785,butter,8.0
8785,frozen fish,8.0
8785,bottled water,7.0
8785,napkins,7.0
8787,whole milk,8.0
8787,curd,8.0
8787,yogurt,8.0
8787,soft cheese,8.0
8787,detergent,6.0
8787,newspapers,7.0
8789,meat,8.0
8789,pork,8.0
8789,other vegetables,9.0
8789,brown bread,6.0
8789,syrup,6.0
8794,frankfurter,7.0
8794,citrus fruit,9.0
8794,pip fruit,9.0
8794,dessert,6.0
8794,butter milk,8.0
8794,frozen vegetables,8.0
8794,frozen meals,8.0
8794,domestic eggs,8.0
8794,white bread,8.0
8794,brown bread,6.0
8794,pastry,6.0
8794,soda,5.0
8794,salty snack,8.0
8794,long life bakery product,5.0
8794,napkins,7.0
8794,shopping bags,8.0
8795,pastry,6.0
8795,canned beer,8.0
8795,salty snack,8.0
8795,long life bakery product,5.0
8795,specialty chocolate,8.0
8795,candy,7.0
8795,candles,7.0
8796,sausage,8.0
8796,beef,8.0
8796,whipped/sour cream,8.0
8796,rolls/buns,8.0
8796,salt,8.0
8796,Instant food products,7.0
8796,soda,5.0
8796,softener,8.0
8797,citrus fruit,9.0
8797,rolls/buns,8.0
8797,flour,6.0
8797,margarine,8.0
8797,sugar,6.0
8797,mustard,8.0
8797,cat food,8.0
8797,soda,5.0
8797,bottled beer,7.0
8797,newspapers,7.0
8797,shopping bags,8.0
8806,whole milk,8.0
8806,brown bread,6.0
8806,jam,7.0
8806,newspapers,7.0
8806,pot plants,7.0
8814,sausage,8.0
8814,pork,8.0
8814,hamburger meat,8.0
8814,tropical fruit,9.0
8814,pip fruit,9.0
8814,whole milk,8.0
8814,yogurt,8.0
8814,sliced cheese,8.0
8814,frozen vegetables,8.0
8814,white bread,8.0
8814,dog food,8.0
8814,coffee,8.0
8814,bottled water,7.0
8814,fruit/vegetable juice,8.0
8814,long life bakery product,5.0
8814,specialty chocolate,8.0
8814,specialty bar,8.0
8814,chocolate marshmallow,7.0
8814,hygiene articles,7.0
8814,pot plants,7.0
8816,finished products,7.0
8816,pork,8.0
8816,grapes,8.0
8816,other vegetables,9.0
8816,hard cheese,8.0
8816,bottled water,7.0
8816,salty snack,8.0
8816,popcorn,8.0
8816,waffles,6.0
8816,cleaner,6.0
8823,beef,8.0
8823,tropical fruit,9.0
8823,root vegetables,9.0
8823,other vegetables,9.0
8823,yogurt,8.0
8823,condensed milk,8.0
8823,sliced cheese,8.0
8823,specialty cheese,8.0
8823,mayonnaise,8.0
8823,cat food,8.0
8823,liquor,8.0
8823,salty snack,8.0
8823,napkins,7.0
8823,dishes,8.0
8823,shopping bags,8.0
8825,pip fruit,9.0
8825,whole milk,8.0
8825,dessert,6.0
8825,margarine,8.0
8825,chocolate marshmallow,7.0
8828,pork,8.0
8828,onions,9.0
8828,whole milk,8.0
8828,butter,8.0
8828,curd,8.0
8828,bottled water,7.0
8828,soda,5.0
8828,misc. beverages,8.0
8828,popcorn,8.0
8828,chocolate,7.0
8828,napkins,7.0
8829,meat,8.0
8829,pork,8.0
8829,other vegetables,9.0
8829,whole milk,8.0
8829,sliced cheese,8.0
8829,pastry,6.0
8829,sugar,6.0
8829,Instant food products,7.0
8829,kitchen towels,7.0
8830,other vegetables,9.0
8830,whole milk,8.0
8830,yogurt,8.0
8830,frozen vegetables,8.0
8830,brown bread,6.0
8830,pastry,6.0
8830,flour,6.0
8830,bottled water,7.0
8830,soda,5.0
8830,fruit/vegetable juice,8.0
8830,canned beer,8.0
8830,long life bakery product,5.0
8832,chicken,8.0
8832,root vegetables,9.0
8832,whole milk,8.0
8832,pastry,6.0
8832,candy,7.0
8834,sausage,8.0
8834,chicken,8.0
8834,hamburger meat,8.0
8834,pip fruit,9.0
8834,berries,9.0
8834,other vegetables,9.0
8834,whole milk,8.0
8834,dessert,6.0
8834,butter milk,8.0
8834,UHT-milk,8.0
8834,domestic eggs,8.0
8834,salty snack,8.0
8835,yogurt,8.0
8835,zwieback,7.0
8835,soda,5.0
8835,chocolate marshmallow,7.0
8835,shopping bags,8.0
8836,frankfurter,7.0
8836,chicken,8.0
8836,beef,8.0
8836,other vegetables,9.0
8836,dessert,6.0
8836,yogurt,8.0
8836,frozen vegetables,8.0
8836,rolls/buns,8.0
8836,baking powder,6.0
8836,pickled vegetables,8.0
8836,seasonal products,8.0
8837,frankfurter,7.0
8837,curd,8.0
8837,frozen vegetables,8.0
8837,domestic eggs,6.0
8837,soups,5.0
8837,soda,5.0
8837,soap,6.0
8837,hygiene articles,7.0
8839,frankfurter,7.0
8839,meat,6.0
8839,hamburger meat,8.0
8839,berries,9.0
8839,whole milk,8.0
8839,butter,8.0
8839,pasta,8.0
8839,honey,9.0
8839,coffee,8.0
8839,fruit/vegetable juice,6.0
8839,napkins,7.0
8844,frankfurter,7.0
8844,chicken,6.0
8844,pork,6.0
8844,grapes,8.0
8844,root vegetables,9.0
8844,other vegetables,9.0
8844,whole milk,8.0
8844,domestic eggs,6.0
8844,brown bread,6.0
8844,soups,5.0
8844,newspapers,7.0
8845,frankfurter,7.0
8845,whole milk,8.0
8845,soda,5.0
8845,syrup,6.0
8845,female sanitary products,7.0
8847,other vegetables,9.0
8847,cream cheese ,8.0
8847,frozen fruits,6.0
8847,frozen fish,6.0
8847,domestic eggs,6.0
8847,rolls/buns,8.0
8847,margarine,6.0
8847,cereals,8.0
8847,pickled vegetables,6.0
8847,canned fish,6.0
8847,dog food,6.0
8847,salty snack,6.0
8847,specialty chocolate,8.0
8847,dental care,6.0
8847,kitchen towels,7.0
8847,shopping bags,6.0
8848,beef,6.0
8848,citrus fruit,9.0
8848,berries,9.0
8848,whole milk,8.0
8848,yogurt,8.0
8848,UHT-milk,8.0
8848,specialty cheese,8.0
8848,pastry,6.0
8848,cake bar,6.0
8848,seasonal products,8.0
8848,detergent,6.0
8848,pot plants,7.0
8850,frankfurter,7.0
8850,tropical fruit,9.0
8850,berries,9.0
8850,whole milk,8.0
8850,dessert,6.0
8850,yogurt,8.0
8850,whipped/sour cream,8.0
8850,domestic eggs,6.0
8850,pasta,8.0
8850,specialty vegetables,9.0
8850,sweet spreads,8.0
8850,soda,5.0
8850,long life bakery product,5.0
8850,napkins,7.0
8850,shopping bags,6.0
8851,pork,6.0
8851,whole milk,8.0
8851,soda,5.0
8851,canned beer,6.0
8851,salty snack,6.0
8851,chewing gum,7.0
8851,candy,7.0
8853,beef,6.0
8853,whole milk,8.0
8853,dessert,6.0
8853,margarine,6.0
8853,shopping bags,6.0
8858,sausage,6.0
8858,beef,6.0
8858,berries,9.0
8858,root vegetables,9.0
8858,other vegetables,9.0
8858,whole milk,8.0
8858,butter,8.0
8858,sliced cheese,8.0
8858,rolls/buns,8.0
8858,white bread,8.0
8858,brown bread,6.0
8858,pastry,6.0
8858,jam,7.0
8858,soda,5.0
8858,fruit/vegetable juice,6.0
8858,syrup,6.0
8858,chocolate,7.0
8858,dish cleaner,6.0
8858,dental care,6.0
8858,napkins,7.0
8858,newspapers,7.0
8860,whole milk,8.0
8860,curd,8.0
8860,frozen dessert,6.0
8860,rolls/buns,8.0
8860,long life bakery product,5.0
8861,sausage,6.0
8861,tropical fruit,9.0
8861,berries,9.0
8861,other vegetables,9.0
8861,dessert,6.0
8861,frozen fish,6.0
8861,frozen potato products,6.0
8861,red/blush wine,8.0
8861,seasonal products,8.0
8863,sausage,6.0
8863,other vegetables,9.0
8863,packaged fruit/vegetables,9.0
8863,whole milk,8.0
8863,yogurt,8.0
8865,frankfurter,7.0
8865,sausage,6.0
8865,finished products,7.0
8865,fish,6.0
8865,whole milk,8.0
8865,white bread,8.0
8865,pastry,6.0
8865,oil,6.0
8865,margarine,6.0
8865,sugar,6.0
8865,fruit/vegetable juice,6.0
8865,cake bar,6.0
8865,chocolate,7.0
8866,frankfurter,7.0
8866,ham,8.0
8866,chicken,6.0
8866,pork,6.0
8866,root vegetables,9.0
8866,other vegetables,9.0
8866,dessert,6.0
8866,cream cheese ,8.0
8866,rolls/buns,8.0
8866,cat food,6.0
8866,bottled water,7.0
8866,shopping bags,6.0
8870,hamburger meat,8.0
8870,citrus fruit,9.0
8870,tropical fruit,9.0
8870,pip fruit,9.0
8870,whole milk,8.0
8870,yogurt,8.0
8870,frozen meals,6.0
8870,domestic eggs,6.0
8870,brown bread,6.0
8870,pasta,8.0
8870,sugar,6.0
8870,Instant food products,7.0
8870,canned fish,6.0
8870,soda,5.0
8870,salty snack,6.0
8870,popcorn,6.0
8870,chocolate,7.0
8870,dish cleaner,6.0
8870,shopping bags,6.0
8875,tropical fruit,9.0
8875,berries,9.0
8875,root vegetables,9.0
8875,other vegetables,9.0
8875,butter,8.0
8875,yogurt,8.0
8875,UHT-milk,8.0
8875,domestic eggs,6.0
8875,margarine,6.0
8875,bottled water,7.0
8875,soda,5.0
8875,salty snack,6.0
8875,newspapers,7.0
8883,beef,6.0
8883,hamburger meat,8.0
8883,berries,9.0
8883,root vegetables,9.0
8883,onions,9.0
8883,other vegetables,9.0
8883,dessert,6.0
8883,yogurt,8.0
8883,frozen meals,6.0
8883,rolls/buns,8.0
8883,sugar,6.0
8883,cat food,6.0
8883,soda,5.0
8883,fruit/vegetable juice,6.0
8883,salty snack,6.0
8883,popcorn,6.0
8883,cake bar,6.0
8884,sausage,6.0
8884,chicken,6.0
8884,pip fruit,9.0
8884,grapes,8.0
8884,berries,9.0
8884,root vegetables,9.0
8884,onions,9.0
8884,other vegetables,9.0
8884,whole milk,8.0
8884,butter,8.0
8884,whipped/sour cream,8.0
8884,ice cream,8.0
8884,rolls/buns,8.0
8884,margarine,6.0
8884,mustard,6.0
8884,bottled water,7.0
8884,canned beer,6.0
8884,skin care,7.0
8884,hygiene articles,7.0
8888,frankfurter,7.0
8888,sausage,6.0
8888,chicken,6.0
8888,other vegetables,9.0
8888,whole milk,8.0
8888,curd,8.0
8888,semi-finished bread,8.0
8888,candy,7.0
8888,detergent,6.0
8890,frankfurter,7.0
8890,sausage,6.0
8890,pork,6.0
8890,curd,8.0
8890,soda,5.0
8890,long life bakery product,5.0
8890,napkins,7.0
8891,frankfurter,7.0
8891,meat,6.0
8891,pork,6.0
8891,root vegetables,9.0
8891,onions,9.0
8891,whole milk,8.0
8891,beverages,7.0
8891,mayonnaise,6.0
8891,soda,5.0
8891,chocolate,7.0
8892,sausage,6.0
8892,hamburger meat,8.0
8892,other vegetables,9.0
8892,yogurt,8.0
8892,sliced cheese,8.0
8892,brown bread,6.0
8892,sugar,6.0
8892,fruit/vegetable juice,6.0
8892,canned beer,6.0
8892,cleaner,6.0
8892,bathroom cleaner,7.0
8892,napkins,7.0
8892,newspapers,7.0
8893,pork,6.0
8893,tropical fruit,9.0
8893,pip fruit,9.0
8893,root vegetables,9.0
8893,frozen dessert,6.0
8893,rolls/buns,8.0
8893,margarine,6.0
8893,seasonal products,8.0
8893,napkins,7.0
8893,dishes,6.0
8895,ham,8.0
8895,meat,6.0
8895,tropical fruit,9.0
8895,pip fruit,9.0
8895,other vegetables,9.0
8895,yogurt,8.0
8895,UHT-milk,8.0
8895,processed cheese,8.0
8895,white bread,8.0
8895,semi-finished bread,8.0
8895,oil,6.0
8895,margarine,6.0
8895,pickled vegetables,6.0
8895,coffee,8.0
8895,soda,5.0
8895,liquor (appetizer),6.0
8895,napkins,7.0
8895,light bulbs,7.0
8898,beef,6.0
8898,herbs,9.0
8898,other vegetables,9.0
8898,whole milk,8.0
8898,rice,9.0
8903,chicken,6.0
8903,pork,6.0
8903,beef,6.0
8903,other vegetables,9.0
8903,whole milk,8.0
8903,butter,8.0
8903,whipped/sour cream,8.0
8903,soft cheese,8.0
8903,cream cheese ,8.0
8903,processed cheese,8.0
8903,frozen vegetables,6.0
8903,frozen fruits,6.0
8903,pastry,6.0
8903,sugar,6.0
8903,soda,5.0
8903,long life bakery product,5.0
8903,waffles,6.0
8903,chocolate marshmallow,7.0
8903,candy,7.0
8904,yogurt,8.0
8904,pickled vegetables,6.0
8904,soda,5.0
8904,fruit/vegetable juice,6.0
8904,bottled beer,7.0
8904,salty snack,6.0
8907,sausage,6.0
8907,tropical fruit,9.0
8907,root vegetables,9.0
8907,herbs,9.0
8907,whole milk,8.0
8907,roll products ,8.0
8907,oil,6.0
8908,curd,8.0
8908,yogurt,8.0
8908,pastry,6.0
8908,bottled water,7.0
8908,fruit/vegetable juice,6.0
8908,dishes,6.0
8908,pot plants,7.0
8909,beef,6.0
8909,yogurt,8.0
8909,white bread,8.0
8909,flour,6.0
8909,soda,5.0
8909,fruit/vegetable juice,6.0
8909,bottled beer,7.0
8909,brandy,7.0
8909,cooking chocolate,6.0
8911,frankfurter,7.0
8911,frozen potato products,6.0
8911,pastry,6.0
8911,bottled water,7.0
8911,bottled beer,7.0
8913,frankfurter,7.0
8913,ham,8.0
8913,hamburger meat,8.0
8913,other vegetables,9.0
8913,margarine,6.0
8913,specialty chocolate,8.0
8917,sausage,6.0
8917,berries,9.0
8917,curd,8.0
8917,yogurt,8.0
8917,whipped/sour cream,8.0
8917,cream cheese ,8.0
8917,frozen vegetables,6.0
8917,tea,8.0
8917,fruit/vegetable juice,6.0
8917,napkins,7.0
8917,shopping bags,6.0
8919,frankfurter,7.0
8919,ham,8.0
8919,whole milk,8.0
8919,butter,8.0
8919,yogurt,8.0
8919,sliced cheese,8.0
8919,hard cheese,8.0
8919,domestic eggs,6.0
8919,zwieback,7.0
8919,baking powder,6.0
8919,napkins,7.0
8920,ham,8.0
8920,beef,6.0
8920,other vegetables,9.0
8920,whole milk,8.0
8920,domestic eggs,6.0
8920,oil,6.0
8920,sugar,6.0
8920,jam,7.0
8920,bottled water,7.0
8920,pot plants,7.0
8922,citrus fruit,9.0
8922,tropical fruit,9.0
8922,sliced cheese,8.0
8922,ice cream,8.0
8922,domestic eggs,6.0
8922,detergent,6.0
8922,newspapers,7.0
8928,frankfurter,7.0
8928,tropical fruit,9.0
8928,grapes,8.0
8928,other vegetables,9.0
8928,rolls/buns,8.0
8928,white bread,8.0
8928,soda,5.0
8928,syrup,6.0
8928,canned beer,6.0
8928,long life bakery product,5.0
8928,candy,7.0
8928,rubbing alcohol,6.0
8928,cling film/bags,6.0
8931,sausage,6.0
8931,citrus fruit,9.0
8931,tropical fruit,9.0
8931,berries,9.0
8931,root vegetables,9.0
8931,other vegetables,9.0
8931,condensed milk,8.0
8931,curd cheese,6.0
8931,roll products ,8.0
8931,pasta,8.0
8931,oil,6.0
8931,coffee,8.0
8931,soda,5.0
8931,fruit/vegetable juice,6.0
8931,bottled beer,7.0
8931,abrasive cleaner,7.0
8931,bathroom cleaner,7.0
8931,napkins,7.0
8933,frankfurter,7.0
8933,meat,6.0
8933,citrus fruit,9.0
8933,pip fruit,9.0
8933,other vegetables,9.0
8933,whole milk,8.0
8933,yogurt,8.0
8933,sliced cheese,8.0
8933,canned beer,6.0
8933,house keeping products,7.0
8934,pork,6.0
8934,tropical fruit,9.0
8934,pip fruit,9.0
8934,nuts/prunes,9.0
8934,other vegetables,9.0
8934,frozen meals,6.0
8934,margarine,6.0
8934,newspapers,7.0
8935,misc. beverages,6.0
8935,fruit/vegetable juice,6.0
8935,canned beer,6.0
8935,chewing gum,7.0
8935,chocolate,7.0
8935,shopping bags,6.0
8938,whole milk,8.0
8938,rolls/buns,8.0
8938,white bread,8.0
8938,brown bread,6.0
8938,margarine,6.0
8941,whole milk,8.0
8941,whipped/sour cream,8.0
8941,pastry,6.0
8941,margarine,6.0
8941,shopping bags,6.0
8942,pip fruit,9.0
8942,other vegetables,9.0
8942,whole milk,8.0
8942,dessert,6.0
8942,butter milk,8.0
8942,yogurt,8.0
8942,cream cheese ,8.0
8942,tidbits,8.0
8942,frozen potato products,6.0
8942,rolls/buns,8.0
8942,white bread,8.0
8942,mustard,6.0
8942,fruit/vegetable juice,6.0
8942,salty snack,6.0
8942,long life bakery product,5.0
8942,chocolate,7.0
8942,specialty bar,8.0
8942,napkins,7.0
8947,citrus fruit,9.0
8947,pip fruit,9.0
8947,specialty cheese,8.0
8947,bottled water,7.0
8947,soda,5.0
8948,hamburger meat,8.0
8948,grapes,8.0
8948,whole milk,8.0
8948,rice,9.0
8948,sugar,6.0
8948,bottled water,7.0
8950,sausage,6.0
8950,tropical fruit,9.0
8950,grapes,8.0
8950,berries,9.0
8950,other vegetables,9.0
8950,pastry,6.0
8950,soda,5.0
8950,specialty chocolate,8.0
8950,napkins,7.0
8950,shopping bags,6.0
8951,citrus fruit,9.0
8951,tropical fruit,9.0
8951,root vegetables,9.0
8951,other vegetables,9.0
8951,butter,8.0
8951,yogurt,8.0
8951,whipped/sour cream,8.0
8951,salty snack,6.0
8951,specialty bar,8.0
8953,sliced cheese,8.0
8953,frozen fish,6.0
8953,margarine,6.0
8953,bottled water,7.0
8953,canned beer,6.0
8955,sausage,6.0
8955,root vegetables,9.0
8955,soda,5.0
8955,bottled beer,7.0
8955,salty snack,6.0
8955,popcorn,6.0
8956,other vegetables,9.0
8956,soft cheese,8.0
8956,margarine,6.0
8956,bottled water,7.0
8956,bottled beer,7.0
8957,beef,6.0
8957,root vegetables,9.0
8957,herbs,9.0
8957,packaged fruit/vegetables,9.0
8957,butter,8.0
8957,sliced cheese,8.0
8957,domestic eggs,6.0
8957,jam,7.0
8957,bottled water,7.0
8958,hamburger meat,8.0
8958,tropical fruit,9.0
8958,other vegetables,9.0
8958,whole milk,8.0
8958,butter,8.0
8958,curd,8.0
8958,dessert,6.0
8958,yogurt,8.0
8958,whipped/sour cream,8.0
8958,UHT-milk,8.0
8958,domestic eggs,6.0
8958,pastry,6.0
8958,flour,6.0
8958,margarine,6.0
8958,cereals,8.0
8958,canned fish,6.0
8958,cat food,6.0
8958,bottled water,7.0
8958,bottled beer,7.0
8958,hygiene articles,7.0
8958,napkins,7.0
8960,sausage,6.0
8960,meat,6.0
8960,herbs,9.0
8960,other vegetables,9.0
8960,soft cheese,8.0
8960,margarine,6.0
8960,cat food,6.0
8960,shopping bags,6.0
8961,sausage,6.0
8961,citrus fruit,9.0
8961,soda,5.0
8961,fruit/vegetable juice,6.0
8961,salty snack,6.0
8961,napkins,7.0
8961,cling film/bags,6.0
8965,other vegetables,9.0
8965,whole milk,8.0
8965,butter milk,8.0
8965,yogurt,8.0
8965,whipped/sour cream,8.0
8965,domestic eggs,6.0
8965,pastry,6.0
8965,popcorn,6.0
8967,other vegetables,9.0
8967,butter,8.0
8967,yogurt,8.0
8967,domestic eggs,6.0
8967,pastry,6.0
8967,bottled beer,7.0
8967,specialty bar,8.0
8967,flower (seeds),7.0
8968,tropical fruit,9.0
8968,salt,6.0
8968,canned fish,6.0
8968,bottled water,7.0
8968,bottled beer,7.0
8969,citrus fruit,9.0
8969,tropical fruit,9.0
8969,onions,9.0
8969,other vegetables,9.0
8969,butter milk,8.0
8970,pork,6.0
8970,butter milk,8.0
8970,pickled vegetables,6.0
8970,soda,5.0
8970,canned beer,6.0
8970,liquor,6.0
8972,frankfurter,7.0
8972,pork,6.0
8972,hamburger meat,8.0
8972,pip fruit,9.0
8972,other vegetables,9.0
8972,whole milk,8.0
8972,rolls/buns,8.0
8972,white bread,8.0
8972,pastry,6.0
8972,Instant food products,7.0
8972,waffles,6.0
8972,chocolate,7.0
8978,frankfurter,7.0
8978,pork,6.0
8978,pip fruit,9.0
8978,berries,9.0
8978,root vegetables,9.0
8978,other vegetables,9.0
8978,whole milk,8.0
8978,pastry,6.0
8978,semi-finished bread,8.0
8978,syrup,6.0
8978,shopping bags,6.0
8979,citrus fruit,9.0
8979,whole milk,8.0
8979,yogurt,8.0
8979,sliced cheese,8.0
8979,domestic eggs,6.0
8979,canned vegetables,8.0
8979,canned beer,6.0
8980,ham,8.0
8980,yogurt,8.0
8980,pastry,6.0
8980,coffee,8.0
8980,waffles,6.0
8980,chocolate,7.0
8980,female sanitary products,7.0
8983,citrus fruit,9.0
8983,whole milk,8.0
8983,bottled water,7.0
8983,soda,5.0
8983,fruit/vegetable juice,6.0
8983,bottled beer,7.0
8984,frozen fish,6.0
8984,brown bread,6.0
8984,canned beer,6.0
8984,rum,6.0
8984,newspapers,7.0
8987,sausage,6.0
8987,tropical fruit,9.0
8987,pip fruit,9.0
8987,berries,9.0
8987,other vegetables,9.0
8987,whole milk,8.0
8987,butter,8.0
8987,curd,8.0
8987,whipped/sour cream,8.0
8987,cat food,6.0
8987,salty snack,6.0
8987,popcorn,6.0
8987,pot plants,7.0
8987,shopping bags,6.0
8991,whole milk,8.0
8991,white bread,8.0
8991,margarine,6.0
8991,cat food,6.0
8991,soda,5.0
8993,pastry,6.0
8993,soda,5.0
8993,misc. beverages,6.0
8993,canned beer,6.0
8993,salty snack,6.0
8993,chocolate,7.0
8993,shopping bags,6.0
8994,frankfurter,7.0
8994,tropical fruit,9.0
8994,pip fruit,9.0
8994,other vegetables,9.0
8994,yogurt,8.0
8994,whipped/sour cream,8.0
8994,rolls/buns,8.0
8994,bottled water,7.0
8994,soda,5.0
8994,misc. beverages,6.0
8994,chocolate,7.0
8994,specialty chocolate,8.0
8994,candy,7.0
8994,shopping bags,6.0
8995,yogurt,8.0
8995,UHT-milk,8.0
8995,domestic eggs,6.0
8995,rolls/buns,8.0
8995,long life bakery product,5.0
8996,domestic eggs,6.0
8996,canned beer,6.0
8996,liquor (appetizer),6.0
8996,chocolate marshmallow,7.0
8996,shopping bags,6.0
8997,sausage,6.0
8997,other vegetables,9.0
8997,whole milk,8.0
8997,butter,8.0
8997,fruit/vegetable juice,6.0
8999,other vegetables,9.0
8999,whole milk,8.0
8999,pastry,6.0
8999,salty snack,6.0
8999,candy,7.0
9002,sausage,6.0
9002,pork,6.0
9002,citrus fruit,9.0
9002,tropical fruit,9.0
9002,pip fruit,9.0
9002,root vegetables,9.0
9002,whole milk,8.0
9002,butter,8.0
9002,curd,8.0
9002,yogurt,8.0
9002,sliced cheese,8.0
9002,hard cheese,8.0
9002,frozen vegetables,6.0
9002,frozen fish,6.0
9002,frozen potato products,6.0
9002,brown bread,6.0
9002,margarine,6.0
9002,baking powder,6.0
9002,cat food,6.0
9002,pet care,6.0
9002,soda,5.0
9002,fruit/vegetable juice,6.0
9002,chocolate,7.0
9002,female sanitary products,7.0
9002,hygiene articles,7.0
9002,napkins,7.0
9002,house keeping products,7.0
9005,domestic eggs,6.0
9005,pastry,6.0
9005,bottled beer,7.0
9005,canned beer,6.0
9005,long life bakery product,5.0
9005,chocolate,7.0
9005,candles,7.0
9005,newspapers,7.0
9009,frankfurter,7.0
9009,pip fruit,9.0
9009,soft cheese,8.0
9009,semi-finished bread,8.0
9009,chewing gum,7.0
9009,specialty chocolate,8.0
9010,citrus fruit,9.0
9010,root vegetables,9.0
9010,other vegetables,9.0
9010,UHT-milk,8.0
9010,domestic eggs,6.0
9010,soda,5.0
9010,waffles,6.0
9010,candy,7.0
9010,newspapers,7.0
9011,dessert,6.0
9011,butter milk,8.0
9011,brown bread,6.0
9011,canned beer,6.0
9011,shopping bags,6.0
9012,tropical fruit,9.0
9012,whole milk,8.0
9012,yogurt,8.0
9012,semi-finished bread,8.0
9012,bottled water,7.0
9012,soda,5.0
9012,chocolate marshmallow,7.0
9015,chicken,6.0
9015,other vegetables,9.0
9015,whole milk,8.0
9015,yogurt,8.0
9015,frozen vegetables,6.0
9015,rolls/buns,8.0
9015,oil,6.0
9015,bottled beer,7.0
9015,canned beer,6.0
9015,long life bakery product,5.0
9017,butter,8.0
9017,curd,8.0
9017,yogurt,8.0
9017,whipped/sour cream,8.0
9017,margarine,6.0
9017,salty snack,6.0
9017,hygiene articles,7.0
9018,pip fruit,9.0
9018,herbs,9.0
9018,other vegetables,9.0
9018,whole milk,8.0
9018,whipped/sour cream,8.0
9020,sausage,6.0
9020,tropical fruit,9.0
9020,other vegetables,9.0
9020,whole milk,8.0
9020,frozen vegetables,6.0
9020,rolls/buns,8.0
9020,white bread,8.0
9020,brown bread,6.0
9020,roll products ,8.0
9020,oil,6.0
9020,sugar,6.0
9023,domestic eggs,6.0
9023,white bread,8.0
9023,pastry,6.0
9023,canned beer,6.0
9023,newspapers,7.0
9029,frankfurter,7.0
9029,pork,6.0
9029,other vegetables,9.0
9029,butter milk,8.0
9029,UHT-milk,8.0
9029,sliced cheese,8.0
9029,brown bread,6.0
9029,margarine,6.0
9033,tropical fruit,9.0
9033,whole milk,8.0
9033,butter,8.0
9033,butter milk,8.0
9033,brown bread,6.0
9033,pastry,6.0
9034,chicken,6.0
9034,whole milk,8.0
9034,butter,8.0
9034,curd,8.0
9034,domestic eggs,6.0
9034,newspapers,7.0
9036,ham,8.0
9036,pork,6.0
9036,berries,9.0
9036,root vegetables,9.0
9036,oil,6.0
9036,soda,5.0
9036,bottled beer,7.0
9036,salty snack,6.0
9036,popcorn,6.0
9036,newspapers,7.0
9037,pork,6.0
9037,tropical fruit,9.0
9037,grapes,8.0
9037,onions,9.0
9037,other vegetables,9.0
9037,whole milk,8.0
9037,yogurt,8.0
9037,frozen vegetables,6.0
9037,pet care,6.0
9037,bottled water,7.0
9037,seasonal products,8.0
9039,beef,6.0
9039,other vegetables,9.0
9039,whole milk,8.0
9039,brown bread,6.0
9039,waffles,6.0
9040,pork,6.0
9040,pip fruit,9.0
9040,grapes,8.0
9040,other vegetables,9.0
9040,whole milk,8.0
9040,pastry,6.0
9040,flour,6.0
9040,oil,6.0
9040,sugar,6.0
9040,dog food,6.0
9040,chocolate,7.0
9043,chicken,6.0
9043,hamburger meat,8.0
9043,citrus fruit,9.0
9043,tropical fruit,9.0
9043,pip fruit,9.0
9043,other vegetables,9.0
9043,yogurt,8.0
9043,rolls/buns,8.0
9043,mustard,6.0
9043,canned vegetables,8.0
9043,cake bar,6.0
9043,napkins,7.0
9043,newspapers,7.0
9044,hamburger meat,8.0
9044,citrus fruit,9.0
9044,tropical fruit,9.0
9044,other vegetables,9.0
9044,whipped/sour cream,8.0
9044,beverages,7.0
9044,white bread,8.0
9044,hygiene articles,7.0
9044,napkins,7.0
9045,chicken,6.0
9045,pork,6.0
9045,beef,6.0
9045,hamburger meat,8.0
9045,citrus fruit,9.0
9045,other vegetables,9.0
9045,packaged fruit/vegetables,9.0
9045,whole milk,8.0
9045,pastry,6.0
9045,napkins,7.0
9047,other vegetables,9.0
9047,dessert,6.0
9047,brown bread,6.0
9047,salt,6.0
9047,margarine,6.0
9047,fruit/vegetable juice,6.0
9047,newspapers,7.0
9049,tropical fruit,9.0
9049,root vegetables,9.0
9049,other vegetables,9.0
9049,whole milk,8.0
9049,processed cheese,8.0
9055,other vegetables,9.0
9055,whole milk,8.0
9055,yogurt,8.0
9055,whipped/sour cream,8.0
9055,baking powder,6.0
9055,misc. beverages,6.0
9055,sparkling wine,6.0
9055,dish cleaner,6.0
9056,citrus fruit,9.0
9056,other vegetables,9.0
9056,white wine,8.0
9056,long life bakery product,5.0
9056,candles,7.0
9057,citrus fruit,9.0
9057,beverages,7.0
9057,domestic eggs,6.0
9057,rolls/buns,8.0
9057,bottled water,7.0
9057,chewing gum,7.0
9057,chocolate marshmallow,7.0
9062,meat,6.0
9062,pork,6.0
9062,tropical fruit,9.0
9062,berries,9.0
9062,baking powder,6.0
9062,canned fish,6.0
9062,seasonal products,8.0
9063,frankfurter,7.0
9063,beef,6.0
9063,other vegetables,9.0
9063,whole milk,8.0
9063,butter milk,8.0
9063,yogurt,8.0
9063,hard cheese,8.0
9063,coffee,8.0
9063,photo/film,8.0
9066,frankfurter,7.0
9066,citrus fruit,9.0
9066,grapes,8.0
9066,root vegetables,9.0
9066,onions,9.0
9066,other vegetables,9.0
9066,whole milk,8.0
9066,rolls/buns,8.0
9066,soups,5.0
9066,bottled beer,7.0
9066,newspapers,7.0
9067,other vegetables,9.0
9067,whole milk,8.0
9067,whipped/sour cream,8.0
9067,pastry,6.0
9067,bottled beer,7.0
9070,beef,6.0
9070,whole milk,8.0
9070,rolls/buns,8.0
9070,white bread,8.0
9070,margarine,6.0
9070,newspapers,7.0
9071,whole milk,8.0
9071,whipped/sour cream,8.0
9071,rolls/buns,8.0
9071,pickled vegetables,6.0
9071,bottled water,7.0
9071,long life bakery product,5.0
9072,citrus fruit,9.0
9072,whole milk,8.0
9072,whipped/sour cream,8.0
9072,rolls/buns,8.0
9072,margarine,6.0
9072,cling film/bags,6.0
9073,other vegetables,9.0
9073,whole milk,8.0
9073,condensed milk,8.0
9073,white bread,8.0
9073,sugar,6.0
9073,coffee,8.0
9073,soda,5.0
9073,fruit/vegetable juice,6.0
9073,bottled beer,7.0
9073,shopping bags,6.0
9074,root vegetables,9.0
9074,whole milk,8.0
9074,flour,6.0
9074,sugar,6.0
9074,soda,5.0
9074,misc. beverages,6.0
9075,frankfurter,7.0
9075,hamburger meat,8.0
9075,other vegetables,9.0
9075,pastry,6.0
9075,dish cleaner,6.0
9075,cling film/bags,6.0
9075,kitchen towels,7.0
9077,sausage,6.0
9077,tropical fruit,9.0
9077,curd,8.0
9077,yogurt,8.0
9077,dog food,6.0
9077,bottled water,7.0
9077,long life bakery product,5.0
9077,hygiene articles,7.0
9077,shopping bags,6.0
9080,hamburger meat,8.0
9080,whole milk,8.0
9080,butter milk,8.0
9080,yogurt,8.0
9080,margarine,6.0
9080,baking powder,6.0
9081,pork,6.0
9081,root vegetables,9.0
9081,brown bread,6.0
9081,bottled water,7.0
9081,soda,5.0
9082,tropical fruit,9.0
9082,other vegetables,9.0
9082,whole milk,8.0
9082,butter,8.0
9082,yogurt,8.0
9085,sausage,6.0
9085,chicken,6.0
9085,pork,6.0
9085,citrus fruit,9.0
9085,berries,9.0
9085,root vegetables,9.0
9085,packaged fruit/vegetables,9.0
9085,curd,8.0
9085,yogurt,8.0
9085,whipped/sour cream,8.0
9085,frozen vegetables,6.0
9086,hamburger meat,8.0
9086,other vegetables,9.0
9086,whole milk,8.0
9086,butter,8.0
9086,specialty cheese,8.0
9086,pastry,6.0
9086,cereals,8.0
9087,pip fruit,9.0
9087,root vegetables,9.0
9087,other vegetables,9.0
9087,cream cheese ,8.0
9087,domestic eggs,6.0
9087,pickled vegetables,6.0
9087,fruit/vegetable juice,6.0
9088,beef,6.0
9088,curd,8.0
9088,yogurt,8.0
9088,whipped/sour cream,8.0
9088,frozen meals,6.0
9088,brown bread,6.0
9088,canned fish,6.0
9088,coffee,8.0
9088,candy,7.0
9088,cling film/bags,6.0
9089,other vegetables,9.0
9089,yogurt,8.0
9089,rolls/buns,8.0
9089,salt,6.0
9089,sparkling wine,6.0
9089,napkins,7.0
9092,ham,8.0
9092,meat,6.0
9092,root vegetables,9.0
9092,other vegetables,9.0
9092,whole milk,8.0
9092,curd,8.0
9092,yogurt,8.0
9092,frozen vegetables,6.0
9092,frozen meals,6.0
9092,frozen fish,6.0
9092,rolls/buns,8.0
9092,jam,7.0
9092,misc. beverages,6.0
9092,candy,7.0
9092,seasonal products,8.0
9092,detergent,6.0
9095,ham,8.0
9095,root vegetables,9.0
9095,herbs,9.0
9095,whole milk,8.0
9095,curd,8.0
9095,yogurt,8.0
9095,hard cheese,8.0
9095,rolls/buns,8.0
9095,detergent,6.0
9096,citrus fruit,9.0
9096,onions,9.0
9096,other vegetables,9.0
9096,yogurt,8.0
9096,beverages,7.0
9096,rolls/buns,8.0
9096,brown bread,6.0
9096,vinegar,7.0
9096,bottled water,7.0
9096,long life bakery product,5.0
9098,sausage,6.0
9098,pip fruit,9.0
9098,UHT-milk,8.0
9098,soups,5.0
9098,sauces,6.0
9098,cat food,6.0
9098,newspapers,7.0
9099,root vegetables,9.0
9099,herbs,9.0
9099,other vegetables,9.0
9099,dessert,6.0
9099,ice cream,8.0
9099,cake bar,6.0
9099,newspapers,7.0
9099,shopping bags,6.0
9105,meat,6.0
9105,pork,6.0
9105,fish,6.0
9105,tropical fruit,9.0
9105,grapes,8.0
9105,berries,9.0
9105,other vegetables,9.0
9105,whole milk,8.0
9105,frozen vegetables,6.0
9105,semi-finished bread,8.0
9105,chocolate,7.0
9105,detergent,6.0
9105,kitchen utensil,6.0
9105,candles,7.0
9106,meat,6.0
9106,root vegetables,9.0
9106,other vegetables,9.0
9106,dessert,6.0
9106,yogurt,8.0
9106,whipped/sour cream,8.0
9106,rolls/buns,8.0
9106,potato products,9.0
9106,soda,5.0
9106,misc. beverages,6.0
9106,napkins,7.0
9106,photo/film,8.0
9110,ham,8.0
9110,citrus fruit,9.0
9110,tropical fruit,9.0
9110,pip fruit,9.0
9110,root vegetables,9.0
9110,other vegetables,9.0
9110,whole milk,8.0
9110,brown bread,6.0
9111,hamburger meat,8.0
9111,other vegetables,9.0
9111,whole milk,8.0
9111,yogurt,8.0
9111,whipped/sour cream,8.0
9111,mayonnaise,6.0
9111,frozen vegetables,6.0
9111,frozen fish,6.0
9111,soups,5.0
9111,fruit/vegetable juice,6.0
9111,canned beer,6.0
9111,detergent,6.0
9113,beef,6.0
9113,whole milk,8.0
9113,butter,8.0
9113,rolls/buns,8.0
9113,pastry,6.0
9113,cat food,6.0
9113,hygiene articles,7.0
9114,citrus fruit,9.0
9114,pip fruit,9.0
9114,onions,9.0
9114,other vegetables,9.0
9114,whole milk,8.0
9114,butter milk,8.0
9114,whipped/sour cream,8.0
9114,cream cheese ,8.0
9114,domestic eggs,6.0
9114,brown bread,6.0
9114,shopping bags,6.0
9116,frankfurter,7.0
9116,sausage,6.0
9116,chicken,6.0
9116,pork,6.0
9116,tropical fruit,9.0
9116,pip fruit,9.0
9116,root vegetables,9.0
9116,whole milk,8.0
9116,dessert,6.0
9116,cream cheese ,8.0
9116,frozen vegetables,6.0
9116,rolls/buns,8.0
9116,white bread,8.0
9116,cake bar,6.0
9116,napkins,7.0
9116,shopping bags,6.0
9118,onions,9.0
9118,other vegetables,9.0
9118,whole milk,8.0
9118,yogurt,8.0
9118,roll products ,8.0
9118,semi-finished bread,8.0
9119,beef,6.0
9119,whole milk,8.0
9119,oil,6.0
9119,canned beer,6.0
9119,salty snack,6.0
9121,pip fruit,9.0
9121,other vegetables,9.0
9121,butter,8.0
9121,domestic eggs,6.0
9121,rolls/buns,8.0
9121,margarine,6.0
9121,bottled water,7.0
9123,meat,6.0
9123,tropical fruit,9.0
9123,other vegetables,9.0
9123,frozen vegetables,6.0
9123,rolls/buns,8.0
9123,soda,5.0
9123,napkins,7.0
9123,dishes,6.0
9124,citrus fruit,9.0
9124,other vegetables,9.0
9124,yogurt,8.0
9124,cream cheese ,8.0
9124,bottled water,7.0
9124,long life bakery product,5.0
9124,specialty chocolate,8.0
9125,beef,6.0
9125,root vegetables,9.0
9125,whole milk,8.0
9125,pastry,6.0
9125,soda,5.0
9125,waffles,6.0
9125,candy,7.0
9126,other vegetables,9.0
9126,whipped/sour cream,8.0
9126,hard cheese,8.0
9126,frozen vegetables,6.0
9126,frozen dessert,6.0
9126,oil,6.0
9126,margarine,6.0
9126,baking powder,6.0
9127,chicken,6.0
9127,pork,6.0
9127,beef,6.0
9127,berries,9.0
9127,other vegetables,9.0
9127,whole milk,8.0
9127,rolls/buns,8.0
9129,tropical fruit,9.0
9129,whole milk,8.0
9129,hard cheese,8.0
9129,rolls/buns,8.0
9129,pastry,6.0
9129,canned vegetables,8.0
9129,pot plants,7.0
9131,citrus fruit,9.0
9131,tropical fruit,9.0
9131,pip fruit,9.0
9131,whole milk,8.0
9131,yogurt,8.0
9131,rolls/buns,8.0
9131,pastry,6.0
9131,white wine,8.0
9131,red/blush wine,8.0
9131,hygiene articles,7.0
9133,chicken,6.0
9133,tropical fruit,9.0
9133,other vegetables,9.0
9133,whole milk,8.0
9133,dessert,6.0
9133,frozen fish,6.0
9133,mustard,6.0
9133,pickled vegetables,9.0
9135,turkey,6.0
9135,nuts/prunes,9.0
9135,other vegetables,9.0
9135,whole milk,8.0
9135,butter,8.0
9135,curd,8.0
9135,domestic eggs,9.0
9135,pastry,6.0
9135,tea,8.0
9137,herbs,9.0
9137,other vegetables,9.0
9137,whipped/sour cream,8.0
9137,UHT-milk,8.0
9137,domestic eggs,9.0
9137,sweet spreads,8.0
9137,specialty chocolate,8.0
9137,decalcifier,7.0
9137,napkins,7.0
9138,citrus fruit,9.0
9138,pickled vegetables,9.0
9138,dog food,9.0
9138,soda,5.0
9138,salty snack,9.0
9138,waffles,6.0
9138,candy,7.0
9138,dish cleaner,7.0
9138,newspapers,7.0
9139,citrus fruit,9.0
9139,tropical fruit,9.0
9139,other vegetables,9.0
9139,butter milk,8.0
9139,yogurt,8.0
9139,pastry,6.0
9139,waffles,6.0
9139,candy,7.0
9139,dental care,7.0
9141,sausage,7.0
9141,other vegetables,9.0
9141,rolls/buns,8.0
9141,baking powder,6.0
9141,soda,5.0
9141,cling film/bags,7.0
9141,house keeping products,7.0
9144,pork,7.0
9144,rolls/buns,8.0
9144,pastry,6.0
9144,napkins,7.0
9144,newspapers,7.0
9145,chicken,7.0
9145,hamburger meat,8.0
9145,whipped/sour cream,8.0
9145,rolls/buns,8.0
9145,soda,5.0
9145,long life bakery product,5.0
9145,dish cleaner,7.0
9146,pip fruit,9.0
9146,other vegetables,9.0
9146,whole milk,8.0
9146,beverages,7.0
9146,frozen vegetables,7.0
9146,flour,6.0
9146,sugar,6.0
9146,chocolate,7.0
9148,frankfurter,7.0
9148,meat,7.0
9148,tropical fruit,9.0
9148,whole milk,8.0
9148,ice cream,8.0
9148,salty snack,7.0
9148,detergent,6.0
9153,sausage,7.0
9153,hamburger meat,8.0
9153,grapes,8.0
9153,whipped/sour cream,8.0
9153,frozen potato products,7.0
9153,domestic eggs,7.0
9153,oil,7.0
9153,seasonal products,8.0
9153,napkins,7.0
9153,newspapers,7.0
9154,hamburger meat,8.0
9154,onions,9.0
9154,whole milk,8.0
9154,frozen vegetables,7.0
9154,bottled water,7.0
9154,rum,7.0
9155,sausage,7.0
9155,grapes,8.0
9155,baking powder,6.0
9155,specialty vegetables,9.0
9155,white wine,8.0
9155,long life bakery product,5.0
9160,herbs,9.0
9160,frozen vegetables,7.0
9160,dog food,7.0
9160,bottled water,7.0
9160,bottled beer,7.0
9160,specialty chocolate,8.0
9161,beef,7.0
9161,citrus fruit,9.0
9161,cream cheese ,8.0
9161,vinegar,7.0
9161,margarine,7.0
9162,butter,8.0
9162,yogurt,8.0
9162,sliced cheese,8.0
9162,tidbits,8.0
9162,rolls/buns,8.0
9162,pudding powder,8.0
9162,soda,5.0
9162,waffles,6.0
9162,newspapers,7.0
9164,beef,7.0
9164,other vegetables,9.0
9164,whipped/sour cream,8.0
9164,processed cheese,8.0
9164,salt,7.0
9164,oil,7.0
9164,dog food,7.0
9164,newspapers,7.0
9165,whipped/sour cream,8.0
9165,dog food,7.0
9165,fruit/vegetable juice,9.0
9165,skin care,7.0
9165,shopping bags,9.0
9167,root vegetables,9.0
9167,onions,9.0
9167,rolls/buns,8.0
9167,white bread,8.0
9167,sugar,6.0
9168,tropical fruit,9.0
9168,other vegetables,9.0
9168,yogurt,8.0
9168,fruit/vegetable juice,9.0
9168,bottled beer,7.0
9168,newspapers,7.0
9169,hamburger meat,8.0
9169,onions,9.0
9169,other vegetables,9.0
9169,whole milk,8.0
9169,domestic eggs,9.0
9169,waffles,6.0
9169,napkins,7.0
9169,pot plants,7.0
9170,pork,9.0
9170,beef,9.0
9170,berries,9.0
9170,root vegetables,9.0
9170,herbs,9.0
9170,butter,8.0
9170,yogurt,8.0
9170,white bread,8.0
9170,brown bread,6.0
9170,bottled water,7.0
9170,misc. beverages,9.0
9170,bottled beer,7.0
9170,liquor,9.0
9170,hygiene articles,7.0
9171,beef,9.0
9171,citrus fruit,9.0
9171,root vegetables,9.0
9171,other vegetables,9.0
9171,rolls/buns,8.0
9171,sugar,6.0
9171,fruit/vegetable juice,9.0
9172,grapes,8.0
9172,ice cream,8.0
9172,pastry,6.0
9172,soda,5.0
9172,canned beer,7.0
9172,salty snack,7.0
9172,chewing gum,7.0
9172,seasonal products,8.0
9172,flower (seeds),7.0
9172,shopping bags,7.0
9173,frankfurter,7.0
9173,meat,7.0
9173,beef,7.0
9173,citrus fruit,9.0
9173,berries,9.0
9173,root vegetables,9.0
9173,packaged fruit/vegetables,9.0
9173,whole milk,8.0
9173,whipped/sour cream,8.0
9173,frozen vegetables,7.0
9173,rolls/buns,8.0
9173,house keeping products,7.0
9173,flower (seeds),7.0
9173,shopping bags,7.0
9174,pork,7.0
9174,beef,7.0
9174,citrus fruit,9.0
9174,pip fruit,9.0
9174,root vegetables,9.0
9174,onions,9.0
9174,other vegetables,9.0
9174,whole milk,8.0
9174,butter,8.0
9174,ice cream,8.0
9174,bottled water,7.0
9174,waffles,6.0
9174,newspapers,7.0
9174,shopping bags,7.0
9175,meat,7.0
9175,whole milk,8.0
9175,cream cheese ,8.0
9175,brown bread,6.0
9175,chocolate,7.0
9175,newspapers,7.0
9176,sausage,7.0
9176,chicken,7.0
9176,citrus fruit,9.0
9176,pip fruit,9.0
9176,root vegetables,9.0
9176,other vegetables,9.0
9176,whole milk,8.0
9176,yogurt,8.0
9176,whipped/sour cream,8.0
9176,domestic eggs,7.0
9176,white bread,8.0
9176,soda,5.0
9176,shopping bags,7.0
9180,citrus fruit,9.0
9180,tropical fruit,9.0
9180,grapes,8.0
9180,berries,9.0
9180,other vegetables,9.0
9180,whole milk,8.0
9180,UHT-milk,8.0
9180,bottled water,7.0
9180,fruit/vegetable juice,9.0
9181,frankfurter,7.0
9181,other vegetables,9.0
9181,yogurt,8.0
9181,rolls/buns,8.0
9181,pastry,6.0
9181,margarine,8.0
9181,sugar,6.0
9181,waffles,6.0
9181,chocolate,7.0
9181,chocolate marshmallow,7.0
9182,sausage,8.0
9182,other vegetables,9.0
9182,whipped/sour cream,8.0
9182,processed cheese,8.0
9182,brown bread,6.0
9183,pork,8.0
9183,root vegetables,9.0
9183,other vegetables,9.0
9183,whole milk,8.0
9183,cream cheese ,8.0
9183,coffee,8.0
9183,bottled water,7.0
9183,bottled beer,7.0
9184,sausage,8.0
9184,root vegetables,9.0
9184,onions,9.0
9184,other vegetables,9.0
9184,whole milk,8.0
9184,butter milk,8.0
9184,sliced cheese,8.0
9184,curd cheese,6.0
9184,frozen vegetables,8.0
9184,rolls/buns,8.0
9186,whole milk,8.0
9186,butter,8.0
9186,yogurt,8.0
9186,whipped/sour cream,8.0
9186,domestic eggs,8.0
9186,coffee,8.0
9187,tropical fruit,9.0
9187,pip fruit,9.0
9187,root vegetables,9.0
9187,other vegetables,9.0
9187,whole milk,8.0
9187,dessert,6.0
9187,yogurt,8.0
9187,UHT-milk,8.0
9187,baking powder,6.0
9187,canned vegetables,8.0
9187,waffles,6.0
9190,other vegetables,9.0
9190,curd,8.0
9190,whipped/sour cream,8.0
9190,UHT-milk,8.0
9190,sugar,6.0
9190,bottled beer,7.0
9190,napkins,7.0
9192,root vegetables,9.0
9192,other vegetables,9.0
9192,frozen vegetables,8.0
9192,frozen fish,8.0
9192,rolls/buns,8.0
9192,dog food,8.0
9192,popcorn,8.0
9192,newspapers,7.0
9195,other vegetables,9.0
9195,whole milk,8.0
9195,dessert,6.0
9195,sliced cheese,8.0
9195,hard cheese,8.0
9195,cream cheese ,8.0
9195,pastry,6.0
9195,margarine,8.0
9195,sugar,6.0
9195,bottled water,7.0
9195,soda,5.0
9195,salty snack,8.0
9195,newspapers,7.0
9195,shopping bags,8.0
9196,tropical fruit,9.0
9196,pip fruit,9.0
9196,yogurt,8.0
9196,canned vegetables,8.0
9196,misc. beverages,8.0
9197,frankfurter,7.0
9197,yogurt,8.0
9197,frozen fish,8.0
9197,ice cream,8.0
9197,frozen potato products,8.0
9197,pastry,6.0
9197,margarine,8.0
9197,canned fish,8.0
9197,soda,5.0
9197,bottled beer,7.0
9197,salty snack,8.0
9197,long life bakery product,5.0
9197,specialty bar,8.0
9197,candy,7.0
9200,meat,8.0
9200,chicken,8.0
9200,pork,8.0
9200,pip fruit,9.0
9200,other vegetables,9.0
9200,whole milk,8.0
9200,butter milk,8.0
9200,frozen vegetables,8.0
9200,rolls/buns,8.0
9200,rice,9.0
9200,sugar,6.0
9200,coffee,8.0
9200,photo/film,8.0
9201,ice cream,8.0
9201,sugar,6.0
9201,coffee,8.0
9201,bottled water,7.0
9201,soda,5.0
9201,fruit/vegetable juice,8.0
9201,shopping bags,8.0
9202,whole milk,8.0
9202,dessert,6.0
9202,yogurt,8.0
9202,margarine,8.0
9202,newspapers,7.0
9206,tropical fruit,9.0
9206,other vegetables,9.0
9206,whole milk,8.0
9206,butter,8.0
9206,yogurt,8.0
9206,soft cheese,8.0
9206,domestic eggs,8.0
9206,cling film/bags,8.0
9207,other vegetables,9.0
9207,whole milk,8.0
9207,yogurt,8.0
9207,sliced cheese,8.0
9207,cereals,8.0
9207,bottled water,7.0
9209,sugar,6.0
9209,bottled water,7.0
9209,soda,5.0
9209,fruit/vegetable juice,8.0
9209,salty snack,8.0
9209,popcorn,8.0
9212,meat,8.0
9212,chicken,8.0
9212,root vegetables,9.0
9212,other vegetables,9.0
9212,whole milk,8.0
9212,yogurt,8.0
9212,sliced cheese,8.0
9212,cream cheese ,8.0
9212,roll products ,8.0
9212,oil,8.0
9212,margarine,8.0
9212,artif. sweetener,7.0
9212,detergent,6.0
9212,shopping bags,8.0
9214,root vegetables,9.0
9214,other vegetables,9.0
9214,whole milk,8.0
9214,butter,8.0
9214,whipped/sour cream,8.0
9214,soft cheese,8.0
9214,rolls/buns,8.0
9214,white bread,8.0
9214,margarine,8.0
9214,cocoa drinks,7.0
9214,flower (seeds),7.0
9216,ham,8.0
9216,other vegetables,9.0
9216,curd,8.0
9216,whipped/sour cream,8.0
9216,soft cheese,8.0
9216,rolls/buns,8.0
9216,long life bakery product,5.0
9217,sausage,8.0
9217,other vegetables,9.0
9217,rolls/buns,8.0
9217,oil,8.0
9217,bottled beer,7.0
9217,red/blush wine,8.0
9221,sausage,8.0
9221,other vegetables,9.0
9221,butter,8.0
9221,whipped/sour cream,8.0
9221,roll products ,8.0
9221,oil,8.0
9221,white wine,8.0
9221,flower (seeds),7.0
9224,sausage,8.0
9224,meat,8.0
9224,rolls/buns,8.0
9224,soda,5.0
9224,fruit/vegetable juice,8.0
9224,male cosmetics,7.0
9224,shopping bags,8.0
9226,chicken,8.0
9226,other vegetables,9.0
9226,rolls/buns,8.0
9226,margarine,8.0
9226,soda,5.0
9226,misc. beverages,8.0
9226,candy,7.0
9230,sausage,8.0
9230,meat,8.0
9230,chicken,8.0
9230,pork,8.0
9230,other vegetables,9.0
9230,sliced cheese,8.0
9230,brown bread,6.0
9230,newspapers,7.0
9230,shopping bags,8.0
9232,ham,8.0
9232,pork,8.0
9232,citrus fruit,9.0
9232,tropical fruit,9.0
9232,root vegetables,9.0
9232,other vegetables,9.0
9232,yogurt,8.0
9232,frozen fish,8.0
9232,fruit/vegetable juice,8.0
9232,long life bakery product,5.0
9232,female sanitary products,7.0
9233,tropical fruit,9.0
9233,butter milk,8.0
9233,UHT-milk,8.0
9233,condensed milk,8.0
9233,brown bread,6.0
9233,sugar,6.0
9233,coffee,8.0
9233,bottled water,7.0
9233,soda,5.0
9233,fruit/vegetable juice,8.0
9233,syrup,6.0
9233,bottled beer,7.0
9233,house keeping products,7.0
9233,shopping bags,8.0
9236,sausage,8.0
9236,ham,8.0
9236,pork,8.0
9236,beef,8.0
9236,hamburger meat,8.0
9236,tropical fruit,9.0
9236,pip fruit,9.0
9236,berries,9.0
9236,other vegetables,9.0
9236,curd,8.0
9236,dessert,6.0
9236,yogurt,8.0
9236,sliced cheese,8.0
9236,spread cheese,8.0
9236,semi-finished bread,8.0
9236,canned vegetables,8.0
9236,bottled water,7.0
9236,misc. beverages,8.0
9236,syrup,6.0
9236,waffles,6.0
9236,chocolate,7.0
9236,seasonal products,8.0
9240,bottled water,7.0
9240,soda,5.0
9240,bottled beer,7.0
9240,waffles,6.0
9240,chocolate,7.0
9240,dishes,8.0
9243,pastry,6.0
9243,chocolate,7.0
9243,specialty bar,8.0
9243,candy,7.0
9243,seasonal products,8.0
9244,citrus fruit,9.0
9244,tropical fruit,9.0
9244,pip fruit,9.0
9244,root vegetables,9.0
9244,rolls/buns,8.0
9245,chicken,8.0
9245,root vegetables,9.0
9245,other vegetables,9.0
9245,whole milk,8.0
9245,butter,8.0
9245,yogurt,8.0
9245,specialty cheese,8.0
9245,domestic eggs,8.0
9245,pastry,6.0
9245,rice,9.0
9245,canned fish,8.0
9245,misc. beverages,8.0
9245,detergent,6.0
9245,house keeping products,7.0
9246,sausage,8.0
9246,chicken,8.0
9246,other vegetables,9.0
9246,whole milk,8.0
9246,yogurt,8.0
9246,rolls/buns,8.0
9246,soda,5.0
9246,hygiene articles,7.0
9246,napkins,7.0
9246,shopping bags,8.0
9250,turkey,4.0
9250,tropical fruit,9.0
9250,grapes,8.0
9250,other vegetables,9.0
9250,whole milk,8.0
9250,curd,8.0
9250,yogurt,8.0
9250,processed cheese,8.0
9250,dog food,8.0
9250,pot plants,7.0
9252,other vegetables,9.0
9252,whole milk,8.0
9252,cream cheese ,8.0
9252,frozen meals,8.0
9252,rolls/buns,8.0
9252,brown bread,6.0
9252,bottled water,7.0
9252,newspapers,7.0
9272,whole milk,8.0
9272,curd,8.0
9272,cream cheese ,8.0
9272,cereals,8.0
9272,cat food,8.0
9272,coffee,8.0
9272,waffles,6.0
9273,ham,8.0
9273,pip fruit,9.0
9273,root vegetables,9.0
9273,other vegetables,9.0
9273,yogurt,8.0
9273,rolls/buns,8.0
9273,baking powder,6.0
9277,chicken,8.0
9277,tropical fruit,9.0
9277,pip fruit,9.0
9277,other vegetables,9.0
9277,packaged fruit/vegetables,9.0
9277,domestic eggs,8.0
9277,rolls/buns,8.0
9277,flour,6.0
9277,pasta,8.0
9277,dog food,8.0
9277,bottled water,7.0
9277,newspapers,7.0
9278,pork,8.0
9278,beef,8.0
9278,other vegetables,9.0
9278,whole milk,8.0
9278,pickled vegetables,8.0
9278,long life bakery product,5.0
9278,specialty chocolate,8.0
9279,coffee,8.0
9279,soda,5.0
9279,fruit/vegetable juice,8.0
9279,waffles,6.0
9279,seasonal products,8.0
9285,liver loaf,8.0
9285,root vegetables,9.0
9285,salty snack,8.0
9285,cake bar,6.0
9285,specialty chocolate,8.0
9286,citrus fruit,9.0
9286,root vegetables,9.0
9286,whole milk,8.0
9286,butter milk,8.0
9286,processed cheese,8.0
9286,frozen vegetables,8.0
9286,mustard,8.0
9286,fruit/vegetable juice,8.0
9286,napkins,7.0
9287,hamburger meat,8.0
9287,root vegetables,9.0
9287,whole milk,8.0
9287,pastry,6.0
9287,sweet spreads,8.0
9292,other vegetables,9.0
9292,rolls/buns,8.0
9292,sauces,8.0
9292,soda,5.0
9292,white wine,8.0
9292,newspapers,7.0
9298,sausage,8.0
9298,domestic eggs,8.0
9298,zwieback,7.0
9298,fruit/vegetable juice,8.0
9298,newspapers,7.0
9305,sausage,8.0
9305,chicken,8.0
9305,citrus fruit,9.0
9305,pip fruit,9.0
9305,yogurt,8.0
9305,condensed milk,8.0
9305,frozen vegetables,8.0
9305,domestic eggs,8.0
9305,rolls/buns,8.0
9305,pastry,6.0
9305,long life bakery product,5.0
9305,waffles,6.0
9305,newspapers,7.0
9310,pork,8.0
9310,root vegetables,9.0
9310,other vegetables,9.0
9310,whole milk,8.0
9310,cream cheese ,8.0
9310,oil,8.0
9310,chocolate,7.0
9310,napkins,7.0
9311,tropical fruit,9.0
9311,yogurt,8.0
9311,rolls/buns,8.0
9311,candy,7.0
9311,shopping bags,8.0
9319,pork,8.0
9319,beef,8.0
9319,tropical fruit,9.0
9319,other vegetables,9.0
9319,yogurt,8.0
9319,frozen vegetables,8.0
9329,chicken,8.0
9329,beef,8.0
9329,tropical fruit,9.0
9329,pip fruit,9.0
9329,root vegetables,9.0
9329,other vegetables,9.0
9329,whole milk,8.0
9329,domestic eggs,8.0
9329,pastry,6.0
9329,canned vegetables,8.0
9329,pickled vegetables,9.0
9329,coffee,8.0
9329,soda,5.0
9329,canned beer,9.0
9329,cookware,9.0
9332,sausage,9.0
9332,other vegetables,9.0
9332,whole milk,8.0
9332,hard cheese,8.0
9332,frozen meals,9.0
9332,ice cream,8.0
9332,brown bread,6.0
9332,pastry,6.0
9332,salty snack,9.0
9332,shopping bags,9.0
9333,citrus fruit,9.0
9333,tropical fruit,9.0
9333,pip fruit,9.0
9333,rolls/buns,8.0
9333,soda,5.0
9333,canned beer,9.0
9341,root vegetables,9.0
9341,yogurt,8.0
9341,whipped/sour cream,8.0
9341,UHT-milk,8.0
9341,domestic eggs,7.0
9341,rolls/buns,8.0
9341,pickled vegetables,9.0
9341,soda,5.0
9341,bottled beer,7.0
9342,other vegetables,9.0
9342,whole milk,8.0
9342,yogurt,8.0
9342,rolls/buns,8.0
9342,pastry,6.0
9342,margarine,9.0
9342,artif. sweetener,7.0
9342,baking powder,6.0
9342,soda,5.0
9342,candles,7.0
9342,newspapers,7.0
9346,hamburger meat,8.0
9346,yogurt,8.0
9346,margarine,9.0
9346,sauces,9.0
9346,canned vegetables,8.0
9346,soda,5.0
9347,frankfurter,7.0
9347,pip fruit,9.0
9347,other vegetables,9.0
9347,whole milk,8.0
9347,butter,8.0
9347,pastry,6.0
9347,soda,5.0
9347,long life bakery product,5.0
9348,root vegetables,9.0
9348,other vegetables,9.0
9348,butter,8.0
9348,hard cheese,8.0
9348,margarine,9.0
9348,mustard,9.0
9348,pickled vegetables,9.0
9355,frankfurter,7.0
9355,beef,9.0
9355,citrus fruit,9.0
9355,tropical fruit,9.0
9355,onions,9.0
9355,other vegetables,9.0
9355,whole milk,8.0
9355,yogurt,8.0
9355,whipped/sour cream,8.0
9355,fruit/vegetable juice,9.0
9356,frankfurter,7.0
9356,yogurt,8.0
9356,sliced cheese,8.0
9356,mayonnaise,8.0
9356,salty snack,8.0
9359,sausage,8.0
9359,dessert,6.0
9359,domestic eggs,8.0
9359,rolls/buns,8.0
9359,soda,5.0
9359,bottled beer,7.0
9359,red/blush wine,8.0
9359,salty snack,8.0
9359,napkins,7.0
9361,butter,8.0
9361,bottled water,7.0
9361,liquor,8.0
9361,specialty bar,8.0
9361,dishes,8.0
9361,shopping bags,8.0
9366,tropical fruit,9.0
9366,other vegetables,9.0
9366,butter,8.0
9366,hard cheese,8.0
9366,domestic eggs,8.0
9371,sausage,8.0
9371,other vegetables,9.0
9371,whole milk,8.0
9371,rolls/buns,8.0
9371,soups,5.0
9371,cake bar,6.0
9371,shopping bags,8.0
9375,sausage,8.0
9375,ham,8.0
9375,pork,8.0
9375,hamburger meat,8.0
9375,citrus fruit,9.0
9375,whole milk,8.0
9375,butter,8.0
9375,yogurt,8.0
9375,whipped/sour cream,8.0
9375,sliced cheese,8.0
9375,hard cheese,8.0
9375,cream cheese ,8.0
9375,frozen meals,8.0
9375,brown bread,6.0
9378,sausage,8.0
9378,frozen fish,8.0
9378,semi-finished bread,8.0
9378,salty snack,8.0
9378,popcorn,8.0
9378,napkins,7.0
9379,frankfurter,7.0
9379,sausage,8.0
9379,whole milk,8.0
9379,rolls/buns,8.0
9379,oil,8.0
9379,cocoa drinks,7.0
9379,kitchen towels,7.0
9384,whole milk,8.0
9384,butter,8.0
9384,domestic eggs,8.0
9384,bottled water,7.0
9384,salty snack,8.0
9387,root vegetables,9.0
9387,herbs,9.0
9387,dessert,6.0
9387,yogurt,8.0
9387,margarine,8.0
9387,soda,5.0
9391,pip fruit,9.0
9391,root vegetables,9.0
9391,packaged fruit/vegetables,9.0
9391,whole milk,8.0
9391,domestic eggs,8.0
9391,flour,6.0
9391,salt,8.0
9394,yogurt,8.0
9394,ice cream,8.0
9394,soda,5.0
9394,long life bakery product,5.0
9394,specialty chocolate,8.0
9394,napkins,7.0
9395,sausage,8.0
9395,dessert,6.0
9395,UHT-milk,8.0
9395,soda,5.0
9395,white wine,8.0
9396,yogurt,8.0
9396,UHT-milk,8.0
9396,frozen vegetables,8.0
9396,pastry,6.0
9396,potato products,9.0
9396,soda,5.0
9396,shopping bags,8.0
9399,pip fruit,9.0
9399,whole milk,8.0
9399,condensed milk,8.0
9399,canned fish,8.0
9399,misc. beverages,8.0
9399,fruit/vegetable juice,8.0
9399,candy,7.0
9402,sausage,8.0
9402,other vegetables,9.0
9402,cream cheese ,8.0
9402,soda,5.0
9402,canned beer,8.0
9402,white wine,8.0
9402,specialty chocolate,8.0
9403,sausage,8.0
9403,ham,8.0
9403,tropical fruit,9.0
9403,pip fruit,9.0
9403,other vegetables,9.0
9403,whole milk,8.0
9403,curd,8.0
9403,dessert,6.0
9403,condensed milk,8.0
9403,white bread,8.0
9403,fruit/vegetable juice,8.0
9404,sausage,8.0
9404,bottled water,7.0
9404,canned beer,8.0
9404,hygiene articles,7.0
9404,shopping bags,8.0
9406,pip fruit,9.0
9406,butter,8.0
9406,beverages,7.0
9406,sliced cheese,8.0
9406,ice cream,8.0
9406,rolls/buns,8.0
9406,bottled water,7.0
9412,ham,8.0
9412,other vegetables,9.0
9412,whole milk,8.0
9412,dessert,6.0
9412,yogurt,8.0
9412,pasta,8.0
9412,oil,8.0
9412,canned fish,8.0
9412,coffee,8.0
9412,soda,5.0
9412,shopping bags,8.0
9417,dessert,6.0
9417,yogurt,8.0
9417,frozen vegetables,8.0
9417,soda,5.0
9417,misc. beverages,8.0
9417,white wine,8.0
9417,prosecco,8.0
9417,long life bakery product,5.0
9417,waffles,6.0
9417,cleaner,4.0
9417,toilet cleaner,7.0
9417,dental care,8.0
9417,napkins,7.0
9417,newspapers,7.0
9419,frankfurter,7.0
9419,whipped/sour cream,8.0
9419,condensed milk,8.0
9419,frozen vegetables,8.0
9419,salty snack,8.0
9419,candy,7.0
9424,pork,9.0
9424,onions,9.0
9424,other vegetables,9.0
9424,salty snack,9.0
9424,flower (seeds),7.0
9429,pip fruit,9.0
9429,root vegetables,9.0
9429,other vegetables,9.0
9429,whole milk,8.0
9429,yogurt,8.0
9429,rolls/buns,8.0
9430,tropical fruit,9.0
9430,whole milk,8.0
9430,butter,8.0
9430,cream cheese ,8.0
9430,domestic eggs,9.0
9430,fruit/vegetable juice,9.0
9430,chocolate marshmallow,7.0
9435,citrus fruit,9.0
9435,tropical fruit,9.0
9435,pip fruit,9.0
9435,berries,9.0
9435,other vegetables,9.0
9435,whipped/sour cream,8.0
9435,soft cheese,8.0
9435,brown bread,6.0
9435,zwieback,7.0
9435,soups,5.0
9435,specialty vegetables,9.0
9435,coffee,8.0
9435,newspapers,7.0
9435,shopping bags,9.0
9438,pip fruit,9.0
9438,whole milk,8.0
9438,yogurt,8.0
9438,whipped/sour cream,8.0
9438,cream cheese ,8.0
9438,margarine,9.0
9440,citrus fruit,9.0
9440,root vegetables,9.0
9440,whole milk,8.0
9440,pastry,6.0
9440,cat food,9.0
9440,soda,5.0
9440,cake bar,6.0
9440,hygiene articles,7.0
9446,white bread,8.0
9446,pastry,6.0
9446,roll products ,8.0
9446,soda,5.0
9446,fruit/vegetable juice,9.0
9446,long life bakery product,5.0
9446,waffles,6.0
9446,shopping bags,5.0
9447,nuts/prunes,9.0
9447,whole milk,8.0
9447,hard cheese,8.0
9447,processed cheese,8.0
9447,newspapers,7.0
9452,citrus fruit,9.0
9452,grapes,8.0
9452,whole milk,8.0
9452,dessert,6.0
9452,yogurt,8.0
9452,brown bread,6.0
9452,pastry,6.0
9452,soda,5.0
9452,newspapers,7.0
9452,shopping bags,5.0
9453,sausage,5.0
9453,root vegetables,9.0
9453,other vegetables,9.0
9453,butter,8.0
9453,domestic eggs,5.0
9453,rolls/buns,8.0
9457,berries,9.0
9457,root vegetables,9.0
9457,hard cheese,8.0
9457,spread cheese,8.0
9457,bottled water,7.0
9457,soda,5.0
9457,bottled beer,7.0
9457,napkins,7.0
9458,citrus fruit,9.0
9458,grapes,8.0
9458,whole milk,8.0
9458,pastry,6.0
9458,canned fish,5.0
9458,chocolate,7.0
9458,specialty bar,8.0
9458,hygiene articles,7.0
9458,napkins,7.0
9458,shopping bags,5.0
9459,sausage,5.0
9459,citrus fruit,9.0
9459,tropical fruit,9.0
9459,other vegetables,9.0
9459,tidbits,8.0
9459,shopping bags,5.0
9460,citrus fruit,9.0
9460,other vegetables,9.0
9460,cream cheese ,8.0
9460,salty snack,5.0
9460,waffles,6.0
9460,chocolate,7.0
9460,specialty bar,8.0
9460,napkins,7.0
9461,root vegetables,9.0
9461,other vegetables,9.0
9461,frozen vegetables,5.0
9461,canned vegetables,8.0
9461,coffee,8.0
9464,citrus fruit,9.0
9464,other vegetables,9.0
9464,whole milk,8.0
9464,butter,8.0
9464,dental care,5.0
9466,frankfurter,7.0
9466,mayonnaise,8.0
9466,semi-finished bread,8.0
9466,canned beer,7.0
9466,sparkling wine,7.0
9466,chewing gum,7.0
9466,shopping bags,7.0
9470,frankfurter,7.0
9470,sausage,7.0
9470,pip fruit,9.0
9470,hard cheese,8.0
9470,bottled water,7.0
9470,seasonal products,8.0
9473,whole milk,8.0
9473,pastry,6.0
9473,oil,7.0
9473,popcorn,7.0
9473,snack products,8.0
9473,detergent,4.0
9473,shopping bags,7.0
9474,sausage,7.0
9474,other vegetables,9.0
9474,brown bread,6.0
9474,salt,7.0
9474,canned fish,7.0
9474,shopping bags,7.0
9476,citrus fruit,9.0
9476,tropical fruit,9.0
9476,pip fruit,9.0
9476,root vegetables,9.0
9476,other vegetables,9.0
9476,chocolate,7.0
9476,candy,7.0
9476,shopping bags,7.0
9477,pip fruit,9.0
9477,beverages,7.0
9477,bottled water,7.0
9477,soda,5.0
9477,fruit/vegetable juice,7.0
9477,cling film/bags,7.0
9477,shopping bags,7.0
9481,root vegetables,9.0
9481,onions,9.0
9481,other vegetables,9.0
9481,whole milk,8.0
9481,frozen vegetables,7.0
9481,frozen meals,7.0
9481,jam,7.0
9481,instant coffee,8.0
9481,bottled water,7.0
9481,misc. beverages,7.0
9481,skin care,7.0
9481,hygiene articles,7.0
9481,napkins,7.0
9486,root vegetables,9.0
9486,whole milk,8.0
9486,white bread,8.0
9486,soda,5.0
9486,waffles,6.0
9486,specialty bar,8.0
9486,hygiene articles,7.0
9491,sausage,7.0
9491,citrus fruit,9.0
9491,nuts/prunes,9.0
9491,white bread,8.0
9491,pastry,6.0
9500,citrus fruit,9.0
9500,tropical fruit,9.0
9500,pip fruit,9.0
9500,onions,9.0
9500,other vegetables,9.0
9500,beverages,7.0
9500,processed cheese,8.0
9510,sausage,7.0
9510,chicken,7.0
9510,onions,9.0
9510,other vegetables,9.0
9510,packaged fruit/vegetables,9.0
9510,butter,8.0
9510,yogurt,8.0
9510,beverages,7.0
9510,hard cheese,8.0
9510,frozen vegetables,7.0
9510,domestic eggs,7.0
9510,white bread,8.0
9510,bottled water,7.0
9510,soda,5.0
9510,fruit/vegetable juice,7.0
9510,bottled beer,7.0
9510,canned beer,7.0
9510,sparkling wine,7.0
9510,waffles,6.0
9510,chocolate,7.0
9510,candy,7.0
9510,cleaner,4.0
9510,dental care,7.0
9511,whole milk,8.0
9511,tidbits,8.0
9511,rolls/buns,8.0
9511,bottled beer,7.0
9511,napkins,7.0
9514,meat,7.0
9514,citrus fruit,9.0
9514,tropical fruit,9.0
9514,berries,9.0
9514,curd,8.0
9514,whipped/sour cream,8.0
9514,white bread,8.0
9514,bottled water,7.0
9514,long life bakery product,5.0
9514,chocolate marshmallow,7.0
9514,candy,7.0
9514,dish cleaner,7.0
9516,UHT-milk,8.0
9516,frozen meals,7.0
9516,brown bread,6.0
9516,fruit/vegetable juice,7.0
9516,shopping bags,7.0
9517,tropical fruit,9.0
9517,frozen vegetables,7.0
9517,rolls/buns,8.0
9517,semi-finished bread,8.0
9517,bottled beer,7.0
9517,waffles,6.0
9520,frankfurter,7.0
9520,ham,8.0
9520,tropical fruit,9.0
9520,pip fruit,9.0
9520,other vegetables,9.0
9520,frozen vegetables,7.0
9520,domestic eggs,7.0
9520,zwieback,7.0
9520,margarine,7.0
9520,soda,5.0
9521,tropical fruit,9.0
9521,berries,9.0
9521,yogurt,8.0
9521,brown bread,6.0
9521,hygiene articles,7.0
9523,sausage,7.0
9523,whole milk,8.0
9523,dessert,6.0
9523,pastry,6.0
9523,soda,5.0
9524,frankfurter,7.0
9524,pork,7.0
9524,pip fruit,9.0
9524,other vegetables,9.0
9524,hard cheese,8.0
9524,frozen meals,7.0
9524,frozen dessert,7.0
9524,pastry,6.0
9524,semi-finished bread,8.0
9524,sugar,6.0
9524,soda,5.0
9524,salty snack,7.0
9524,specialty chocolate,8.0
9524,specialty bar,8.0
9524,candy,7.0
9524,seasonal products,8.0
9525,sausage,7.0
9525,tropical fruit,9.0
9525,yogurt,8.0
9525,canned beer,7.0
9525,long life bakery product,5.0
9527,hamburger meat,8.0
9527,tropical fruit,9.0
9527,herbs,9.0
9527,other vegetables,9.0
9527,whole milk,8.0
9527,curd,8.0
9527,ice cream,8.0
9527,Instant food products,7.0
9527,newspapers,7.0
9527,shopping bags,7.0
9529,hamburger meat,8.0
9529,whole milk,8.0
9529,cream cheese ,8.0
9529,pastry,6.0
9529,misc. beverages,7.0
9529,fruit/vegetable juice,7.0
9529,white wine,8.0
9533,tropical fruit,9.0
9533,rolls/buns,8.0
9533,salt,7.0
9533,fruit/vegetable juice,7.0
9533,bottled beer,7.0
9533,napkins,7.0
9534,whole milk,8.0
9534,condensed milk,8.0
9534,ice cream,8.0
9534,coffee,8.0
9534,napkins,7.0
9534,kitchen towels,7.0
9534,shopping bags,7.0
9535,frankfurter,7.0
9535,nuts/prunes,9.0
9535,frozen meals,7.0
9535,rolls/buns,8.0
9535,chocolate,7.0
9544,whole milk,8.0
9544,whipped/sour cream,8.0
9544,sweet spreads,8.0
9544,waffles,6.0
9544,chewing gum,7.0
9546,tropical fruit,9.0
9546,yogurt,8.0
9546,rolls/buns,8.0
9546,pastry,6.0
9546,coffee,8.0
9546,bottled water,7.0
9546,newspapers,7.0
9547,root vegetables,9.0
9547,whole milk,8.0
9547,frozen meals,7.0
9547,domestic eggs,7.0
9547,white bread,8.0
9547,white wine,8.0
9553,pork,7.0
9553,curd,8.0
9553,dessert,6.0
9553,whipped/sour cream,8.0
9553,flour,6.0
9553,bottled water,7.0
9554,sausage,7.0
9554,tropical fruit,9.0
9554,yogurt,8.0
9554,frozen meals,7.0
9554,ice cream,8.0
9554,brown bread,6.0
9557,sausage,7.0
9557,frozen vegetables,7.0
9557,domestic eggs,7.0
9557,bottled water,7.0
9557,bottled beer,7.0
9560,spread cheese,8.0
9560,rolls/buns,8.0
9560,white bread,8.0
9560,pet care,7.0
9560,fruit/vegetable juice,7.0
9560,newspapers,7.0
9563,chicken,7.0
9563,root vegetables,9.0
9563,whole milk,8.0
9563,rice,9.0
9563,oil,7.0
9565,citrus fruit,9.0
9565,whole milk,8.0
9565,yogurt,8.0
9565,spread cheese,8.0
9565,brown bread,6.0
9565,bottled beer,7.0
9565,white wine,8.0
9565,long life bakery product,5.0
9565,flower (seeds),7.0
9573,frankfurter,7.0
9573,beef,7.0
9573,tropical fruit,9.0
9573,grapes,8.0
9573,onions,9.0
9573,other vegetables,9.0
9573,whole milk,8.0
9573,whipped/sour cream,8.0
9573,cream cheese ,8.0
9573,semi-finished bread,8.0
9573,vinegar,7.0
9574,finished products,7.0
9574,chicken,7.0
9574,root vegetables,9.0
9574,whole milk,8.0
9574,butter milk,8.0
9574,brown bread,6.0
9574,fruit/vegetable juice,7.0
9575,sausage,7.0
9575,pip fruit,9.0
9575,root vegetables,9.0
9575,cream cheese ,8.0
9575,specialty cheese,8.0
9575,white bread,8.0
9575,brown bread,6.0
9575,salt,7.0
9575,margarine,7.0
9575,canned fish,7.0
9575,bottled water,7.0
9575,soda,5.0
9575,waffles,6.0
9575,shopping bags,7.0
9576,sausage,7.0
9576,hamburger meat,8.0
9576,other vegetables,9.0
9576,rolls/buns,8.0
9576,pasta,8.0
9576,Instant food products,7.0
9576,shopping bags,7.0
9578,root vegetables,9.0
9578,whole milk,8.0
9578,spread cheese,8.0
9578,rolls/buns,8.0
9578,coffee,8.0
9578,newspapers,7.0
9585,sausage,7.0
9585,ham,8.0
9585,beef,7.0
9585,root vegetables,9.0
9585,UHT-milk,8.0
9585,pet care,7.0
9585,soda,5.0
9588,frankfurter,7.0
9588,ham,8.0
9588,tropical fruit,9.0
9588,other vegetables,9.0
9588,whole milk,8.0
9588,processed cheese,8.0
9588,white bread,8.0
9588,potato products,9.0
9588,fruit/vegetable juice,7.0
9588,decalcifier,7.0
9588,shopping bags,7.0
9590,pork,7.0
9590,root vegetables,9.0
9590,processed cheese,8.0
9590,curd cheese,4.0
9590,margarine,7.0
9594,beef,7.0
9594,hamburger meat,8.0
9594,citrus fruit,9.0
9594,tropical fruit,9.0
9594,root vegetables,9.0
9594,onions,9.0
9594,other vegetables,9.0
9594,whole milk,8.0
9594,curd,8.0
9594,whipped/sour cream,8.0
9594,flour,6.0
9594,pudding powder,8.0
9595,beef,7.0
9595,grapes,8.0
9595,herbs,9.0
9595,other vegetables,9.0
9595,whole milk,8.0
9595,curd,8.0
9595,whipped/sour cream,8.0
9595,frozen vegetables,7.0
9595,ice cream,8.0
9595,oil,7.0
9595,coffee,8.0
9595,fruit/vegetable juice,7.0
9595,chewing gum,7.0
9595,specialty chocolate,8.0
9595,cleaner,4.0
9595,kitchen towels,7.0
9596,sausage,7.0
9596,meat,7.0
9596,whole milk,8.0
9596,cream cheese ,8.0
9596,soda,5.0
9596,cake bar,6.0
9596,seasonal products,8.0
9602,ham,8.0
9602,sliced cheese,8.0
9602,white bread,8.0
9602,canned vegetables,8.0
9602,misc. beverages,7.0
9602,shopping bags,7.0
9605,pork,7.0
9605,pip fruit,9.0
9605,other vegetables,9.0
9605,butter milk,8.0
9605,white bread,8.0
9605,pastry,6.0
9605,soda,5.0
9605,fruit/vegetable juice,7.0
9608,frankfurter,7.0
9608,pork,7.0
9608,citrus fruit,9.0
9608,whole milk,8.0
9608,whipped/sour cream,8.0
9608,rolls/buns,8.0
9608,oil,7.0
9608,sugar,6.0
9608,soups,5.0
9608,bottled water,7.0
9608,bottled beer,7.0
9609,chicken,7.0
9609,citrus fruit,9.0
9609,onions,9.0
9609,other vegetables,9.0
9609,yogurt,8.0
9609,pet care,7.0
9609,pot plants,7.0
9612,root vegetables,9.0
9612,whole milk,8.0
9612,curd,8.0
9612,rolls/buns,8.0
9612,pastry,6.0
9612,pasta,8.0
9612,napkins,7.0
9615,pork,7.0
9615,whole milk,8.0
9615,frozen meals,7.0
9615,rolls/buns,8.0
9615,pastry,6.0
9615,waffles,6.0
9615,chocolate,7.0
9615,shopping bags,7.0
9617,beef,7.0
9617,other vegetables,9.0
9617,whole milk,8.0
9617,yogurt,8.0
9617,brown bread,6.0
9617,liquor,7.0
9617,newspapers,7.0
9619,pork,8.0
9619,whole milk,8.0
9619,yogurt,8.0
9619,tidbits,8.0
9619,rolls/buns,8.0
9619,pickled vegetables,9.0
9623,ham,8.0
9623,chicken,9.0
9623,pork,9.0
9623,root vegetables,9.0
9623,whole milk,8.0
9623,whipped/sour cream,8.0
9623,rolls/buns,8.0
9623,sugar,6.0
9623,soda,5.0
9623,waffles,6.0
9623,chocolate,7.0
9623,specialty chocolate,8.0
9623,chocolate marshmallow,7.0
9623,napkins,7.0
9625,finished products,7.0
9625,other vegetables,9.0
9625,butter,8.0
9625,cream cheese ,8.0
9625,processed cheese,8.0
9625,domestic eggs,9.0
9625,rolls/buns,8.0
9625,pastry,6.0
9625,long life bakery product,5.0
9625,candy,7.0
9629,sausage,8.0
9629,butter,8.0
9629,pastry,6.0
9629,vinegar,7.0
9629,margarine,8.0
9636,other vegetables,9.0
9636,yogurt,8.0
9636,whipped/sour cream,8.0
9636,frozen vegetables,8.0
9636,rice,9.0
9636,soda,5.0
9636,chocolate,7.0
9636,cling film/bags,8.0
9636,flower (seeds),7.0
9637,other vegetables,9.0
9637,packaged fruit/vegetables,9.0
9637,yogurt,8.0
9637,whipped/sour cream,8.0
9637,beverages,7.0
9638,whole milk,8.0
9638,instant coffee,8.0
9638,misc. beverages,8.0
9638,fruit/vegetable juice,9.0
9638,chewing gum,7.0
9638,shopping bags,7.0
9640,tropical fruit,9.0
9640,whole milk,8.0
9640,curd,8.0
9640,dessert,6.0
9640,pasta,8.0
9640,cat food,7.0
9640,fruit/vegetable juice,9.0
9640,waffles,6.0
9642,sausage,8.0
9642,chicken,8.0
9642,pip fruit,9.0
9642,spread cheese,8.0
9642,rolls/buns,8.0
9642,sugar,6.0
9646,citrus fruit,9.0
9646,whole milk,8.0
9646,fruit/vegetable juice,9.0
9646,white wine,8.0
9646,chocolate,7.0
9651,yogurt,8.0
9651,frozen meals,7.0
9651,coffee,8.0
9651,bottled water,7.0
9651,shopping bags,7.0
9654,citrus fruit,9.0
9654,other vegetables,9.0
9654,whole milk,8.0
9654,yogurt,8.0
9654,UHT-milk,8.0
9654,white bread,8.0
9654,salt,7.0
9654,Instant food products,7.0
9654,bottled water,7.0
9654,newspapers,7.0
9657,beef,7.0
9657,tropical fruit,9.0
9657,other vegetables,9.0
9657,whole milk,8.0
9657,cream cheese ,8.0
9657,rolls/buns,8.0
9657,mustard,7.0
9657,bottled water,7.0
9657,red/blush wine,8.0
9657,dishes,7.0
9659,frankfurter,7.0
9659,tropical fruit,9.0
9659,whole milk,8.0
9659,brown bread,6.0
9659,mustard,7.0
9659,baking powder,6.0
9659,meat spreads,7.0
9659,fruit/vegetable juice,7.0
9659,shopping bags,6.0
9661,frankfurter,7.0
9661,sausage,6.0
9661,meat,6.0
9661,hamburger meat,8.0
9661,other vegetables,9.0
9661,whole milk,8.0
9661,butter,8.0
9661,rolls/buns,8.0
9661,coffee,8.0
9661,bottled water,7.0
9662,hamburger meat,8.0
9662,root vegetables,9.0
9662,other vegetables,9.0
9662,rolls/buns,8.0
9662,roll products ,8.0
9662,pet care,6.0
9662,newspapers,7.0
9663,other vegetables,9.0
9663,domestic eggs,6.0
9663,brown bread,6.0
9663,soda,5.0
9663,liquor,6.0
9663,shopping bags,6.0
9674,other vegetables,9.0
9674,whole milk,8.0
9674,curd,8.0
9674,waffles,6.0
9674,specialty bar,8.0
9674,detergent,4.0
9674,napkins,7.0
9675,whole milk,8.0
9675,butter,8.0
9675,curd,8.0
9675,processed cheese,8.0
9675,rolls/buns,8.0
9675,brown bread,6.0
9675,misc. beverages,6.0
9675,long life bakery product,5.0
9676,ham,8.0
9676,tropical fruit,9.0
9676,whole milk,8.0
9676,dessert,6.0
9676,butter milk,8.0
9676,brown bread,6.0
9676,pastry,6.0
9676,oil,6.0
9676,cake bar,6.0
9676,chocolate,7.0
9677,tropical fruit,9.0
9677,dessert,6.0
9677,tidbits,8.0
9677,pastry,6.0
9677,waffles,6.0
9677,cleaner,4.0
9678,sausage,6.0
9678,ham,8.0
9678,pip fruit,9.0
9678,whole milk,8.0
9678,curd,8.0
9678,butter milk,8.0
9678,yogurt,8.0
9678,sliced cheese,8.0
9681,domestic eggs,6.0
9681,brown bread,6.0
9681,flour,6.0
9681,oil,6.0
9681,cat food,6.0
9681,coffee,8.0
9681,soda,5.0
9681,candy,7.0
9681,hygiene articles,7.0
9681,kitchen towels,7.0
9683,sausage,6.0
9683,root vegetables,9.0
9683,dessert,6.0
9683,pastry,6.0
9683,flour,6.0
9683,sugar,6.0
9683,soda,5.0
9683,cake bar,6.0
9684,tropical fruit,9.0
9684,berries,9.0
9684,onions,9.0
9684,butter,8.0
9684,yogurt,8.0
9684,coffee,8.0
9684,soda,5.0
9684,fruit/vegetable juice,9.0
9684,specialty bar,8.0
9692,frankfurter,7.0
9692,yogurt,8.0
9692,UHT-milk,8.0
9692,pastry,6.0
9692,potato products,9.0
9692,vinegar,7.0
9692,artif. sweetener,7.0
9692,cat food,7.0
9692,coffee,8.0
9692,bottled water,7.0
9702,onions,9.0
9702,packaged fruit/vegetables,9.0
9702,whole milk,8.0
9702,sliced cheese,8.0
9702,domestic eggs,7.0
9702,brown bread,6.0
9702,ketchup,7.0
9702,meat spreads,7.0
9702,newspapers,7.0
9702,flower (seeds),7.0
9715,ham,8.0
9715,whole milk,8.0
9715,butter,8.0
9715,curd,8.0
9715,dessert,6.0
9715,butter milk,8.0
9715,yogurt,8.0
9715,soft cheese,8.0
9715,brown bread,6.0
9715,pastry,6.0
9715,fruit/vegetable juice,9.0
9715,chocolate,7.0
9715,shopping bags,8.0
9718,pip fruit,9.0
9718,other vegetables,9.0
9718,yogurt,8.0
9718,frozen meals,8.0
9718,pastry,6.0
9718,waffles,6.0
9718,specialty bar,8.0
9723,UHT-milk,8.0
9723,coffee,8.0
9723,canned beer,8.0
9723,specialty chocolate,8.0
9723,candy,7.0
9724,root vegetables,9.0
9724,herbs,9.0
9724,other vegetables,9.0
9724,napkins,7.0
9724,flower (seeds),7.0
9726,sausage,8.0
9726,root vegetables,9.0
9726,other vegetables,9.0
9726,whole milk,8.0
9726,yogurt,8.0
9726,beverages,7.0
9726,brown bread,6.0
9726,fruit/vegetable juice,9.0
9727,tropical fruit,9.0
9727,whole milk,8.0
9727,butter,8.0
9727,bottled water,7.0
9727,hygiene articles,7.0
9727,napkins,7.0
9730,ham,8.0
9730,chicken,4.0
9730,other vegetables,9.0
9730,whole milk,8.0
9730,frozen vegetables,4.0
9730,specialty chocolate,8.0
9731,root vegetables,9.0
9731,rolls/buns,8.0
9731,white bread,8.0
9731,pastry,6.0
9731,oil,4.0
9731,Instant food products,7.0
9731,napkins,7.0
9733,pork,4.0
9733,hamburger meat,8.0
9733,tropical fruit,9.0
9733,whole milk,8.0
9733,margarine,4.0
9733,canned vegetables,8.0
9733,shopping bags,4.0
9735,citrus fruit,9.0
9735,pip fruit,9.0
9735,root vegetables,9.0
9735,whole milk,8.0
9735,butter,8.0
9735,whipped/sour cream,8.0
9735,salt,4.0
9735,tea,8.0
9735,bottled water,7.0
9735,chocolate,7.0
9741,pip fruit,9.0
9741,whole milk,8.0
9741,yogurt,8.0
9741,soft cheese,8.0
9741,sliced cheese,8.0
9741,cream cheese ,8.0
9741,margarine,7.0
9741,bottled water,7.0
9741,fruit/vegetable juice,9.0
9741,rum,6.0
9741,cling film/bags,6.0
9745,frankfurter,7.0
9745,citrus fruit,9.0
9745,other vegetables,9.0
9745,whole milk,8.0
9745,condensed milk,8.0
9745,rolls/buns,8.0
9745,white bread,8.0
9745,coffee,8.0
9745,fruit/vegetable juice,9.0
9745,bottled beer,7.0
9745,brandy,7.0
9752,root vegetables,9.0
9752,herbs,9.0
9752,yogurt,8.0
9752,whipped/sour cream,8.0
9752,UHT-milk,8.0
9752,frozen vegetables,8.0
9752,long life bakery product,5.0
9753,hamburger meat,8.0
9753,onions,9.0
9753,whole milk,8.0
9753,rolls/buns,8.0
9753,pasta,8.0
9754,tropical fruit,9.0
9754,whole milk,8.0
9754,whipped/sour cream,8.0
9754,sliced cheese,8.0
9754,domestic eggs,8.0
9754,rolls/buns,8.0
9754,margarine,8.0
9754,bottled water,7.0
9754,fruit/vegetable juice,9.0
9761,beef,9.0
9761,whole milk,8.0
9761,rolls/buns,8.0
9761,canned vegetables,8.0
9761,fruit/vegetable juice,9.0
9761,waffles,6.0
9761,chocolate,7.0
9761,newspapers,7.0
9767,hamburger meat,8.0
9767,other vegetables,9.0
9767,yogurt,8.0
9767,brown bread,6.0
9767,pastry,6.0
9767,cat food,8.0
9767,abrasive cleaner,7.0
9767,dishes,8.0
9768,frankfurter,7.0
9768,tropical fruit,9.0
9768,other vegetables,9.0
9768,whole milk,8.0
9768,soft cheese,8.0
9768,curd cheese,4.0
9768,cat food,8.0
9768,hygiene articles,7.0
9768,shopping bags,8.0
9769,tropical fruit,9.0
9769,pip fruit,9.0
9769,root vegetables,9.0
9769,yogurt,8.0
9769,whipped/sour cream,8.0
9769,cream cheese ,8.0
9769,bottled water,7.0
9769,dental care,8.0
9769,newspapers,7.0
9773,pastry,6.0
9773,coffee,8.0
9773,liquor (appetizer),8.0
9773,red/blush wine,8.0
9773,shopping bags,8.0
9774,citrus fruit,9.0
9774,pip fruit,9.0
9774,other vegetables,9.0
9774,UHT-milk,8.0
9774,salty snack,8.0
9777,root vegetables,9.0
9777,other vegetables,9.0
9777,butter milk,8.0
9777,rolls/buns,8.0
9777,salt,8.0
9778,pork,8.0
9778,beef,8.0
9778,whole milk,8.0
9778,yogurt,8.0
9778,sliced cheese,8.0
9778,oil,8.0
9779,tropical fruit,9.0
9779,whole milk,8.0
9779,yogurt,8.0
9779,rolls/buns,8.0
9779,pastry,6.0
9779,waffles,6.0
9780,sausage,8.0
9780,tropical fruit,9.0
9780,butter,8.0
9780,yogurt,8.0
9780,rolls/buns,8.0
9780,pastry,6.0
9780,instant coffee,8.0
9780,bottled water,7.0
9780,soda,5.0
9780,newspapers,7.0
9781,meat,8.0
9781,whole milk,8.0
9781,butter,8.0
9781,hard cheese,8.0
9781,rolls/buns,8.0
9782,sausage,8.0
9782,whole milk,8.0
9782,whipped/sour cream,8.0
9782,sliced cheese,8.0
9782,coffee,8.0
9783,curd,8.0
9783,frozen meals,8.0
9783,pastry,6.0
9783,long life bakery product,5.0
9783,waffles,6.0
9783,napkins,7.0
9785,sausage,8.0
9785,ham,8.0
9785,whole milk,8.0
9785,coffee,8.0
9785,soda,5.0
9785,red/blush wine,8.0
9786,sausage,8.0
9786,onions,9.0
9786,spread cheese,8.0
9786,bottled water,7.0
9786,canned beer,8.0
9789,frankfurter,7.0
9789,beef,8.0
9789,herbs,9.0
9789,whole milk,8.0
9789,rolls/buns,8.0
9792,chicken,8.0
9792,berries,9.0
9792,root vegetables,9.0
9792,other vegetables,9.0
9792,whole milk,8.0
9792,butter,8.0
9792,curd,8.0
9792,condensed milk,8.0
9792,rolls/buns,8.0
9792,white bread,8.0
9792,brown bread,6.0
9792,oil,8.0
9792,baking powder,6.0
9792,salty snack,8.0
9792,long life bakery product,5.0
9793,pork,8.0
9793,hamburger meat,8.0
9793,pip fruit,9.0
9793,root vegetables,9.0
9793,onions,9.0
9793,other vegetables,9.0
9793,whole milk,8.0
9793,dessert,6.0
9793,whipped/sour cream,8.0
9793,soft cheese,8.0
9793,hard cheese,8.0
9793,domestic eggs,8.0
9793,salt,8.0
9793,pasta,8.0
9793,cat food,8.0
9793,fruit/vegetable juice,9.0
9793,kitchen towels,7.0
9794,frankfurter,7.0
9794,sausage,4.0
9794,butter milk,8.0
9794,rolls/buns,8.0
9794,margarine,4.0
9795,pip fruit,9.0
9795,whole milk,8.0
9795,pastry,6.0
9795,hygiene articles,7.0
9795,napkins,7.0
9797,ham,8.0
9797,hamburger meat,8.0
9797,pip fruit,9.0
9797,butter,8.0
9797,butter milk,8.0
9797,yogurt,8.0
9797,frozen meals,4.0
9797,rolls/buns,8.0
9797,semi-finished bread,8.0
9797,pasta,8.0
9797,sweet spreads,8.0
9797,waffles,6.0
9797,softener,8.0
9797,shopping bags,4.0
9799,margarine,4.0
9799,sugar,6.0
9799,bottled water,7.0
9799,fruit/vegetable juice,9.0
9799,newspapers,7.0
9800,pork,7.0
9800,other vegetables,9.0
9800,chewing gum,7.0
9800,napkins,7.0
9800,dishes,7.0
9801,ham,8.0
9801,other vegetables,9.0
9801,whole milk,8.0
9801,whipped/sour cream,8.0
9801,brown bread,6.0
9801,oil,7.0
9801,sugar,6.0
9801,hygiene articles,7.0
9802,berries,9.0
9802,curd,8.0
9802,yogurt,8.0
9802,whipped/sour cream,8.0
9802,rolls/buns,8.0
9802,soda,5.0
9802,female sanitary products,7.0
9803,tropical fruit,9.0
9803,whole milk,8.0
9803,curd,8.0
9803,yogurt,8.0
9803,sliced cheese,8.0
9803,mayonnaise,8.0
9803,frozen meals,2.0
9803,pastry,6.0
9803,soda,5.0
9804,tropical fruit,9.0
9804,nuts/prunes,9.0
9804,other vegetables,9.0
9804,whole milk,8.0
9804,dessert,6.0
9804,sliced cheese,8.0
9804,soda,5.0
9804,bottled beer,7.0
9804,napkins,7.0
9806,dessert,6.0
9806,white bread,8.0
9806,margarine,2.0
9806,sugar,6.0
9806,chocolate,7.0
9810,beef,2.0
9810,root vegetables,9.0
9810,other vegetables,9.0
9810,frozen vegetables,2.0
9810,frozen dessert,2.0
9810,domestic eggs,0.0
9812,citrus fruit,9.0
9812,berries,9.0
9812,other vegetables,9.0
9812,whole milk,8.0
9812,frozen meals,0.0
9812,newspapers,7.0
9813,tropical fruit,9.0
9813,pip fruit,9.0
9813,rolls/buns,8.0
9813,pastry,6.0
9813,bottled water,7.0
9813,fruit/vegetable juice,9.0
9813,newspapers,7.0
9818,sausage,3.0
9818,other vegetables,9.0
9818,whole milk,8.0
9818,dessert,6.0
9818,butter milk,8.0
9818,yogurt,8.0
9818,whipped/sour cream,8.0
9818,brown bread,6.0
9818,bottled water,7.0
9818,soda,5.0
9818,long life bakery product,5.0
9818,cake bar,6.0
9820,whole milk,8.0
9820,curd,8.0
9820,yogurt,8.0
9820,whipped/sour cream,8.0
9820,rolls/buns,8.0
9820,coffee,8.0
9820,bottled water,7.0
9820,waffles,6.0
9820,newspapers,7.0
9821,beef,3.0
9821,citrus fruit,9.0
9821,cream cheese ,8.0
9821,frozen fish,3.0
9821,flour,6.0
9821,margarine,3.0
9821,sugar,6.0
9821,baking powder,6.0
9821,salty snack,3.0
9821,chewing gum,7.0
9822,pip fruit,9.0
9822,grapes,8.0
9822,berries,9.0
9822,other vegetables,9.0
9822,whole milk,8.0
9822,UHT-milk,8.0
9822,rolls/buns,8.0
9822,zwieback,7.0
9822,bottled water,7.0
9822,soda,5.0
9822,red/blush wine,8.0
9822,specialty bar,8.0
9826,chicken,3.0
9826,hamburger meat,8.0
9826,citrus fruit,9.0
9826,root vegetables,9.0
9826,other vegetables,9.0
9826,cream cheese ,8.0
9826,curd cheese,4.0
9826,domestic eggs,3.0
9826,cat food,3.0
9826,long life bakery product,5.0
9827,citrus fruit,9.0
9827,herbs,9.0
9827,other vegetables,9.0
9827,dessert,6.0
9827,sugar,6.0
9827,shopping bags,3.0
9828,frankfurter,7.0
9828,tropical fruit,9.0
9828,other vegetables,9.0
9828,whole milk,8.0
9828,frozen meals,3.0
9828,rolls/buns,8.0
9828,detergent,4.0
9828,napkins,7.0
9828,newspapers,7.0
9829,sausage,3.0
9829,butter,8.0
9829,rolls/buns,8.0
9829,pickled vegetables,9.0
9829,soda,5.0
9829,fruit/vegetable juice,9.0
9829,waffles,6.0
9830,tropical fruit,9.0
9830,other vegetables,9.0
9830,domestic eggs,7.0
9830,zwieback,7.0
9830,ketchup,7.0
9830,soda,5.0
9830,dishes,7.0
9831,sausage,7.0
9831,chicken,7.0
9831,beef,7.0
9831,hamburger meat,8.0
9831,citrus fruit,9.0
9831,grapes,8.0
9831,root vegetables,9.0
9831,whole milk,8.0
9831,butter,8.0
9831,whipped/sour cream,8.0
9831,flour,6.0
9831,coffee,8.0
9831,red/blush wine,8.0
9831,salty snack,7.0
9831,chocolate,7.0
9831,hygiene articles,7.0
9831,napkins,7.0
9833,chicken,7.0
9833,citrus fruit,9.0
9833,other vegetables,9.0
9833,butter,8.0
9833,yogurt,8.0
9833,frozen dessert,7.0
9833,domestic eggs,7.0
9833,rolls/buns,8.0
9833,rum,7.0
9833,cling film/bags,7.0
9835,chicken,7.0
9835,tropical fruit,9.0
9835,other vegetables,9.0
9835,vinegar,6.0
9835,shopping bags,7.0
